@000000
f4 f4 f4 f4 f4 f4 f4 f4 f4 f4 f4 f4 f4 f4 f4 f4
fb fb fb fb fb fb fb fb fb fb fb fb fb fb fb fb
02 02 02 02 02 02 02 02 02 02 02 02 02 02 02 02
09 09 09 09 09 09 09 09 09 09 09 09 09 09 09 09
f1 f1 f1 f1 f1 f1 f1 f1 f1 f1 f1 f1 f1 f1 f1 f1
f8 f8 f8 f8 f8 f8 f8 f8 f8 f8 f8 f8 f8 f8 f8 f8
ff ff ff ff ff ff ff ff ff ff ff ff ff ff ff ff
06 06 06 06 06 06 06 06 06 06 06 06 06 06 06 06
0d 0d 0d 0d 0d 0d 0d 0d 0d 0d 0d 0d 0d 0d 0d 0d
f5 f5 f5 f5 f5 f5 f5 f5 f5 f5 f5 f5 f5 f5 f5 f5
fc fc fc fc fc fc fc fc fc fc fc fc fc fc fc fc
03 03 03 03 03 03 03 03 03 03 03 03 03 03 03 03
0a 0a 0a 0a 0a 0a 0a 0a 0a 0a 0a 0a 0a 0a 0a 0a
f2 f2 f2 f2 f2 f2 f2 f2 f2 f2 f2 f2 f2 f2 f2 f2
f9 f9 f9 f9 f9 f9 f9 f9 f9 f9 f9 f9 f9 f9 f9 f9
00 00 00 00 00 00 00 00 00 00 00 00 00 00 00 00
07 07 07 07 07 07 07 07 07 07 07 07 07 07 07 07
0e 0e 0e 0e 0e 0e 0e 0e 0e 0e 0e 0e 0e 0e 0e 0e
f6 f6 f6 f6 f6 f6 f6 f6 f6 f6 f6 f6 f6 f6 f6 f6
fd fd fd fd fd fd fd fd fd fd fd fd fd fd fd fd
04 04 04 04 04 04 04 04 04 04 04 04 04 04 04 04
0b 0b 0b 0b 0b 0b 0b 0b 0b 0b 0b 0b 0b 0b 0b 0b
f3 f3 f3 f3 f3 f3 f3 f3 f3 f3 f3 f3 f3 f3 f3 f3
fa fa fa fa fa fa fa fa fa fa fa fa fa fa fa fa
01 01 01 01 01 01 01 01 01 01 01 01 01 01 01 01
08 08 08 08 08 08 08 08 08 08 08 08 08 08 08 08
0f 0f 0f 0f 0f 0f 0f 0f 0f 0f 0f 0f 0f 0f 0f 0f
f7 f7 f7 f7 f7 f7 f7 f7 f7 f7 f7 f7 f7 f7 f7 f7
fe fe fe fe fe fe fe fe fe fe fe fe fe fe fe fe
05 05 05 05 05 05 05 05 05 05 05 05 05 05 05 05
0c 0c 0c 0c 0c 0c 0c 0c 0c 0c 0c 0c 0c 0c 0c 0c
f4 f4 f4 f4 f4 f4 f4 f4 f4 f4 f4 f4 f4 f4 f4 f4
fb fb fb fb fb fb fb fb fb fb fb fb fb fb fb fb
02 02 02 02 02 02 02 02 02 02 02 02 02 02 02 02
09 09 09 09 09 09 09 09 09 09 09 09 09 09 09 09
f1 f1 f1 f1 f1 f1 f1 f1 f1 f1 f1 f1 f1 f1 f1 f1
f8 f8 f8 f8 f8 f8 f8 f8 f8 f8 f8 f8 f8 f8 f8 f8
ff ff ff ff ff ff ff ff ff ff ff ff ff ff ff ff
06 06 06 06 06 06 06 06 06 06 06 06 06 06 06 06
0d 0d 0d 0d 0d 0d 0d 0d 0d 0d 0d 0d 0d 0d 0d 0d
f5 f5 f5 f5 f5 f5 f5 f5 f5 f5 f5 f5 f5 f5 f5 f5
fc fc fc fc fc fc fc fc fc fc fc fc fc fc fc fc
03 03 03 03 03 03 03 03 03 03 03 03 03 03 03 03
0a 0a 0a 0a 0a 0a 0a 0a 0a 0a 0a 0a 0a 0a 0a 0a
f2 f2 f2 f2 f2 f2 f2 f2 f2 f2 f2 f2 f2 f2 f2 f2
f9 f9 f9 f9 f9 f9 f9 f9 f9 f9 f9 f9 f9 f9 f9 f9
00 00 00 00 00 00 00 00 00 00 00 00 00 00 00 00
07 07 07 07 07 07 07 07 07 07 07 07 07 07 07 07
0e 0e 0e 0e 0e 0e 0e 0e 0e 0e 0e 0e 0e 0e 0e 0e
f6 f6 f6 f6 f6 f6 f6 f6 f6 f6 f6 f6 f6 f6 f6 f6
fd fd fd fd fd fd fd fd fd fd fd fd fd fd fd fd
04 04 04 04 04 04 04 04 04 04 04 04 04 04 04 04
0b 0b 0b 0b 0b 0b 0b 0b 0b 0b 0b 0b 0b 0b 0b 0b
f3 f3 f3 f3 f3 f3 f3 f3 f3 f3 f3 f3 f3 f3 f3 f3
fa fa fa fa fa fa fa fa fa fa fa fa fa fa fa fa
01 01 01 01 01 01 01 01 01 01 01 01 01 01 01 01
08 08 08 08 08 08 08 08 08 08 08 08 08 08 08 08
0f 0f 0f 0f 0f 0f 0f 0f 0f 0f 0f 0f 0f 0f 0f 0f
f7 f7 f7 f7 f7 f7 f7 f7 f7 f7 f7 f7 f7 f7 f7 f7
fe fe fe fe fe fe fe fe fe fe fe fe fe fe fe fe
05 05 05 05 05 05 05 05 05 05 05 05 05 05 05 05
0c 0c 0c 0c 0c 0c 0c 0c 0c 0c 0c 0c 0c 0c 0c 0c
f4 f4 f4 f4 f4 f4 f4 f4 f4 f4 f4 f4 f4 f4 f4 f4
fb fb fb fb fb fb fb fb fb fb fb fb fb fb fb fb
02 02 02 02 02 02 02 02 02 02 02 02 02 02 02 02
09 09 09 09 09 09 09 09 09 09 09 09 09 09 09 09
f1 f1 f1 f1 f1 f1 f1 f1 f1 f1 f1 f1 f1 f1 f1 f1
f8 f8 f8 f8 f8 f8 f8 f8 f8 f8 f8 f8 f8 f8 f8 f8
ff ff ff ff ff ff ff ff ff ff ff ff ff ff ff ff
06 06 06 06 06 06 06 06 06 06 06 06 06 06 06 06
0d 0d 0d 0d 0d 0d 0d 0d 0d 0d 0d 0d 0d 0d 0d 0d
f5 f5 f5 f5 f5 f5 f5 f5 f5 f5 f5 f5 f5 f5 f5 f5
fc fc fc fc fc fc fc fc fc fc fc fc fc fc fc fc
03 03 03 03 03 03 03 03 03 03 03 03 03 03 03 03
0a 0a 0a 0a 0a 0a 0a 0a 0a 0a 0a 0a 0a 0a 0a 0a
f2 f2 f2 f2 f2 f2 f2 f2 f2 f2 f2 f2 f2 f2 f2 f2
f9 f9 f9 f9 f9 f9 f9 f9 f9 f9 f9 f9 f9 f9 f9 f9
00 00 00 00 00 00 00 00 00 00 00 00 00 00 00 00
07 07 07 07 07 07 07 07 07 07 07 07 07 07 07 07
0e 0e 0e 0e 0e 0e 0e 0e 0e 0e 0e 0e 0e 0e 0e 0e
f6 f6 f6 f6 f6 f6 f6 f6 f6 f6 f6 f6 f6 f6 f6 f6
fd fd fd fd fd fd fd fd fd fd fd fd fd fd fd fd
04 04 04 04 04 04 04 04 04 04 04 04 04 04 04 04
0b 0b 0b 0b 0b 0b 0b 0b 0b 0b 0b 0b 0b 0b 0b 0b
f3 f3 f3 f3 f3 f3 f3 f3 f3 f3 f3 f3 f3 f3 f3 f3
fa fa fa fa fa fa fa fa fa fa fa fa fa fa fa fa
01 01 01 01 01 01 01 01 01 01 01 01 01 01 01 01
08 08 08 08 08 08 08 08 08 08 08 08 08 08 08 08
0f 0f 0f 0f 0f 0f 0f 0f 0f 0f 0f 0f 0f 0f 0f 0f
f7 f7 f7 f7 f7 f7 f7 f7 f7 f7 f7 f7 f7 f7 f7 f7
fe fe fe fe fe fe fe fe fe fe fe fe fe fe fe fe
05 05 05 05 05 05 05 05 05 05 05 05 05 05 05 05
0c 0c 0c 0c 0c 0c 0c 0c 0c 0c 0c 0c 0c 0c 0c 0c
f4 f4 f4 f4 f4 f4 f4 f4 f4 f4 f4 f4 f4 f4 f4 f4
fb fb fb fb fb fb fb fb fb fb fb fb fb fb fb fb
02 02 02 02 02 02 02 02 02 02 02 02 02 02 02 02
09 09 09 09 09 09 09 09 09 09 09 09 09 09 09 09
f1 f1 f1 f1 f1 f1 f1 f1 f1 f1 f1 f1 f1 f1 f1 f1
f8 f8 f8 f8 f8 f8 f8 f8 f8 f8 f8 f8 f8 f8 f8 f8
ff ff ff ff ff ff ff ff ff ff ff ff ff ff ff ff
06 06 06 06 06 06 06 06 06 06 06 06 06 06 06 06
0d 0d 0d 0d 0d 0d 0d 0d 0d 0d 0d 0d 0d 0d 0d 0d
f5 f5 f5 f5 f5 f5 f5 f5 f5 f5 f5 f5 f5 f5 f5 f5
fc fc fc fc fc fc fc fc fc fc fc fc fc fc fc fc
03 03 03 03 03 03 03 03 03 03 03 03 03 03 03 03
0a 0a 0a 0a 0a 0a 0a 0a 0a 0a 0a 0a 0a 0a 0a 0a
f2 f2 f2 f2 f2 f2 f2 f2 f2 f2 f2 f2 f2 f2 f2 f2
f9 f9 f9 f9 f9 f9 f9 f9 f9 f9 f9 f9 f9 f9 f9 f9
00 00 00 00 00 00 00 00 00 00 00 00 00 00 00 00
07 07 07 07 07 07 07 07 07 07 07 07 07 07 07 07
0e 0e 0e 0e 0e 0e 0e 0e 0e 0e 0e 0e 0e 0e 0e 0e
f6 f6 f6 f6 f6 f6 f6 f6 f6 f6 f6 f6 f6 f6 f6 f6
fd fd fd fd fd fd fd fd fd fd fd fd fd fd fd fd
04 04 04 04 04 04 04 04 04 04 04 04 04 04 04 04
0b 0b 0b 0b 0b 0b 0b 0b 0b 0b 0b 0b 0b 0b 0b 0b
f3 f3 f3 f3 f3 f3 f3 f3 f3 f3 f3 f3 f3 f3 f3 f3
fa fa fa fa fa fa fa fa fa fa fa fa fa fa fa fa
01 01 01 01 01 01 01 01 01 01 01 01 01 01 01 01
08 08 08 08 08 08 08 08 08 08 08 08 08 08 08 08
0f 0f 0f 0f 0f 0f 0f 0f 0f 0f 0f 0f 0f 0f 0f 0f
f7 f7 f7 f7 f7 f7 f7 f7 f7 f7 f7 f7 f7 f7 f7 f7
fe fe fe fe fe fe fe fe fe fe fe fe fe fe fe fe
05 05 05 05 05 05 05 05 05 05 05 05 05 05 05 05
0c 0c 0c 0c 0c 0c 0c 0c 0c 0c 0c 0c 0c 0c 0c 0c
f4 f4 f4 f4 f4 f4 f4 f4 f4 f4 f4 f4 f4 f4 f4 f4
fb fb fb fb fb fb fb fb fb fb fb fb fb fb fb fb
02 02 02 02 02 02 02 02 02 02 02 02 02 02 02 02
09 09 09 09 09 09 09 09 09 09 09 09 09 09 09 09
f1 f1 f1 f1 f1 f1 f1 f1 f1 f1 f1 f1 f1 f1 f1 f1
f8 f8 f8 f8 f8 f8 f8 f8 f8 f8 f8 f8 f8 f8 f8 f8
ff ff ff ff ff ff ff ff ff ff ff ff ff ff ff ff
06 06 06 06 06 06 06 06 06 06 06 06 06 06 06 06
0d 0d 0d 0d 0d 0d 0d 0d 0d 0d 0d 0d 0d 0d 0d 0d
f5 f5 f5 f5 f5 f5 f5 f5 f5 f5 f5 f5 f5 f5 f5 f5
fc fc fc fc fc fc fc fc fc fc fc fc fc fc fc fc
03 03 03 03 03 03 03 03 03 03 03 03 03 03 03 03
0a 0a 0a 0a 0a 0a 0a 0a 0a 0a 0a 0a 0a 0a 0a 0a
f2 f2 f2 f2 f2 f2 f2 f2 f2 f2 f2 f2 f2 f2 f2 f2
f9 f9 f9 f9 f9 f9 f9 f9 f9 f9 f9 f9 f9 f9 f9 f9
00 00 00 00 00 00 00 00 00 00 00 00 00 00 00 00
07 07 07 07 07 07 07 07 07 07 07 07 07 07 07 07
0e 0e 0e 0e 0e 0e 0e 0e 0e 0e 0e 0e 0e 0e 0e 0e
f6 f6 f6 f6 f6 f6 f6 f6 f6 f6 f6 f6 f6 f6 f6 f6
fd fd fd fd fd fd fd fd fd fd fd fd fd fd fd fd
04 04 04 04 04 04 04 04 04 04 04 04 04 04 04 04
0b 0b 0b 0b 0b 0b 0b 0b 0b 0b 0b 0b 0b 0b 0b 0b
f3 f3 f3 f3 f3 f3 f3 f3 f3 f3 f3 f3 f3 f3 f3 f3
fa fa fa fa fa fa fa fa fa fa fa fa fa fa fa fa
01 01 01 01 01 01 01 01 01 01 01 01 01 01 01 01
08 08 08 08 08 08 08 08 08 08 08 08 08 08 08 08
0f 0f 0f 0f 0f 0f 0f 0f 0f 0f 0f 0f 0f 0f 0f 0f
f7 f7 f7 f7 f7 f7 f7 f7 f7 f7 f7 f7 f7 f7 f7 f7
fe fe fe fe fe fe fe fe fe fe fe fe fe fe fe fe
05 05 05 05 05 05 05 05 05 05 05 05 05 05 05 05
0c 0c 0c 0c 0c 0c 0c 0c 0c 0c 0c 0c 0c 0c 0c 0c
f4 f4 f4 f4 f4 f4 f4 f4 f4 f4 f4 f4 f4 f4 f4 f4
fb fb fb fb fb fb fb fb fb fb fb fb fb fb fb fb
02 02 02 02 02 02 02 02 02 02 02 02 02 02 02 02
09 09 09 09 09 09 09 09 09 09 09 09 09 09 09 09
f1 f1 f1 f1 f1 f1 f1 f1 f1 f1 f1 f1 f1 f1 f1 f1
f8 f8 f8 f8 f8 f8 f8 f8 f8 f8 f8 f8 f8 f8 f8 f8
ff ff ff ff ff ff ff ff ff ff ff ff ff ff ff ff
06 06 06 06 06 06 06 06 06 06 06 06 06 06 06 06
0d 0d 0d 0d 0d 0d 0d 0d 0d 0d 0d 0d 0d 0d 0d 0d
f5 f5 f5 f5 f5 f5 f5 f5 f5 f5 f5 f5 f5 f5 f5 f5
fc fc fc fc fc fc fc fc fc fc fc fc fc fc fc fc
03 03 03 03 03 03 03 03 03 03 03 03 03 03 03 03
0a 0a 0a 0a 0a 0a 0a 0a 0a 0a 0a 0a 0a 0a 0a 0a
f2 f2 f2 f2 f2 f2 f2 f2 f2 f2 f2 f2 f2 f2 f2 f2
f9 f9 f9 f9 f9 f9 f9 f9 f9 f9 f9 f9 f9 f9 f9 f9
00 00 00 00 00 00 00 00 00 00 00 00 00 00 00 00
07 07 07 07 07 07 07 07 07 07 07 07 07 07 07 07
0e 0e 0e 0e 0e 0e 0e 0e 0e 0e 0e 0e 0e 0e 0e 0e
f6 f6 f6 f6 f6 f6 f6 f6 f6 f6 f6 f6 f6 f6 f6 f6
fd fd fd fd fd fd fd fd fd fd fd fd fd fd fd fd
04 04 04 04 04 04 04 04 04 04 04 04 04 04 04 04
0b 0b 0b 0b 0b 0b 0b 0b 0b 0b 0b 0b 0b 0b 0b 0b
f3 f3 f3 f3 f3 f3 f3 f3 f3 f3 f3 f3 f3 f3 f3 f3
fa fa fa fa fa fa fa fa fa fa fa fa fa fa fa fa
01 01 01 01 01 01 01 01 01 01 01 01 01 01 01 01
08 08 08 08 08 08 08 08 08 08 08 08 08 08 08 08
0f 0f 0f 0f 0f 0f 0f 0f 0f 0f 0f 0f 0f 0f 0f 0f
f7 f7 f7 f7 f7 f7 f7 f7 f7 f7 f7 f7 f7 f7 f7 f7
fe fe fe fe fe fe fe fe fe fe fe fe fe fe fe fe
05 05 05 05 05 05 05 05 05 05 05 05 05 05 05 05
0c 0c 0c 0c 0c 0c 0c 0c 0c 0c 0c 0c 0c 0c 0c 0c
f4 f4 f4 f4 f4 f4 f4 f4 f4 f4 f4 f4 f4 f4 f4 f4
fb fb fb fb fb fb fb fb fb fb fb fb fb fb fb fb
02 02 02 02 02 02 02 02 02 02 02 02 02 02 02 02
09 09 09 09 09 09 09 09 09 09 09 09 09 09 09 09
f1 f1 f1 f1 f1 f1 f1 f1 f1 f1 f1 f1 f1 f1 f1 f1
f8 f8 f8 f8 f8 f8 f8 f8 f8 f8 f8 f8 f8 f8 f8 f8
ff ff ff ff ff ff ff ff ff ff ff ff ff ff ff ff
06 06 06 06 06 06 06 06 06 06 06 06 06 06 06 06
0d 0d 0d 0d 0d 0d 0d 0d 0d 0d 0d 0d 0d 0d 0d 0d
f5 f5 f5 f5 f5 f5 f5 f5 f5 f5 f5 f5 f5 f5 f5 f5
fc fc fc fc fc fc fc fc fc fc fc fc fc fc fc fc
03 03 03 03 03 03 03 03 03 03 03 03 03 03 03 03
0a 0a 0a 0a 0a 0a 0a 0a 0a 0a 0a 0a 0a 0a 0a 0a
f2 f2 f2 f2 f2 f2 f2 f2 f2 f2 f2 f2 f2 f2 f2 f2
f9 f9 f9 f9 f9 f9 f9 f9 f9 f9 f9 f9 f9 f9 f9 f9
00 00 00 00 00 00 00 00 00 00 00 00 00 00 00 00
07 07 07 07 07 07 07 07 07 07 07 07 07 07 07 07
0e 0e 0e 0e 0e 0e 0e 0e 0e 0e 0e 0e 0e 0e 0e 0e
f6 f6 f6 f6 f6 f6 f6 f6 f6 f6 f6 f6 f6 f6 f6 f6
fd fd fd fd fd fd fd fd fd fd fd fd fd fd fd fd
04 04 04 04 04 04 04 04 04 04 04 04 04 04 04 04
0b 0b 0b 0b 0b 0b 0b 0b 0b 0b 0b 0b 0b 0b 0b 0b
f3 f3 f3 f3 f3 f3 f3 f3 f3 f3 f3 f3 f3 f3 f3 f3
fa fa fa fa fa fa fa fa fa fa fa fa fa fa fa fa
01 01 01 01 01 01 01 01 01 01 01 01 01 01 01 01
08 08 08 08 08 08 08 08 08 08 08 08 08 08 08 08
0f 0f 0f 0f 0f 0f 0f 0f 0f 0f 0f 0f 0f 0f 0f 0f
f7 f7 f7 f7 f7 f7 f7 f7 f7 f7 f7 f7 f7 f7 f7 f7
fe fe fe fe fe fe fe fe fe fe fe fe fe fe fe fe
05 05 05 05 05 05 05 05 05 05 05 05 05 05 05 05
0c 0c 0c 0c 0c 0c 0c 0c 0c 0c 0c 0c 0c 0c 0c 0c
f4 f4 f4 f4 f4 f4 f4 f4 f4 f4 f4 f4 f4 f4 f4 f4
fb fb fb fb fb fb fb fb fb fb fb fb fb fb fb fb
02 02 02 02 02 02 02 02 02 02 02 02 02 02 02 02
09 09 09 09 09 09 09 09 09 09 09 09 09 09 09 09
f1 f1 f1 f1 f1 f1 f1 f1 f1 f1 f1 f1 f1 f1 f1 f1
f8 f8 f8 f8 f8 f8 f8 f8 f8 f8 f8 f8 f8 f8 f8 f8
ff ff ff ff ff ff ff ff ff ff ff ff ff ff ff ff
06 06 06 06 06 06 06 06 06 06 06 06 06 06 06 06
0d 0d 0d 0d 0d 0d 0d 0d 0d 0d 0d 0d 0d 0d 0d 0d
f5 f5 f5 f5 f5 f5 f5 f5 f5 f5 f5 f5 f5 f5 f5 f5
fc fc fc fc fc fc fc fc fc fc fc fc fc fc fc fc
03 03 03 03 03 03 03 03 03 03 03 03 03 03 03 03
0a 0a 0a 0a 0a 0a 0a 0a 0a 0a 0a 0a 0a 0a 0a 0a
f2 f2 f2 f2 f2 f2 f2 f2 f2 f2 f2 f2 f2 f2 f2 f2
f9 f9 f9 f9 f9 f9 f9 f9 f9 f9 f9 f9 f9 f9 f9 f9
00 00 00 00 00 00 00 00 00 00 00 00 00 00 00 00
07 07 07 07 07 07 07 07 07 07 07 07 07 07 07 07
0e 0e 0e 0e 0e 0e 0e 0e 0e 0e 0e 0e 0e 0e 0e 0e
f6 f6 f6 f6 f6 f6 f6 f6 f6 f6 f6 f6 f6 f6 f6 f6
fd fd fd fd fd fd fd fd fd fd fd fd fd fd fd fd
04 04 04 04 04 04 04 04 04 04 04 04 04 04 04 04
0b 0b 0b 0b 0b 0b 0b 0b 0b 0b 0b 0b 0b 0b 0b 0b
f3 f3 f3 f3 f3 f3 f3 f3 f3 f3 f3 f3 f3 f3 f3 f3
fa fa fa fa fa fa fa fa fa fa fa fa fa fa fa fa
01 01 01 01 01 01 01 01 01 01 01 01 01 01 01 01
08 08 08 08 08 08 08 08 08 08 08 08 08 08 08 08
0f 0f 0f 0f 0f 0f 0f 0f 0f 0f 0f 0f 0f 0f 0f 0f
f7 f7 f7 f7 f7 f7 f7 f7 f7 f7 f7 f7 f7 f7 f7 f7
fe fe fe fe fe fe fe fe fe fe fe fe fe fe fe fe
05 05 05 05 05 05 05 05 05 05 05 05 05 05 05 05
0c 0c 0c 0c 0c 0c 0c 0c 0c 0c 0c 0c 0c 0c 0c 0c
f4 f4 f4 f4 f4 f4 f4 f4 f4 f4 f4 f4 f4 f4 f4 f4
fb fb fb fb fb fb fb fb fb fb fb fb fb fb fb fb
02 02 02 02 02 02 02 02 02 02 02 02 02 02 02 02
09 09 09 09 09 09 09 09 09 09 09 09 09 09 09 09
f1 f1 f1 f1 f1 f1 f1 f1 f1 f1 f1 f1 f1 f1 f1 f1
f8 f8 f8 f8 f8 f8 f8 f8 f8 f8 f8 f8 f8 f8 f8 f8
ff ff ff ff ff ff ff ff ff ff ff ff ff ff ff ff
06 06 06 06 06 06 06 06 06 06 06 06 06 06 06 06
0d 0d 0d 0d 0d 0d 0d 0d 0d 0d 0d 0d 0d 0d 0d 0d
f5 f5 f5 f5 f5 f5 f5 f5 f5 f5 f5 f5 f5 f5 f5 f5
fc fc fc fc fc fc fc fc fc fc fc fc fc fc fc fc
03 03 03 03 03 03 03 03 03 03 03 03 03 03 03 03
0a 0a 0a 0a 0a 0a 0a 0a 0a 0a 0a 0a 0a 0a 0a 0a
f2 f2 f2 f2 f2 f2 f2 f2 f2 f2 f2 f2 f2 f2 f2 f2
f9 f9 f9 f9 f9 f9 f9 f9 f9 f9 f9 f9 f9 f9 f9 f9
00 00 00 00 00 00 00 00 00 00 00 00 00 00 00 00
07 07 07 07 07 07 07 07 07 07 07 07 07 07 07 07
0e 0e 0e 0e 0e 0e 0e 0e 0e 0e 0e 0e 0e 0e 0e 0e
f6 f6 f6 f6 f6 f6 f6 f6 f6 f6 f6 f6 f6 f6 f6 f6
fd fd fd fd fd fd fd fd fd fd fd fd fd fd fd fd
04 04 04 04 04 04 04 04 04 04 04 04 04 04 04 04
0b 0b 0b 0b 0b 0b 0b 0b 0b 0b 0b 0b 0b 0b 0b 0b
f3 f3 f3 f3 f3 f3 f3 f3 f3 f3 f3 f3 f3 f3 f3 f3
fa fa fa fa fa fa fa fa fa fa fa fa fa fa fa fa
01 01 01 01 01 01 01 01 01 01 01 01 01 01 01 01
08 08 08 08 08 08 08 08 08 08 08 08 08 08 08 08
0f 0f 0f 0f 0f 0f 0f 0f 0f 0f 0f 0f 0f 0f 0f 0f
f7 f7 f7 f7 f7 f7 f7 f7 f7 f7 f7 f7 f7 f7 f7 f7
fe fe fe fe fe fe fe fe fe fe fe fe fe fe fe fe
05 05 05 05 05 05 05 05 05 05 05 05 05 05 05 05
0c 0c 0c 0c 0c 0c 0c 0c 0c 0c 0c 0c 0c 0c 0c 0c
f4 f4 f4 f4 f4 f4 f4 f4 f4 f4 f4 f4 f4 f4 f4 f4
fb fb fb fb fb fb fb fb fb fb fb fb fb fb fb fb
02 02 02 02 02 02 02 02 02 02 02 02 02 02 02 02
09 09 09 09 09 09 09 09 09 09 09 09 09 09 09 09
f1 f1 f1 f1 f1 f1 f1 f1 f1 f1 f1 f1 f1 f1 f1 f1
f8 f8 f8 f8 f8 f8 f8 f8 f8 f8 f8 f8 f8 f8 f8 f8
ff ff ff ff ff ff ff ff ff ff ff ff ff ff ff ff
06 06 06 06 06 06 06 06 06 06 06 06 06 06 06 06
0d 0d 0d 0d 0d 0d 0d 0d 0d 0d 0d 0d 0d 0d 0d 0d
f5 f5 f5 f5 f5 f5 f5 f5 f5 f5 f5 f5 f5 f5 f5 f5
fc fc fc fc fc fc fc fc fc fc fc fc fc fc fc fc
03 03 03 03 03 03 03 03 03 03 03 03 03 03 03 03
0a 0a 0a 0a 0a 0a 0a 0a 0a 0a 0a 0a 0a 0a 0a 0a
f2 f2 f2 f2 f2 f2 f2 f2 f2 f2 f2 f2 f2 f2 f2 f2
f9 f9 f9 f9 f9 f9 f9 f9 f9 f9 f9 f9 f9 f9 f9 f9
00 00 00 00 00 00 00 00 00 00 00 00 00 00 00 00
07 07 07 07 07 07 07 07 07 07 07 07 07 07 07 07
0e 0e 0e 0e 0e 0e 0e 0e 0e 0e 0e 0e 0e 0e 0e 0e
f6 f6 f6 f6 f6 f6 f6 f6 f6 f6 f6 f6 f6 f6 f6 f6
fd fd fd fd fd fd fd fd fd fd fd fd fd fd fd fd
04 04 04 04 04 04 04 04 04 04 04 04 04 04 04 04
0b 0b 0b 0b 0b 0b 0b 0b 0b 0b 0b 0b 0b 0b 0b 0b
f3 f3 f3 f3 f3 f3 f3 f3 f3 f3 f3 f3 f3 f3 f3 f3
fa fa fa fa fa fa fa fa fa fa fa fa fa fa fa fa
01 01 01 01 01 01 01 01 01 01 01 01 01 01 01 01
08 08 08 08 08 08 08 08 08 08 08 08 08 08 08 08
0f 0f 0f 0f 0f 0f 0f 0f 0f 0f 0f 0f 0f 0f 0f 0f
f7 f7 f7 f7 f7 f7 f7 f7 f7 f7 f7 f7 f7 f7 f7 f7
fe fe fe fe fe fe fe fe fe fe fe fe fe fe fe fe
05 05 05 05 05 05 05 05 05 05 05 05 05 05 05 05
0c 0c 0c 0c 0c 0c 0c 0c 0c 0c 0c 0c 0c 0c 0c 0c
f4 f4 f4 f4 f4 f4 f4 f4 f4 f4 f4 f4 f4 f4 f4 f4
fb fb fb fb fb fb fb fb fb fb fb fb fb fb fb fb
02 02 02 02 02 02 02 02 02 02 02 02 02 02 02 02
09 09 09 09 09 09 09 09 09 09 09 09 09 09 09 09
f1 f1 f1 f1 f1 f1 f1 f1 f1 f1 f1 f1 f1 f1 f1 f1
f8 f8 f8 f8 f8 f8 f8 f8 f8 f8 f8 f8 f8 f8 f8 f8
ff ff ff ff ff ff ff ff ff ff ff ff ff ff ff ff
06 06 06 06 06 06 06 06 06 06 06 06 06 06 06 06
0d 0d 0d 0d 0d 0d 0d 0d 0d 0d 0d 0d 0d 0d 0d 0d
f5 f5 f5 f5 f5 f5 f5 f5 f5 f5 f5 f5 f5 f5 f5 f5
@002000
00 00 00 00 00 00 00 00 00 00 00 00 00 00 00 00
00 00 00 00 00 00 00 00 00 00 00 00 00 00 00 00
02 02 02 02 02 02 02 02 02 02 02 02 02 02 02 02
09 09 09 09 09 09 09 09 09 09 09 09 09 09 09 09
00 00 00 00 00 00 00 00 00 00 00 00 00 00 00 00
00 00 00 00 00 00 00 00 00 00 00 00 00 00 00 00
00 00 00 00 00 00 00 00 00 00 00 00 00 00 00 00
06 06 06 06 06 06 06 06 06 06 06 06 06 06 06 06
0d 0d 0d 0d 0d 0d 0d 0d 0d 0d 0d 0d 0d 0d 0d 0d
00 00 00 00 00 00 00 00 00 00 00 00 00 00 00 00
00 00 00 00 00 00 00 00 00 00 00 00 00 00 00 00
03 03 03 03 03 03 03 03 03 03 03 03 03 03 03 03
0a 0a 0a 0a 0a 0a 0a 0a 0a 0a 0a 0a 0a 0a 0a 0a
00 00 00 00 00 00 00 00 00 00 00 00 00 00 00 00
00 00 00 00 00 00 00 00 00 00 00 00 00 00 00 00
00 00 00 00 00 00 00 00 00 00 00 00 00 00 00 00
07 07 07 07 07 07 07 07 07 07 07 07 07 07 07 07
0e 0e 0e 0e 0e 0e 0e 0e 0e 0e 0e 0e 0e 0e 0e 0e
00 00 00 00 00 00 00 00 00 00 00 00 00 00 00 00
00 00 00 00 00 00 00 00 00 00 00 00 00 00 00 00
04 04 04 04 04 04 04 04 04 04 04 04 04 04 04 04
0b 0b 0b 0b 0b 0b 0b 0b 0b 0b 0b 0b 0b 0b 0b 0b
00 00 00 00 00 00 00 00 00 00 00 00 00 00 00 00
00 00 00 00 00 00 00 00 00 00 00 00 00 00 00 00
01 01 01 01 01 01 01 01 01 01 01 01 01 01 01 01
08 08 08 08 08 08 08 08 08 08 08 08 08 08 08 08
0f 0f 0f 0f 0f 0f 0f 0f 0f 0f 0f 0f 0f 0f 0f 0f
00 00 00 00 00 00 00 00 00 00 00 00 00 00 00 00
00 00 00 00 00 00 00 00 00 00 00 00 00 00 00 00
05 05 05 05 05 05 05 05 05 05 05 05 05 05 05 05
0c 0c 0c 0c 0c 0c 0c 0c 0c 0c 0c 0c 0c 0c 0c 0c
00 00 00 00 00 00 00 00 00 00 00 00 00 00 00 00
00 00 00 00 00 00 00 00 00 00 00 00 00 00 00 00
02 02 02 02 02 02 02 02 02 02 02 02 02 02 02 02
09 09 09 09 09 09 09 09 09 09 09 09 09 09 09 09
00 00 00 00 00 00 00 00 00 00 00 00 00 00 00 00
00 00 00 00 00 00 00 00 00 00 00 00 00 00 00 00
00 00 00 00 00 00 00 00 00 00 00 00 00 00 00 00
06 06 06 06 06 06 06 06 06 06 06 06 06 06 06 06
0d 0d 0d 0d 0d 0d 0d 0d 0d 0d 0d 0d 0d 0d 0d 0d
00 00 00 00 00 00 00 00 00 00 00 00 00 00 00 00
00 00 00 00 00 00 00 00 00 00 00 00 00 00 00 00
03 03 03 03 03 03 03 03 03 03 03 03 03 03 03 03
0a 0a 0a 0a 0a 0a 0a 0a 0a 0a 0a 0a 0a 0a 0a 0a
00 00 00 00 00 00 00 00 00 00 00 00 00 00 00 00
00 00 00 00 00 00 00 00 00 00 00 00 00 00 00 00
00 00 00 00 00 00 00 00 00 00 00 00 00 00 00 00
07 07 07 07 07 07 07 07 07 07 07 07 07 07 07 07
0e 0e 0e 0e 0e 0e 0e 0e 0e 0e 0e 0e 0e 0e 0e 0e
00 00 00 00 00 00 00 00 00 00 00 00 00 00 00 00
00 00 00 00 00 00 00 00 00 00 00 00 00 00 00 00
04 04 04 04 04 04 04 04 04 04 04 04 04 04 04 04
0b 0b 0b 0b 0b 0b 0b 0b 0b 0b 0b 0b 0b 0b 0b 0b
00 00 00 00 00 00 00 00 00 00 00 00 00 00 00 00
00 00 00 00 00 00 00 00 00 00 00 00 00 00 00 00
01 01 01 01 01 01 01 01 01 01 01 01 01 01 01 01
08 08 08 08 08 08 08 08 08 08 08 08 08 08 08 08
0f 0f 0f 0f 0f 0f 0f 0f 0f 0f 0f 0f 0f 0f 0f 0f
00 00 00 00 00 00 00 00 00 00 00 00 00 00 00 00
00 00 00 00 00 00 00 00 00 00 00 00 00 00 00 00
05 05 05 05 05 05 05 05 05 05 05 05 05 05 05 05
0c 0c 0c 0c 0c 0c 0c 0c 0c 0c 0c 0c 0c 0c 0c 0c
00 00 00 00 00 00 00 00 00 00 00 00 00 00 00 00
00 00 00 00 00 00 00 00 00 00 00 00 00 00 00 00
02 02 02 02 02 02 02 02 02 02 02 02 02 02 02 02
09 09 09 09 09 09 09 09 09 09 09 09 09 09 09 09
00 00 00 00 00 00 00 00 00 00 00 00 00 00 00 00
00 00 00 00 00 00 00 00 00 00 00 00 00 00 00 00
00 00 00 00 00 00 00 00 00 00 00 00 00 00 00 00
06 06 06 06 06 06 06 06 06 06 06 06 06 06 06 06
0d 0d 0d 0d 0d 0d 0d 0d 0d 0d 0d 0d 0d 0d 0d 0d
00 00 00 00 00 00 00 00 00 00 00 00 00 00 00 00
00 00 00 00 00 00 00 00 00 00 00 00 00 00 00 00
03 03 03 03 03 03 03 03 03 03 03 03 03 03 03 03
0a 0a 0a 0a 0a 0a 0a 0a 0a 0a 0a 0a 0a 0a 0a 0a
00 00 00 00 00 00 00 00 00 00 00 00 00 00 00 00
00 00 00 00 00 00 00 00 00 00 00 00 00 00 00 00
00 00 00 00 00 00 00 00 00 00 00 00 00 00 00 00
07 07 07 07 07 07 07 07 07 07 07 07 07 07 07 07
0e 0e 0e 0e 0e 0e 0e 0e 0e 0e 0e 0e 0e 0e 0e 0e
00 00 00 00 00 00 00 00 00 00 00 00 00 00 00 00
00 00 00 00 00 00 00 00 00 00 00 00 00 00 00 00
04 04 04 04 04 04 04 04 04 04 04 04 04 04 04 04
0b 0b 0b 0b 0b 0b 0b 0b 0b 0b 0b 0b 0b 0b 0b 0b
00 00 00 00 00 00 00 00 00 00 00 00 00 00 00 00
00 00 00 00 00 00 00 00 00 00 00 00 00 00 00 00
01 01 01 01 01 01 01 01 01 01 01 01 01 01 01 01
08 08 08 08 08 08 08 08 08 08 08 08 08 08 08 08
0f 0f 0f 0f 0f 0f 0f 0f 0f 0f 0f 0f 0f 0f 0f 0f
00 00 00 00 00 00 00 00 00 00 00 00 00 00 00 00
00 00 00 00 00 00 00 00 00 00 00 00 00 00 00 00
05 05 05 05 05 05 05 05 05 05 05 05 05 05 05 05
0c 0c 0c 0c 0c 0c 0c 0c 0c 0c 0c 0c 0c 0c 0c 0c
00 00 00 00 00 00 00 00 00 00 00 00 00 00 00 00
00 00 00 00 00 00 00 00 00 00 00 00 00 00 00 00
02 02 02 02 02 02 02 02 02 02 02 02 02 02 02 02
09 09 09 09 09 09 09 09 09 09 09 09 09 09 09 09
00 00 00 00 00 00 00 00 00 00 00 00 00 00 00 00
00 00 00 00 00 00 00 00 00 00 00 00 00 00 00 00
00 00 00 00 00 00 00 00 00 00 00 00 00 00 00 00
06 06 06 06 06 06 06 06 06 06 06 06 06 06 06 06
0d 0d 0d 0d 0d 0d 0d 0d 0d 0d 0d 0d 0d 0d 0d 0d
00 00 00 00 00 00 00 00 00 00 00 00 00 00 00 00
00 00 00 00 00 00 00 00 00 00 00 00 00 00 00 00
03 03 03 03 03 03 03 03 03 03 03 03 03 03 03 03
0a 0a 0a 0a 0a 0a 0a 0a 0a 0a 0a 0a 0a 0a 0a 0a
00 00 00 00 00 00 00 00 00 00 00 00 00 00 00 00
00 00 00 00 00 00 00 00 00 00 00 00 00 00 00 00
00 00 00 00 00 00 00 00 00 00 00 00 00 00 00 00
07 07 07 07 07 07 07 07 07 07 07 07 07 07 07 07
0e 0e 0e 0e 0e 0e 0e 0e 0e 0e 0e 0e 0e 0e 0e 0e
00 00 00 00 00 00 00 00 00 00 00 00 00 00 00 00
00 00 00 00 00 00 00 00 00 00 00 00 00 00 00 00
04 04 04 04 04 04 04 04 04 04 04 04 04 04 04 04
0b 0b 0b 0b 0b 0b 0b 0b 0b 0b 0b 0b 0b 0b 0b 0b
00 00 00 00 00 00 00 00 00 00 00 00 00 00 00 00
00 00 00 00 00 00 00 00 00 00 00 00 00 00 00 00
01 01 01 01 01 01 01 01 01 01 01 01 01 01 01 01
08 08 08 08 08 08 08 08 08 08 08 08 08 08 08 08
0f 0f 0f 0f 0f 0f 0f 0f 0f 0f 0f 0f 0f 0f 0f 0f
00 00 00 00 00 00 00 00 00 00 00 00 00 00 00 00
00 00 00 00 00 00 00 00 00 00 00 00 00 00 00 00
05 05 05 05 05 05 05 05 05 05 05 05 05 05 05 05
0c 0c 0c 0c 0c 0c 0c 0c 0c 0c 0c 0c 0c 0c 0c 0c
00 00 00 00 00 00 00 00 00 00 00 00 00 00 00 00
00 00 00 00 00 00 00 00 00 00 00 00 00 00 00 00
02 02 02 02 02 02 02 02 02 02 02 02 02 02 02 02
09 09 09 09 09 09 09 09 09 09 09 09 09 09 09 09
00 00 00 00 00 00 00 00 00 00 00 00 00 00 00 00
00 00 00 00 00 00 00 00 00 00 00 00 00 00 00 00
00 00 00 00 00 00 00 00 00 00 00 00 00 00 00 00
06 06 06 06 06 06 06 06 06 06 06 06 06 06 06 06
0d 0d 0d 0d 0d 0d 0d 0d 0d 0d 0d 0d 0d 0d 0d 0d
00 00 00 00 00 00 00 00 00 00 00 00 00 00 00 00
00 00 00 00 00 00 00 00 00 00 00 00 00 00 00 00
03 03 03 03 03 03 03 03 03 03 03 03 03 03 03 03
0a 0a 0a 0a 0a 0a 0a 0a 0a 0a 0a 0a 0a 0a 0a 0a
00 00 00 00 00 00 00 00 00 00 00 00 00 00 00 00
00 00 00 00 00 00 00 00 00 00 00 00 00 00 00 00
00 00 00 00 00 00 00 00 00 00 00 00 00 00 00 00
07 07 07 07 07 07 07 07 07 07 07 07 07 07 07 07
0e 0e 0e 0e 0e 0e 0e 0e 0e 0e 0e 0e 0e 0e 0e 0e
00 00 00 00 00 00 00 00 00 00 00 00 00 00 00 00
00 00 00 00 00 00 00 00 00 00 00 00 00 00 00 00
04 04 04 04 04 04 04 04 04 04 04 04 04 04 04 04
0b 0b 0b 0b 0b 0b 0b 0b 0b 0b 0b 0b 0b 0b 0b 0b
00 00 00 00 00 00 00 00 00 00 00 00 00 00 00 00
00 00 00 00 00 00 00 00 00 00 00 00 00 00 00 00
01 01 01 01 01 01 01 01 01 01 01 01 01 01 01 01
08 08 08 08 08 08 08 08 08 08 08 08 08 08 08 08
0f 0f 0f 0f 0f 0f 0f 0f 0f 0f 0f 0f 0f 0f 0f 0f
00 00 00 00 00 00 00 00 00 00 00 00 00 00 00 00
00 00 00 00 00 00 00 00 00 00 00 00 00 00 00 00
05 05 05 05 05 05 05 05 05 05 05 05 05 05 05 05
0c 0c 0c 0c 0c 0c 0c 0c 0c 0c 0c 0c 0c 0c 0c 0c
00 00 00 00 00 00 00 00 00 00 00 00 00 00 00 00
00 00 00 00 00 00 00 00 00 00 00 00 00 00 00 00
02 02 02 02 02 02 02 02 02 02 02 02 02 02 02 02
09 09 09 09 09 09 09 09 09 09 09 09 09 09 09 09
00 00 00 00 00 00 00 00 00 00 00 00 00 00 00 00
00 00 00 00 00 00 00 00 00 00 00 00 00 00 00 00
00 00 00 00 00 00 00 00 00 00 00 00 00 00 00 00
06 06 06 06 06 06 06 06 06 06 06 06 06 06 06 06
0d 0d 0d 0d 0d 0d 0d 0d 0d 0d 0d 0d 0d 0d 0d 0d
00 00 00 00 00 00 00 00 00 00 00 00 00 00 00 00
00 00 00 00 00 00 00 00 00 00 00 00 00 00 00 00
03 03 03 03 03 03 03 03 03 03 03 03 03 03 03 03
0a 0a 0a 0a 0a 0a 0a 0a 0a 0a 0a 0a 0a 0a 0a 0a
00 00 00 00 00 00 00 00 00 00 00 00 00 00 00 00
00 00 00 00 00 00 00 00 00 00 00 00 00 00 00 00
00 00 00 00 00 00 00 00 00 00 00 00 00 00 00 00
07 07 07 07 07 07 07 07 07 07 07 07 07 07 07 07
0e 0e 0e 0e 0e 0e 0e 0e 0e 0e 0e 0e 0e 0e 0e 0e
00 00 00 00 00 00 00 00 00 00 00 00 00 00 00 00
00 00 00 00 00 00 00 00 00 00 00 00 00 00 00 00
04 04 04 04 04 04 04 04 04 04 04 04 04 04 04 04
0b 0b 0b 0b 0b 0b 0b 0b 0b 0b 0b 0b 0b 0b 0b 0b
00 00 00 00 00 00 00 00 00 00 00 00 00 00 00 00
00 00 00 00 00 00 00 00 00 00 00 00 00 00 00 00
01 01 01 01 01 01 01 01 01 01 01 01 01 01 01 01
08 08 08 08 08 08 08 08 08 08 08 08 08 08 08 08
0f 0f 0f 0f 0f 0f 0f 0f 0f 0f 0f 0f 0f 0f 0f 0f
00 00 00 00 00 00 00 00 00 00 00 00 00 00 00 00
00 00 00 00 00 00 00 00 00 00 00 00 00 00 00 00
05 05 05 05 05 05 05 05 05 05 05 05 05 05 05 05
0c 0c 0c 0c 0c 0c 0c 0c 0c 0c 0c 0c 0c 0c 0c 0c
00 00 00 00 00 00 00 00 00 00 00 00 00 00 00 00
00 00 00 00 00 00 00 00 00 00 00 00 00 00 00 00
02 02 02 02 02 02 02 02 02 02 02 02 02 02 02 02
09 09 09 09 09 09 09 09 09 09 09 09 09 09 09 09
00 00 00 00 00 00 00 00 00 00 00 00 00 00 00 00
00 00 00 00 00 00 00 00 00 00 00 00 00 00 00 00
00 00 00 00 00 00 00 00 00 00 00 00 00 00 00 00
06 06 06 06 06 06 06 06 06 06 06 06 06 06 06 06
0d 0d 0d 0d 0d 0d 0d 0d 0d 0d 0d 0d 0d 0d 0d 0d
00 00 00 00 00 00 00 00 00 00 00 00 00 00 00 00
00 00 00 00 00 00 00 00 00 00 00 00 00 00 00 00
03 03 03 03 03 03 03 03 03 03 03 03 03 03 03 03
0a 0a 0a 0a 0a 0a 0a 0a 0a 0a 0a 0a 0a 0a 0a 0a
00 00 00 00 00 00 00 00 00 00 00 00 00 00 00 00
00 00 00 00 00 00 00 00 00 00 00 00 00 00 00 00
00 00 00 00 00 00 00 00 00 00 00 00 00 00 00 00
07 07 07 07 07 07 07 07 07 07 07 07 07 07 07 07
0e 0e 0e 0e 0e 0e 0e 0e 0e 0e 0e 0e 0e 0e 0e 0e
00 00 00 00 00 00 00 00 00 00 00 00 00 00 00 00
00 00 00 00 00 00 00 00 00 00 00 00 00 00 00 00
04 04 04 04 04 04 04 04 04 04 04 04 04 04 04 04
0b 0b 0b 0b 0b 0b 0b 0b 0b 0b 0b 0b 0b 0b 0b 0b
00 00 00 00 00 00 00 00 00 00 00 00 00 00 00 00
00 00 00 00 00 00 00 00 00 00 00 00 00 00 00 00
01 01 01 01 01 01 01 01 01 01 01 01 01 01 01 01
08 08 08 08 08 08 08 08 08 08 08 08 08 08 08 08
0f 0f 0f 0f 0f 0f 0f 0f 0f 0f 0f 0f 0f 0f 0f 0f
00 00 00 00 00 00 00 00 00 00 00 00 00 00 00 00
00 00 00 00 00 00 00 00 00 00 00 00 00 00 00 00
05 05 05 05 05 05 05 05 05 05 05 05 05 05 05 05
0c 0c 0c 0c 0c 0c 0c 0c 0c 0c 0c 0c 0c 0c 0c 0c
00 00 00 00 00 00 00 00 00 00 00 00 00 00 00 00
00 00 00 00 00 00 00 00 00 00 00 00 00 00 00 00
02 02 02 02 02 02 02 02 02 02 02 02 02 02 02 02
09 09 09 09 09 09 09 09 09 09 09 09 09 09 09 09
00 00 00 00 00 00 00 00 00 00 00 00 00 00 00 00
00 00 00 00 00 00 00 00 00 00 00 00 00 00 00 00
00 00 00 00 00 00 00 00 00 00 00 00 00 00 00 00
06 06 06 06 06 06 06 06 06 06 06 06 06 06 06 06
0d 0d 0d 0d 0d 0d 0d 0d 0d 0d 0d 0d 0d 0d 0d 0d
00 00 00 00 00 00 00 00 00 00 00 00 00 00 00 00
00 00 00 00 00 00 00 00 00 00 00 00 00 00 00 00
03 03 03 03 03 03 03 03 03 03 03 03 03 03 03 03
0a 0a 0a 0a 0a 0a 0a 0a 0a 0a 0a 0a 0a 0a 0a 0a
00 00 00 00 00 00 00 00 00 00 00 00 00 00 00 00
00 00 00 00 00 00 00 00 00 00 00 00 00 00 00 00
00 00 00 00 00 00 00 00 00 00 00 00 00 00 00 00
07 07 07 07 07 07 07 07 07 07 07 07 07 07 07 07
0e 0e 0e 0e 0e 0e 0e 0e 0e 0e 0e 0e 0e 0e 0e 0e
00 00 00 00 00 00 00 00 00 00 00 00 00 00 00 00
00 00 00 00 00 00 00 00 00 00 00 00 00 00 00 00
04 04 04 04 04 04 04 04 04 04 04 04 04 04 04 04
0b 0b 0b 0b 0b 0b 0b 0b 0b 0b 0b 0b 0b 0b 0b 0b
00 00 00 00 00 00 00 00 00 00 00 00 00 00 00 00
00 00 00 00 00 00 00 00 00 00 00 00 00 00 00 00
01 01 01 01 01 01 01 01 01 01 01 01 01 01 01 01
08 08 08 08 08 08 08 08 08 08 08 08 08 08 08 08
0f 0f 0f 0f 0f 0f 0f 0f 0f 0f 0f 0f 0f 0f 0f 0f
00 00 00 00 00 00 00 00 00 00 00 00 00 00 00 00
00 00 00 00 00 00 00 00 00 00 00 00 00 00 00 00
05 05 05 05 05 05 05 05 05 05 05 05 05 05 05 05
0c 0c 0c 0c 0c 0c 0c 0c 0c 0c 0c 0c 0c 0c 0c 0c
00 00 00 00 00 00 00 00 00 00 00 00 00 00 00 00
00 00 00 00 00 00 00 00 00 00 00 00 00 00 00 00
02 02 02 02 02 02 02 02 02 02 02 02 02 02 02 02
09 09 09 09 09 09 09 09 09 09 09 09 09 09 09 09
00 00 00 00 00 00 00 00 00 00 00 00 00 00 00 00
00 00 00 00 00 00 00 00 00 00 00 00 00 00 00 00
00 00 00 00 00 00 00 00 00 00 00 00 00 00 00 00
06 06 06 06 06 06 06 06 06 06 06 06 06 06 06 06
0d 0d 0d 0d 0d 0d 0d 0d 0d 0d 0d 0d 0d 0d 0d 0d
00 00 00 00 00 00 00 00 00 00 00 00 00 00 00 00
00 00 00 00 00 00 00 00 00 00 00 00 00 00 00 00
03 03 03 03 03 03 03 03 03 03 03 03 03 03 03 03
0a 0a 0a 0a 0a 0a 0a 0a 0a 0a 0a 0a 0a 0a 0a 0a
00 00 00 00 00 00 00 00 00 00 00 00 00 00 00 00
00 00 00 00 00 00 00 00 00 00 00 00 00 00 00 00
00 00 00 00 00 00 00 00 00 00 00 00 00 00 00 00
07 07 07 07 07 07 07 07 07 07 07 07 07 07 07 07
0e 0e 0e 0e 0e 0e 0e 0e 0e 0e 0e 0e 0e 0e 0e 0e
00 00 00 00 00 00 00 00 00 00 00 00 00 00 00 00
00 00 00 00 00 00 00 00 00 00 00 00 00 00 00 00
04 04 04 04 04 04 04 04 04 04 04 04 04 04 04 04
0b 0b 0b 0b 0b 0b 0b 0b 0b 0b 0b 0b 0b 0b 0b 0b
00 00 00 00 00 00 00 00 00 00 00 00 00 00 00 00
00 00 00 00 00 00 00 00 00 00 00 00 00 00 00 00
01 01 01 01 01 01 01 01 01 01 01 01 01 01 01 01
08 08 08 08 08 08 08 08 08 08 08 08 08 08 08 08
0f 0f 0f 0f 0f 0f 0f 0f 0f 0f 0f 0f 0f 0f 0f 0f
00 00 00 00 00 00 00 00 00 00 00 00 00 00 00 00
00 00 00 00 00 00 00 00 00 00 00 00 00 00 00 00
05 05 05 05 05 05 05 05 05 05 05 05 05 05 05 05
0c 0c 0c 0c 0c 0c 0c 0c 0c 0c 0c 0c 0c 0c 0c 0c
00 00 00 00 00 00 00 00 00 00 00 00 00 00 00 00
00 00 00 00 00 00 00 00 00 00 00 00 00 00 00 00
02 02 02 02 02 02 02 02 02 02 02 02 02 02 02 02
09 09 09 09 09 09 09 09 09 09 09 09 09 09 09 09
00 00 00 00 00 00 00 00 00 00 00 00 00 00 00 00
00 00 00 00 00 00 00 00 00 00 00 00 00 00 00 00
00 00 00 00 00 00 00 00 00 00 00 00 00 00 00 00
06 06 06 06 06 06 06 06 06 06 06 06 06 06 06 06
0d 0d 0d 0d 0d 0d 0d 0d 0d 0d 0d 0d 0d 0d 0d 0d
00 00 00 00 00 00 00 00 00 00 00 00 00 00 00 00
00 00 00 00 00 00 00 00 00 00 00 00 00 00 00 00
03 03 03 03 03 03 03 03 03 03 03 03 03 03 03 03
0a 0a 0a 0a 0a 0a 0a 0a 0a 0a 0a 0a 0a 0a 0a 0a
00 00 00 00 00 00 00 00 00 00 00 00 00 00 00 00
00 00 00 00 00 00 00 00 00 00 00 00 00 00 00 00
00 00 00 00 00 00 00 00 00 00 00 00 00 00 00 00
07 07 07 07 07 07 07 07 07 07 07 07 07 07 07 07
0e 0e 0e 0e 0e 0e 0e 0e 0e 0e 0e 0e 0e 0e 0e 0e
00 00 00 00 00 00 00 00 00 00 00 00 00 00 00 00
00 00 00 00 00 00 00 00 00 00 00 00 00 00 00 00
04 04 04 04 04 04 04 04 04 04 04 04 04 04 04 04
0b 0b 0b 0b 0b 0b 0b 0b 0b 0b 0b 0b 0b 0b 0b 0b
00 00 00 00 00 00 00 00 00 00 00 00 00 00 00 00
00 00 00 00 00 00 00 00 00 00 00 00 00 00 00 00
01 01 01 01 01 01 01 01 01 01 01 01 01 01 01 01
08 08 08 08 08 08 08 08 08 08 08 08 08 08 08 08
0f 0f 0f 0f 0f 0f 0f 0f 0f 0f 0f 0f 0f 0f 0f 0f
00 00 00 00 00 00 00 00 00 00 00 00 00 00 00 00
00 00 00 00 00 00 00 00 00 00 00 00 00 00 00 00
05 05 05 05 05 05 05 05 05 05 05 05 05 05 05 05
0c 0c 0c 0c 0c 0c 0c 0c 0c 0c 0c 0c 0c 0c 0c 0c
00 00 00 00 00 00 00 00 00 00 00 00 00 00 00 00
00 00 00 00 00 00 00 00 00 00 00 00 00 00 00 00
02 02 02 02 02 02 02 02 02 02 02 02 02 02 02 02
09 09 09 09 09 09 09 09 09 09 09 09 09 09 09 09
00 00 00 00 00 00 00 00 00 00 00 00 00 00 00 00
00 00 00 00 00 00 00 00 00 00 00 00 00 00 00 00
00 00 00 00 00 00 00 00 00 00 00 00 00 00 00 00
06 06 06 06 06 06 06 06 06 06 06 06 06 06 06 06
0d 0d 0d 0d 0d 0d 0d 0d 0d 0d 0d 0d 0d 0d 0d 0d
00 00 00 00 00 00 00 00 00 00 00 00 00 00 00 00
@004000
f4 f4 f4 f4 f4 f4 f4 f4 f4 f4 f4 f4 f4 f4 f4 f4
fb fb fb fb fb fb fb fb fb fb fb fb fb fb fb fb
04 04 04 04 04 04 04 04 04 04 04 04 04 04 04 04
12 12 12 12 12 12 12 12 12 12 12 12 12 12 12 12
f1 f1 f1 f1 f1 f1 f1 f1 f1 f1 f1 f1 f1 f1 f1 f1
f8 f8 f8 f8 f8 f8 f8 f8 f8 f8 f8 f8 f8 f8 f8 f8
ff ff ff ff ff ff ff ff ff ff ff ff ff ff ff ff
0c 0c 0c 0c 0c 0c 0c 0c 0c 0c 0c 0c 0c 0c 0c 0c
1a 1a 1a 1a 1a 1a 1a 1a 1a 1a 1a 1a 1a 1a 1a 1a
f5 f5 f5 f5 f5 f5 f5 f5 f5 f5 f5 f5 f5 f5 f5 f5
fc fc fc fc fc fc fc fc fc fc fc fc fc fc fc fc
06 06 06 06 06 06 06 06 06 06 06 06 06 06 06 06
14 14 14 14 14 14 14 14 14 14 14 14 14 14 14 14
f2 f2 f2 f2 f2 f2 f2 f2 f2 f2 f2 f2 f2 f2 f2 f2
f9 f9 f9 f9 f9 f9 f9 f9 f9 f9 f9 f9 f9 f9 f9 f9
00 00 00 00 00 00 00 00 00 00 00 00 00 00 00 00
0e 0e 0e 0e 0e 0e 0e 0e 0e 0e 0e 0e 0e 0e 0e 0e
1c 1c 1c 1c 1c 1c 1c 1c 1c 1c 1c 1c 1c 1c 1c 1c
f6 f6 f6 f6 f6 f6 f6 f6 f6 f6 f6 f6 f6 f6 f6 f6
fd fd fd fd fd fd fd fd fd fd fd fd fd fd fd fd
08 08 08 08 08 08 08 08 08 08 08 08 08 08 08 08
16 16 16 16 16 16 16 16 16 16 16 16 16 16 16 16
f3 f3 f3 f3 f3 f3 f3 f3 f3 f3 f3 f3 f3 f3 f3 f3
fa fa fa fa fa fa fa fa fa fa fa fa fa fa fa fa
02 02 02 02 02 02 02 02 02 02 02 02 02 02 02 02
10 10 10 10 10 10 10 10 10 10 10 10 10 10 10 10
1e 1e 1e 1e 1e 1e 1e 1e 1e 1e 1e 1e 1e 1e 1e 1e
f7 f7 f7 f7 f7 f7 f7 f7 f7 f7 f7 f7 f7 f7 f7 f7
fe fe fe fe fe fe fe fe fe fe fe fe fe fe fe fe
0a 0a 0a 0a 0a 0a 0a 0a 0a 0a 0a 0a 0a 0a 0a 0a
18 18 18 18 18 18 18 18 18 18 18 18 18 18 18 18
f4 f4 f4 f4 f4 f4 f4 f4 f4 f4 f4 f4 f4 f4 f4 f4
fb fb fb fb fb fb fb fb fb fb fb fb fb fb fb fb
04 04 04 04 04 04 04 04 04 04 04 04 04 04 04 04
12 12 12 12 12 12 12 12 12 12 12 12 12 12 12 12
f1 f1 f1 f1 f1 f1 f1 f1 f1 f1 f1 f1 f1 f1 f1 f1
f8 f8 f8 f8 f8 f8 f8 f8 f8 f8 f8 f8 f8 f8 f8 f8
ff ff ff ff ff ff ff ff ff ff ff ff ff ff ff ff
0c 0c 0c 0c 0c 0c 0c 0c 0c 0c 0c 0c 0c 0c 0c 0c
1a 1a 1a 1a 1a 1a 1a 1a 1a 1a 1a 1a 1a 1a 1a 1a
f5 f5 f5 f5 f5 f5 f5 f5 f5 f5 f5 f5 f5 f5 f5 f5
fc fc fc fc fc fc fc fc fc fc fc fc fc fc fc fc
06 06 06 06 06 06 06 06 06 06 06 06 06 06 06 06
14 14 14 14 14 14 14 14 14 14 14 14 14 14 14 14
f2 f2 f2 f2 f2 f2 f2 f2 f2 f2 f2 f2 f2 f2 f2 f2
f9 f9 f9 f9 f9 f9 f9 f9 f9 f9 f9 f9 f9 f9 f9 f9
00 00 00 00 00 00 00 00 00 00 00 00 00 00 00 00
0e 0e 0e 0e 0e 0e 0e 0e 0e 0e 0e 0e 0e 0e 0e 0e
1c 1c 1c 1c 1c 1c 1c 1c 1c 1c 1c 1c 1c 1c 1c 1c
f6 f6 f6 f6 f6 f6 f6 f6 f6 f6 f6 f6 f6 f6 f6 f6
fd fd fd fd fd fd fd fd fd fd fd fd fd fd fd fd
08 08 08 08 08 08 08 08 08 08 08 08 08 08 08 08
16 16 16 16 16 16 16 16 16 16 16 16 16 16 16 16
f3 f3 f3 f3 f3 f3 f3 f3 f3 f3 f3 f3 f3 f3 f3 f3
fa fa fa fa fa fa fa fa fa fa fa fa fa fa fa fa
02 02 02 02 02 02 02 02 02 02 02 02 02 02 02 02
10 10 10 10 10 10 10 10 10 10 10 10 10 10 10 10
1e 1e 1e 1e 1e 1e 1e 1e 1e 1e 1e 1e 1e 1e 1e 1e
f7 f7 f7 f7 f7 f7 f7 f7 f7 f7 f7 f7 f7 f7 f7 f7
fe fe fe fe fe fe fe fe fe fe fe fe fe fe fe fe
0a 0a 0a 0a 0a 0a 0a 0a 0a 0a 0a 0a 0a 0a 0a 0a
18 18 18 18 18 18 18 18 18 18 18 18 18 18 18 18
f4 f4 f4 f4 f4 f4 f4 f4 f4 f4 f4 f4 f4 f4 f4 f4
fb fb fb fb fb fb fb fb fb fb fb fb fb fb fb fb
04 04 04 04 04 04 04 04 04 04 04 04 04 04 04 04
12 12 12 12 12 12 12 12 12 12 12 12 12 12 12 12
f1 f1 f1 f1 f1 f1 f1 f1 f1 f1 f1 f1 f1 f1 f1 f1
f8 f8 f8 f8 f8 f8 f8 f8 f8 f8 f8 f8 f8 f8 f8 f8
ff ff ff ff ff ff ff ff ff ff ff ff ff ff ff ff
0c 0c 0c 0c 0c 0c 0c 0c 0c 0c 0c 0c 0c 0c 0c 0c
1a 1a 1a 1a 1a 1a 1a 1a 1a 1a 1a 1a 1a 1a 1a 1a
f5 f5 f5 f5 f5 f5 f5 f5 f5 f5 f5 f5 f5 f5 f5 f5
fc fc fc fc fc fc fc fc fc fc fc fc fc fc fc fc
06 06 06 06 06 06 06 06 06 06 06 06 06 06 06 06
14 14 14 14 14 14 14 14 14 14 14 14 14 14 14 14
f2 f2 f2 f2 f2 f2 f2 f2 f2 f2 f2 f2 f2 f2 f2 f2
f9 f9 f9 f9 f9 f9 f9 f9 f9 f9 f9 f9 f9 f9 f9 f9
00 00 00 00 00 00 00 00 00 00 00 00 00 00 00 00
0e 0e 0e 0e 0e 0e 0e 0e 0e 0e 0e 0e 0e 0e 0e 0e
1c 1c 1c 1c 1c 1c 1c 1c 1c 1c 1c 1c 1c 1c 1c 1c
f6 f6 f6 f6 f6 f6 f6 f6 f6 f6 f6 f6 f6 f6 f6 f6
fd fd fd fd fd fd fd fd fd fd fd fd fd fd fd fd
08 08 08 08 08 08 08 08 08 08 08 08 08 08 08 08
16 16 16 16 16 16 16 16 16 16 16 16 16 16 16 16
f3 f3 f3 f3 f3 f3 f3 f3 f3 f3 f3 f3 f3 f3 f3 f3
fa fa fa fa fa fa fa fa fa fa fa fa fa fa fa fa
02 02 02 02 02 02 02 02 02 02 02 02 02 02 02 02
10 10 10 10 10 10 10 10 10 10 10 10 10 10 10 10
1e 1e 1e 1e 1e 1e 1e 1e 1e 1e 1e 1e 1e 1e 1e 1e
f7 f7 f7 f7 f7 f7 f7 f7 f7 f7 f7 f7 f7 f7 f7 f7
fe fe fe fe fe fe fe fe fe fe fe fe fe fe fe fe
0a 0a 0a 0a 0a 0a 0a 0a 0a 0a 0a 0a 0a 0a 0a 0a
18 18 18 18 18 18 18 18 18 18 18 18 18 18 18 18
f4 f4 f4 f4 f4 f4 f4 f4 f4 f4 f4 f4 f4 f4 f4 f4
fb fb fb fb fb fb fb fb fb fb fb fb fb fb fb fb
04 04 04 04 04 04 04 04 04 04 04 04 04 04 04 04
12 12 12 12 12 12 12 12 12 12 12 12 12 12 12 12
f1 f1 f1 f1 f1 f1 f1 f1 f1 f1 f1 f1 f1 f1 f1 f1
f8 f8 f8 f8 f8 f8 f8 f8 f8 f8 f8 f8 f8 f8 f8 f8
ff ff ff ff ff ff ff ff ff ff ff ff ff ff ff ff
0c 0c 0c 0c 0c 0c 0c 0c 0c 0c 0c 0c 0c 0c 0c 0c
1a 1a 1a 1a 1a 1a 1a 1a 1a 1a 1a 1a 1a 1a 1a 1a
f5 f5 f5 f5 f5 f5 f5 f5 f5 f5 f5 f5 f5 f5 f5 f5
fc fc fc fc fc fc fc fc fc fc fc fc fc fc fc fc
06 06 06 06 06 06 06 06 06 06 06 06 06 06 06 06
14 14 14 14 14 14 14 14 14 14 14 14 14 14 14 14
f2 f2 f2 f2 f2 f2 f2 f2 f2 f2 f2 f2 f2 f2 f2 f2
f9 f9 f9 f9 f9 f9 f9 f9 f9 f9 f9 f9 f9 f9 f9 f9
00 00 00 00 00 00 00 00 00 00 00 00 00 00 00 00
0e 0e 0e 0e 0e 0e 0e 0e 0e 0e 0e 0e 0e 0e 0e 0e
1c 1c 1c 1c 1c 1c 1c 1c 1c 1c 1c 1c 1c 1c 1c 1c
f6 f6 f6 f6 f6 f6 f6 f6 f6 f6 f6 f6 f6 f6 f6 f6
fd fd fd fd fd fd fd fd fd fd fd fd fd fd fd fd
08 08 08 08 08 08 08 08 08 08 08 08 08 08 08 08
16 16 16 16 16 16 16 16 16 16 16 16 16 16 16 16
f3 f3 f3 f3 f3 f3 f3 f3 f3 f3 f3 f3 f3 f3 f3 f3
fa fa fa fa fa fa fa fa fa fa fa fa fa fa fa fa
02 02 02 02 02 02 02 02 02 02 02 02 02 02 02 02
10 10 10 10 10 10 10 10 10 10 10 10 10 10 10 10
1e 1e 1e 1e 1e 1e 1e 1e 1e 1e 1e 1e 1e 1e 1e 1e
f7 f7 f7 f7 f7 f7 f7 f7 f7 f7 f7 f7 f7 f7 f7 f7
fe fe fe fe fe fe fe fe fe fe fe fe fe fe fe fe
0a 0a 0a 0a 0a 0a 0a 0a 0a 0a 0a 0a 0a 0a 0a 0a
18 18 18 18 18 18 18 18 18 18 18 18 18 18 18 18
f4 f4 f4 f4 f4 f4 f4 f4 f4 f4 f4 f4 f4 f4 f4 f4
fb fb fb fb fb fb fb fb fb fb fb fb fb fb fb fb
04 04 04 04 04 04 04 04 04 04 04 04 04 04 04 04
12 12 12 12 12 12 12 12 12 12 12 12 12 12 12 12
f1 f1 f1 f1 f1 f1 f1 f1 f1 f1 f1 f1 f1 f1 f1 f1
f8 f8 f8 f8 f8 f8 f8 f8 f8 f8 f8 f8 f8 f8 f8 f8
ff ff ff ff ff ff ff ff ff ff ff ff ff ff ff ff
0c 0c 0c 0c 0c 0c 0c 0c 0c 0c 0c 0c 0c 0c 0c 0c
1a 1a 1a 1a 1a 1a 1a 1a 1a 1a 1a 1a 1a 1a 1a 1a
f5 f5 f5 f5 f5 f5 f5 f5 f5 f5 f5 f5 f5 f5 f5 f5
fc fc fc fc fc fc fc fc fc fc fc fc fc fc fc fc
06 06 06 06 06 06 06 06 06 06 06 06 06 06 06 06
14 14 14 14 14 14 14 14 14 14 14 14 14 14 14 14
f2 f2 f2 f2 f2 f2 f2 f2 f2 f2 f2 f2 f2 f2 f2 f2
f9 f9 f9 f9 f9 f9 f9 f9 f9 f9 f9 f9 f9 f9 f9 f9
00 00 00 00 00 00 00 00 00 00 00 00 00 00 00 00
0e 0e 0e 0e 0e 0e 0e 0e 0e 0e 0e 0e 0e 0e 0e 0e
1c 1c 1c 1c 1c 1c 1c 1c 1c 1c 1c 1c 1c 1c 1c 1c
f6 f6 f6 f6 f6 f6 f6 f6 f6 f6 f6 f6 f6 f6 f6 f6
fd fd fd fd fd fd fd fd fd fd fd fd fd fd fd fd
08 08 08 08 08 08 08 08 08 08 08 08 08 08 08 08
16 16 16 16 16 16 16 16 16 16 16 16 16 16 16 16
f3 f3 f3 f3 f3 f3 f3 f3 f3 f3 f3 f3 f3 f3 f3 f3
fa fa fa fa fa fa fa fa fa fa fa fa fa fa fa fa
02 02 02 02 02 02 02 02 02 02 02 02 02 02 02 02
10 10 10 10 10 10 10 10 10 10 10 10 10 10 10 10
1e 1e 1e 1e 1e 1e 1e 1e 1e 1e 1e 1e 1e 1e 1e 1e
f7 f7 f7 f7 f7 f7 f7 f7 f7 f7 f7 f7 f7 f7 f7 f7
fe fe fe fe fe fe fe fe fe fe fe fe fe fe fe fe
0a 0a 0a 0a 0a 0a 0a 0a 0a 0a 0a 0a 0a 0a 0a 0a
18 18 18 18 18 18 18 18 18 18 18 18 18 18 18 18
f4 f4 f4 f4 f4 f4 f4 f4 f4 f4 f4 f4 f4 f4 f4 f4
fb fb fb fb fb fb fb fb fb fb fb fb fb fb fb fb
04 04 04 04 04 04 04 04 04 04 04 04 04 04 04 04
12 12 12 12 12 12 12 12 12 12 12 12 12 12 12 12
f1 f1 f1 f1 f1 f1 f1 f1 f1 f1 f1 f1 f1 f1 f1 f1
f8 f8 f8 f8 f8 f8 f8 f8 f8 f8 f8 f8 f8 f8 f8 f8
ff ff ff ff ff ff ff ff ff ff ff ff ff ff ff ff
0c 0c 0c 0c 0c 0c 0c 0c 0c 0c 0c 0c 0c 0c 0c 0c
1a 1a 1a 1a 1a 1a 1a 1a 1a 1a 1a 1a 1a 1a 1a 1a
f5 f5 f5 f5 f5 f5 f5 f5 f5 f5 f5 f5 f5 f5 f5 f5
fc fc fc fc fc fc fc fc fc fc fc fc fc fc fc fc
06 06 06 06 06 06 06 06 06 06 06 06 06 06 06 06
14 14 14 14 14 14 14 14 14 14 14 14 14 14 14 14
f2 f2 f2 f2 f2 f2 f2 f2 f2 f2 f2 f2 f2 f2 f2 f2
f9 f9 f9 f9 f9 f9 f9 f9 f9 f9 f9 f9 f9 f9 f9 f9
00 00 00 00 00 00 00 00 00 00 00 00 00 00 00 00
0e 0e 0e 0e 0e 0e 0e 0e 0e 0e 0e 0e 0e 0e 0e 0e
1c 1c 1c 1c 1c 1c 1c 1c 1c 1c 1c 1c 1c 1c 1c 1c
f6 f6 f6 f6 f6 f6 f6 f6 f6 f6 f6 f6 f6 f6 f6 f6
fd fd fd fd fd fd fd fd fd fd fd fd fd fd fd fd
08 08 08 08 08 08 08 08 08 08 08 08 08 08 08 08
16 16 16 16 16 16 16 16 16 16 16 16 16 16 16 16
f3 f3 f3 f3 f3 f3 f3 f3 f3 f3 f3 f3 f3 f3 f3 f3
fa fa fa fa fa fa fa fa fa fa fa fa fa fa fa fa
02 02 02 02 02 02 02 02 02 02 02 02 02 02 02 02
10 10 10 10 10 10 10 10 10 10 10 10 10 10 10 10
1e 1e 1e 1e 1e 1e 1e 1e 1e 1e 1e 1e 1e 1e 1e 1e
f7 f7 f7 f7 f7 f7 f7 f7 f7 f7 f7 f7 f7 f7 f7 f7
fe fe fe fe fe fe fe fe fe fe fe fe fe fe fe fe
0a 0a 0a 0a 0a 0a 0a 0a 0a 0a 0a 0a 0a 0a 0a 0a
18 18 18 18 18 18 18 18 18 18 18 18 18 18 18 18
f4 f4 f4 f4 f4 f4 f4 f4 f4 f4 f4 f4 f4 f4 f4 f4
fb fb fb fb fb fb fb fb fb fb fb fb fb fb fb fb
04 04 04 04 04 04 04 04 04 04 04 04 04 04 04 04
12 12 12 12 12 12 12 12 12 12 12 12 12 12 12 12
f1 f1 f1 f1 f1 f1 f1 f1 f1 f1 f1 f1 f1 f1 f1 f1
f8 f8 f8 f8 f8 f8 f8 f8 f8 f8 f8 f8 f8 f8 f8 f8
ff ff ff ff ff ff ff ff ff ff ff ff ff ff ff ff
0c 0c 0c 0c 0c 0c 0c 0c 0c 0c 0c 0c 0c 0c 0c 0c
1a 1a 1a 1a 1a 1a 1a 1a 1a 1a 1a 1a 1a 1a 1a 1a
f5 f5 f5 f5 f5 f5 f5 f5 f5 f5 f5 f5 f5 f5 f5 f5
fc fc fc fc fc fc fc fc fc fc fc fc fc fc fc fc
06 06 06 06 06 06 06 06 06 06 06 06 06 06 06 06
14 14 14 14 14 14 14 14 14 14 14 14 14 14 14 14
f2 f2 f2 f2 f2 f2 f2 f2 f2 f2 f2 f2 f2 f2 f2 f2
f9 f9 f9 f9 f9 f9 f9 f9 f9 f9 f9 f9 f9 f9 f9 f9
00 00 00 00 00 00 00 00 00 00 00 00 00 00 00 00
0e 0e 0e 0e 0e 0e 0e 0e 0e 0e 0e 0e 0e 0e 0e 0e
1c 1c 1c 1c 1c 1c 1c 1c 1c 1c 1c 1c 1c 1c 1c 1c
f6 f6 f6 f6 f6 f6 f6 f6 f6 f6 f6 f6 f6 f6 f6 f6
fd fd fd fd fd fd fd fd fd fd fd fd fd fd fd fd
08 08 08 08 08 08 08 08 08 08 08 08 08 08 08 08
16 16 16 16 16 16 16 16 16 16 16 16 16 16 16 16
f3 f3 f3 f3 f3 f3 f3 f3 f3 f3 f3 f3 f3 f3 f3 f3
fa fa fa fa fa fa fa fa fa fa fa fa fa fa fa fa
02 02 02 02 02 02 02 02 02 02 02 02 02 02 02 02
10 10 10 10 10 10 10 10 10 10 10 10 10 10 10 10
1e 1e 1e 1e 1e 1e 1e 1e 1e 1e 1e 1e 1e 1e 1e 1e
f7 f7 f7 f7 f7 f7 f7 f7 f7 f7 f7 f7 f7 f7 f7 f7
fe fe fe fe fe fe fe fe fe fe fe fe fe fe fe fe
0a 0a 0a 0a 0a 0a 0a 0a 0a 0a 0a 0a 0a 0a 0a 0a
18 18 18 18 18 18 18 18 18 18 18 18 18 18 18 18
f4 f4 f4 f4 f4 f4 f4 f4 f4 f4 f4 f4 f4 f4 f4 f4
fb fb fb fb fb fb fb fb fb fb fb fb fb fb fb fb
04 04 04 04 04 04 04 04 04 04 04 04 04 04 04 04
12 12 12 12 12 12 12 12 12 12 12 12 12 12 12 12
f1 f1 f1 f1 f1 f1 f1 f1 f1 f1 f1 f1 f1 f1 f1 f1
f8 f8 f8 f8 f8 f8 f8 f8 f8 f8 f8 f8 f8 f8 f8 f8
ff ff ff ff ff ff ff ff ff ff ff ff ff ff ff ff
0c 0c 0c 0c 0c 0c 0c 0c 0c 0c 0c 0c 0c 0c 0c 0c
1a 1a 1a 1a 1a 1a 1a 1a 1a 1a 1a 1a 1a 1a 1a 1a
f5 f5 f5 f5 f5 f5 f5 f5 f5 f5 f5 f5 f5 f5 f5 f5
fc fc fc fc fc fc fc fc fc fc fc fc fc fc fc fc
06 06 06 06 06 06 06 06 06 06 06 06 06 06 06 06
14 14 14 14 14 14 14 14 14 14 14 14 14 14 14 14
f2 f2 f2 f2 f2 f2 f2 f2 f2 f2 f2 f2 f2 f2 f2 f2
f9 f9 f9 f9 f9 f9 f9 f9 f9 f9 f9 f9 f9 f9 f9 f9
00 00 00 00 00 00 00 00 00 00 00 00 00 00 00 00
0e 0e 0e 0e 0e 0e 0e 0e 0e 0e 0e 0e 0e 0e 0e 0e
1c 1c 1c 1c 1c 1c 1c 1c 1c 1c 1c 1c 1c 1c 1c 1c
f6 f6 f6 f6 f6 f6 f6 f6 f6 f6 f6 f6 f6 f6 f6 f6
fd fd fd fd fd fd fd fd fd fd fd fd fd fd fd fd
08 08 08 08 08 08 08 08 08 08 08 08 08 08 08 08
16 16 16 16 16 16 16 16 16 16 16 16 16 16 16 16
f3 f3 f3 f3 f3 f3 f3 f3 f3 f3 f3 f3 f3 f3 f3 f3
fa fa fa fa fa fa fa fa fa fa fa fa fa fa fa fa
02 02 02 02 02 02 02 02 02 02 02 02 02 02 02 02
10 10 10 10 10 10 10 10 10 10 10 10 10 10 10 10
1e 1e 1e 1e 1e 1e 1e 1e 1e 1e 1e 1e 1e 1e 1e 1e
f7 f7 f7 f7 f7 f7 f7 f7 f7 f7 f7 f7 f7 f7 f7 f7
fe fe fe fe fe fe fe fe fe fe fe fe fe fe fe fe
0a 0a 0a 0a 0a 0a 0a 0a 0a 0a 0a 0a 0a 0a 0a 0a
18 18 18 18 18 18 18 18 18 18 18 18 18 18 18 18
f4 f4 f4 f4 f4 f4 f4 f4 f4 f4 f4 f4 f4 f4 f4 f4
fb fb fb fb fb fb fb fb fb fb fb fb fb fb fb fb
04 04 04 04 04 04 04 04 04 04 04 04 04 04 04 04
12 12 12 12 12 12 12 12 12 12 12 12 12 12 12 12
f1 f1 f1 f1 f1 f1 f1 f1 f1 f1 f1 f1 f1 f1 f1 f1
f8 f8 f8 f8 f8 f8 f8 f8 f8 f8 f8 f8 f8 f8 f8 f8
ff ff ff ff ff ff ff ff ff ff ff ff ff ff ff ff
0c 0c 0c 0c 0c 0c 0c 0c 0c 0c 0c 0c 0c 0c 0c 0c
1a 1a 1a 1a 1a 1a 1a 1a 1a 1a 1a 1a 1a 1a 1a 1a
f5 f5 f5 f5 f5 f5 f5 f5 f5 f5 f5 f5 f5 f5 f5 f5
fc fc fc fc fc fc fc fc fc fc fc fc fc fc fc fc
06 06 06 06 06 06 06 06 06 06 06 06 06 06 06 06
14 14 14 14 14 14 14 14 14 14 14 14 14 14 14 14
f2 f2 f2 f2 f2 f2 f2 f2 f2 f2 f2 f2 f2 f2 f2 f2
f9 f9 f9 f9 f9 f9 f9 f9 f9 f9 f9 f9 f9 f9 f9 f9
00 00 00 00 00 00 00 00 00 00 00 00 00 00 00 00
0e 0e 0e 0e 0e 0e 0e 0e 0e 0e 0e 0e 0e 0e 0e 0e
1c 1c 1c 1c 1c 1c 1c 1c 1c 1c 1c 1c 1c 1c 1c 1c
f6 f6 f6 f6 f6 f6 f6 f6 f6 f6 f6 f6 f6 f6 f6 f6
fd fd fd fd fd fd fd fd fd fd fd fd fd fd fd fd
08 08 08 08 08 08 08 08 08 08 08 08 08 08 08 08
16 16 16 16 16 16 16 16 16 16 16 16 16 16 16 16
f3 f3 f3 f3 f3 f3 f3 f3 f3 f3 f3 f3 f3 f3 f3 f3
fa fa fa fa fa fa fa fa fa fa fa fa fa fa fa fa
02 02 02 02 02 02 02 02 02 02 02 02 02 02 02 02
10 10 10 10 10 10 10 10 10 10 10 10 10 10 10 10
1e 1e 1e 1e 1e 1e 1e 1e 1e 1e 1e 1e 1e 1e 1e 1e
f7 f7 f7 f7 f7 f7 f7 f7 f7 f7 f7 f7 f7 f7 f7 f7
fe fe fe fe fe fe fe fe fe fe fe fe fe fe fe fe
0a 0a 0a 0a 0a 0a 0a 0a 0a 0a 0a 0a 0a 0a 0a 0a
18 18 18 18 18 18 18 18 18 18 18 18 18 18 18 18
f4 f4 f4 f4 f4 f4 f4 f4 f4 f4 f4 f4 f4 f4 f4 f4
fb fb fb fb fb fb fb fb fb fb fb fb fb fb fb fb
04 04 04 04 04 04 04 04 04 04 04 04 04 04 04 04
12 12 12 12 12 12 12 12 12 12 12 12 12 12 12 12
f1 f1 f1 f1 f1 f1 f1 f1 f1 f1 f1 f1 f1 f1 f1 f1
f8 f8 f8 f8 f8 f8 f8 f8 f8 f8 f8 f8 f8 f8 f8 f8
ff ff ff ff ff ff ff ff ff ff ff ff ff ff ff ff
0c 0c 0c 0c 0c 0c 0c 0c 0c 0c 0c 0c 0c 0c 0c 0c
1a 1a 1a 1a 1a 1a 1a 1a 1a 1a 1a 1a 1a 1a 1a 1a
f5 f5 f5 f5 f5 f5 f5 f5 f5 f5 f5 f5 f5 f5 f5 f5
fc fc fc fc fc fc fc fc fc fc fc fc fc fc fc fc
06 06 06 06 06 06 06 06 06 06 06 06 06 06 06 06
14 14 14 14 14 14 14 14 14 14 14 14 14 14 14 14
f2 f2 f2 f2 f2 f2 f2 f2 f2 f2 f2 f2 f2 f2 f2 f2
f9 f9 f9 f9 f9 f9 f9 f9 f9 f9 f9 f9 f9 f9 f9 f9
00 00 00 00 00 00 00 00 00 00 00 00 00 00 00 00
0e 0e 0e 0e 0e 0e 0e 0e 0e 0e 0e 0e 0e 0e 0e 0e
1c 1c 1c 1c 1c 1c 1c 1c 1c 1c 1c 1c 1c 1c 1c 1c
f6 f6 f6 f6 f6 f6 f6 f6 f6 f6 f6 f6 f6 f6 f6 f6
fd fd fd fd fd fd fd fd fd fd fd fd fd fd fd fd
08 08 08 08 08 08 08 08 08 08 08 08 08 08 08 08
16 16 16 16 16 16 16 16 16 16 16 16 16 16 16 16
f3 f3 f3 f3 f3 f3 f3 f3 f3 f3 f3 f3 f3 f3 f3 f3
fa fa fa fa fa fa fa fa fa fa fa fa fa fa fa fa
02 02 02 02 02 02 02 02 02 02 02 02 02 02 02 02
10 10 10 10 10 10 10 10 10 10 10 10 10 10 10 10
1e 1e 1e 1e 1e 1e 1e 1e 1e 1e 1e 1e 1e 1e 1e 1e
f7 f7 f7 f7 f7 f7 f7 f7 f7 f7 f7 f7 f7 f7 f7 f7
fe fe fe fe fe fe fe fe fe fe fe fe fe fe fe fe
0a 0a 0a 0a 0a 0a 0a 0a 0a 0a 0a 0a 0a 0a 0a 0a
18 18 18 18 18 18 18 18 18 18 18 18 18 18 18 18
f4 f4 f4 f4 f4 f4 f4 f4 f4 f4 f4 f4 f4 f4 f4 f4
fb fb fb fb fb fb fb fb fb fb fb fb fb fb fb fb
04 04 04 04 04 04 04 04 04 04 04 04 04 04 04 04
12 12 12 12 12 12 12 12 12 12 12 12 12 12 12 12
f1 f1 f1 f1 f1 f1 f1 f1 f1 f1 f1 f1 f1 f1 f1 f1
f8 f8 f8 f8 f8 f8 f8 f8 f8 f8 f8 f8 f8 f8 f8 f8
ff ff ff ff ff ff ff ff ff ff ff ff ff ff ff ff
0c 0c 0c 0c 0c 0c 0c 0c 0c 0c 0c 0c 0c 0c 0c 0c
1a 1a 1a 1a 1a 1a 1a 1a 1a 1a 1a 1a 1a 1a 1a 1a
f5 f5 f5 f5 f5 f5 f5 f5 f5 f5 f5 f5 f5 f5 f5 f5
@006000
00 00 00 00 00 00 00 00 00 00 00 00 00 00 00 00
00 00 00 00 00 00 00 00 00 00 00 00 00 00 00 00
04 04 04 04 04 04 04 04 04 04 04 04 04 04 04 04
12 12 12 12 12 12 12 12 12 12 12 12 12 12 12 12
00 00 00 00 00 00 00 00 00 00 00 00 00 00 00 00
00 00 00 00 00 00 00 00 00 00 00 00 00 00 00 00
00 00 00 00 00 00 00 00 00 00 00 00 00 00 00 00
0c 0c 0c 0c 0c 0c 0c 0c 0c 0c 0c 0c 0c 0c 0c 0c
1a 1a 1a 1a 1a 1a 1a 1a 1a 1a 1a 1a 1a 1a 1a 1a
00 00 00 00 00 00 00 00 00 00 00 00 00 00 00 00
00 00 00 00 00 00 00 00 00 00 00 00 00 00 00 00
06 06 06 06 06 06 06 06 06 06 06 06 06 06 06 06
14 14 14 14 14 14 14 14 14 14 14 14 14 14 14 14
00 00 00 00 00 00 00 00 00 00 00 00 00 00 00 00
00 00 00 00 00 00 00 00 00 00 00 00 00 00 00 00
00 00 00 00 00 00 00 00 00 00 00 00 00 00 00 00
0e 0e 0e 0e 0e 0e 0e 0e 0e 0e 0e 0e 0e 0e 0e 0e
1c 1c 1c 1c 1c 1c 1c 1c 1c 1c 1c 1c 1c 1c 1c 1c
00 00 00 00 00 00 00 00 00 00 00 00 00 00 00 00
00 00 00 00 00 00 00 00 00 00 00 00 00 00 00 00
08 08 08 08 08 08 08 08 08 08 08 08 08 08 08 08
16 16 16 16 16 16 16 16 16 16 16 16 16 16 16 16
00 00 00 00 00 00 00 00 00 00 00 00 00 00 00 00
00 00 00 00 00 00 00 00 00 00 00 00 00 00 00 00
02 02 02 02 02 02 02 02 02 02 02 02 02 02 02 02
10 10 10 10 10 10 10 10 10 10 10 10 10 10 10 10
1e 1e 1e 1e 1e 1e 1e 1e 1e 1e 1e 1e 1e 1e 1e 1e
00 00 00 00 00 00 00 00 00 00 00 00 00 00 00 00
00 00 00 00 00 00 00 00 00 00 00 00 00 00 00 00
0a 0a 0a 0a 0a 0a 0a 0a 0a 0a 0a 0a 0a 0a 0a 0a
18 18 18 18 18 18 18 18 18 18 18 18 18 18 18 18
00 00 00 00 00 00 00 00 00 00 00 00 00 00 00 00
00 00 00 00 00 00 00 00 00 00 00 00 00 00 00 00
04 04 04 04 04 04 04 04 04 04 04 04 04 04 04 04
12 12 12 12 12 12 12 12 12 12 12 12 12 12 12 12
00 00 00 00 00 00 00 00 00 00 00 00 00 00 00 00
00 00 00 00 00 00 00 00 00 00 00 00 00 00 00 00
00 00 00 00 00 00 00 00 00 00 00 00 00 00 00 00
0c 0c 0c 0c 0c 0c 0c 0c 0c 0c 0c 0c 0c 0c 0c 0c
1a 1a 1a 1a 1a 1a 1a 1a 1a 1a 1a 1a 1a 1a 1a 1a
00 00 00 00 00 00 00 00 00 00 00 00 00 00 00 00
00 00 00 00 00 00 00 00 00 00 00 00 00 00 00 00
06 06 06 06 06 06 06 06 06 06 06 06 06 06 06 06
14 14 14 14 14 14 14 14 14 14 14 14 14 14 14 14
00 00 00 00 00 00 00 00 00 00 00 00 00 00 00 00
00 00 00 00 00 00 00 00 00 00 00 00 00 00 00 00
00 00 00 00 00 00 00 00 00 00 00 00 00 00 00 00
0e 0e 0e 0e 0e 0e 0e 0e 0e 0e 0e 0e 0e 0e 0e 0e
1c 1c 1c 1c 1c 1c 1c 1c 1c 1c 1c 1c 1c 1c 1c 1c
00 00 00 00 00 00 00 00 00 00 00 00 00 00 00 00
00 00 00 00 00 00 00 00 00 00 00 00 00 00 00 00
08 08 08 08 08 08 08 08 08 08 08 08 08 08 08 08
16 16 16 16 16 16 16 16 16 16 16 16 16 16 16 16
00 00 00 00 00 00 00 00 00 00 00 00 00 00 00 00
00 00 00 00 00 00 00 00 00 00 00 00 00 00 00 00
02 02 02 02 02 02 02 02 02 02 02 02 02 02 02 02
10 10 10 10 10 10 10 10 10 10 10 10 10 10 10 10
1e 1e 1e 1e 1e 1e 1e 1e 1e 1e 1e 1e 1e 1e 1e 1e
00 00 00 00 00 00 00 00 00 00 00 00 00 00 00 00
00 00 00 00 00 00 00 00 00 00 00 00 00 00 00 00
0a 0a 0a 0a 0a 0a 0a 0a 0a 0a 0a 0a 0a 0a 0a 0a
18 18 18 18 18 18 18 18 18 18 18 18 18 18 18 18
00 00 00 00 00 00 00 00 00 00 00 00 00 00 00 00
00 00 00 00 00 00 00 00 00 00 00 00 00 00 00 00
04 04 04 04 04 04 04 04 04 04 04 04 04 04 04 04
12 12 12 12 12 12 12 12 12 12 12 12 12 12 12 12
00 00 00 00 00 00 00 00 00 00 00 00 00 00 00 00
00 00 00 00 00 00 00 00 00 00 00 00 00 00 00 00
00 00 00 00 00 00 00 00 00 00 00 00 00 00 00 00
0c 0c 0c 0c 0c 0c 0c 0c 0c 0c 0c 0c 0c 0c 0c 0c
1a 1a 1a 1a 1a 1a 1a 1a 1a 1a 1a 1a 1a 1a 1a 1a
00 00 00 00 00 00 00 00 00 00 00 00 00 00 00 00
00 00 00 00 00 00 00 00 00 00 00 00 00 00 00 00
06 06 06 06 06 06 06 06 06 06 06 06 06 06 06 06
14 14 14 14 14 14 14 14 14 14 14 14 14 14 14 14
00 00 00 00 00 00 00 00 00 00 00 00 00 00 00 00
00 00 00 00 00 00 00 00 00 00 00 00 00 00 00 00
00 00 00 00 00 00 00 00 00 00 00 00 00 00 00 00
0e 0e 0e 0e 0e 0e 0e 0e 0e 0e 0e 0e 0e 0e 0e 0e
1c 1c 1c 1c 1c 1c 1c 1c 1c 1c 1c 1c 1c 1c 1c 1c
00 00 00 00 00 00 00 00 00 00 00 00 00 00 00 00
00 00 00 00 00 00 00 00 00 00 00 00 00 00 00 00
08 08 08 08 08 08 08 08 08 08 08 08 08 08 08 08
16 16 16 16 16 16 16 16 16 16 16 16 16 16 16 16
00 00 00 00 00 00 00 00 00 00 00 00 00 00 00 00
00 00 00 00 00 00 00 00 00 00 00 00 00 00 00 00
02 02 02 02 02 02 02 02 02 02 02 02 02 02 02 02
10 10 10 10 10 10 10 10 10 10 10 10 10 10 10 10
1e 1e 1e 1e 1e 1e 1e 1e 1e 1e 1e 1e 1e 1e 1e 1e
00 00 00 00 00 00 00 00 00 00 00 00 00 00 00 00
00 00 00 00 00 00 00 00 00 00 00 00 00 00 00 00
0a 0a 0a 0a 0a 0a 0a 0a 0a 0a 0a 0a 0a 0a 0a 0a
18 18 18 18 18 18 18 18 18 18 18 18 18 18 18 18
00 00 00 00 00 00 00 00 00 00 00 00 00 00 00 00
00 00 00 00 00 00 00 00 00 00 00 00 00 00 00 00
04 04 04 04 04 04 04 04 04 04 04 04 04 04 04 04
12 12 12 12 12 12 12 12 12 12 12 12 12 12 12 12
00 00 00 00 00 00 00 00 00 00 00 00 00 00 00 00
00 00 00 00 00 00 00 00 00 00 00 00 00 00 00 00
00 00 00 00 00 00 00 00 00 00 00 00 00 00 00 00
0c 0c 0c 0c 0c 0c 0c 0c 0c 0c 0c 0c 0c 0c 0c 0c
1a 1a 1a 1a 1a 1a 1a 1a 1a 1a 1a 1a 1a 1a 1a 1a
00 00 00 00 00 00 00 00 00 00 00 00 00 00 00 00
00 00 00 00 00 00 00 00 00 00 00 00 00 00 00 00
06 06 06 06 06 06 06 06 06 06 06 06 06 06 06 06
14 14 14 14 14 14 14 14 14 14 14 14 14 14 14 14
00 00 00 00 00 00 00 00 00 00 00 00 00 00 00 00
00 00 00 00 00 00 00 00 00 00 00 00 00 00 00 00
00 00 00 00 00 00 00 00 00 00 00 00 00 00 00 00
0e 0e 0e 0e 0e 0e 0e 0e 0e 0e 0e 0e 0e 0e 0e 0e
1c 1c 1c 1c 1c 1c 1c 1c 1c 1c 1c 1c 1c 1c 1c 1c
00 00 00 00 00 00 00 00 00 00 00 00 00 00 00 00
00 00 00 00 00 00 00 00 00 00 00 00 00 00 00 00
08 08 08 08 08 08 08 08 08 08 08 08 08 08 08 08
16 16 16 16 16 16 16 16 16 16 16 16 16 16 16 16
00 00 00 00 00 00 00 00 00 00 00 00 00 00 00 00
00 00 00 00 00 00 00 00 00 00 00 00 00 00 00 00
02 02 02 02 02 02 02 02 02 02 02 02 02 02 02 02
10 10 10 10 10 10 10 10 10 10 10 10 10 10 10 10
1e 1e 1e 1e 1e 1e 1e 1e 1e 1e 1e 1e 1e 1e 1e 1e
00 00 00 00 00 00 00 00 00 00 00 00 00 00 00 00
00 00 00 00 00 00 00 00 00 00 00 00 00 00 00 00
0a 0a 0a 0a 0a 0a 0a 0a 0a 0a 0a 0a 0a 0a 0a 0a
18 18 18 18 18 18 18 18 18 18 18 18 18 18 18 18
00 00 00 00 00 00 00 00 00 00 00 00 00 00 00 00
00 00 00 00 00 00 00 00 00 00 00 00 00 00 00 00
04 04 04 04 04 04 04 04 04 04 04 04 04 04 04 04
12 12 12 12 12 12 12 12 12 12 12 12 12 12 12 12
00 00 00 00 00 00 00 00 00 00 00 00 00 00 00 00
00 00 00 00 00 00 00 00 00 00 00 00 00 00 00 00
00 00 00 00 00 00 00 00 00 00 00 00 00 00 00 00
0c 0c 0c 0c 0c 0c 0c 0c 0c 0c 0c 0c 0c 0c 0c 0c
1a 1a 1a 1a 1a 1a 1a 1a 1a 1a 1a 1a 1a 1a 1a 1a
00 00 00 00 00 00 00 00 00 00 00 00 00 00 00 00
00 00 00 00 00 00 00 00 00 00 00 00 00 00 00 00
06 06 06 06 06 06 06 06 06 06 06 06 06 06 06 06
14 14 14 14 14 14 14 14 14 14 14 14 14 14 14 14
00 00 00 00 00 00 00 00 00 00 00 00 00 00 00 00
00 00 00 00 00 00 00 00 00 00 00 00 00 00 00 00
00 00 00 00 00 00 00 00 00 00 00 00 00 00 00 00
0e 0e 0e 0e 0e 0e 0e 0e 0e 0e 0e 0e 0e 0e 0e 0e
1c 1c 1c 1c 1c 1c 1c 1c 1c 1c 1c 1c 1c 1c 1c 1c
00 00 00 00 00 00 00 00 00 00 00 00 00 00 00 00
00 00 00 00 00 00 00 00 00 00 00 00 00 00 00 00
08 08 08 08 08 08 08 08 08 08 08 08 08 08 08 08
16 16 16 16 16 16 16 16 16 16 16 16 16 16 16 16
00 00 00 00 00 00 00 00 00 00 00 00 00 00 00 00
00 00 00 00 00 00 00 00 00 00 00 00 00 00 00 00
02 02 02 02 02 02 02 02 02 02 02 02 02 02 02 02
10 10 10 10 10 10 10 10 10 10 10 10 10 10 10 10
1e 1e 1e 1e 1e 1e 1e 1e 1e 1e 1e 1e 1e 1e 1e 1e
00 00 00 00 00 00 00 00 00 00 00 00 00 00 00 00
00 00 00 00 00 00 00 00 00 00 00 00 00 00 00 00
0a 0a 0a 0a 0a 0a 0a 0a 0a 0a 0a 0a 0a 0a 0a 0a
18 18 18 18 18 18 18 18 18 18 18 18 18 18 18 18
00 00 00 00 00 00 00 00 00 00 00 00 00 00 00 00
00 00 00 00 00 00 00 00 00 00 00 00 00 00 00 00
04 04 04 04 04 04 04 04 04 04 04 04 04 04 04 04
12 12 12 12 12 12 12 12 12 12 12 12 12 12 12 12
00 00 00 00 00 00 00 00 00 00 00 00 00 00 00 00
00 00 00 00 00 00 00 00 00 00 00 00 00 00 00 00
00 00 00 00 00 00 00 00 00 00 00 00 00 00 00 00
0c 0c 0c 0c 0c 0c 0c 0c 0c 0c 0c 0c 0c 0c 0c 0c
1a 1a 1a 1a 1a 1a 1a 1a 1a 1a 1a 1a 1a 1a 1a 1a
00 00 00 00 00 00 00 00 00 00 00 00 00 00 00 00
00 00 00 00 00 00 00 00 00 00 00 00 00 00 00 00
06 06 06 06 06 06 06 06 06 06 06 06 06 06 06 06
14 14 14 14 14 14 14 14 14 14 14 14 14 14 14 14
00 00 00 00 00 00 00 00 00 00 00 00 00 00 00 00
00 00 00 00 00 00 00 00 00 00 00 00 00 00 00 00
00 00 00 00 00 00 00 00 00 00 00 00 00 00 00 00
0e 0e 0e 0e 0e 0e 0e 0e 0e 0e 0e 0e 0e 0e 0e 0e
1c 1c 1c 1c 1c 1c 1c 1c 1c 1c 1c 1c 1c 1c 1c 1c
00 00 00 00 00 00 00 00 00 00 00 00 00 00 00 00
00 00 00 00 00 00 00 00 00 00 00 00 00 00 00 00
08 08 08 08 08 08 08 08 08 08 08 08 08 08 08 08
16 16 16 16 16 16 16 16 16 16 16 16 16 16 16 16
00 00 00 00 00 00 00 00 00 00 00 00 00 00 00 00
00 00 00 00 00 00 00 00 00 00 00 00 00 00 00 00
02 02 02 02 02 02 02 02 02 02 02 02 02 02 02 02
10 10 10 10 10 10 10 10 10 10 10 10 10 10 10 10
1e 1e 1e 1e 1e 1e 1e 1e 1e 1e 1e 1e 1e 1e 1e 1e
00 00 00 00 00 00 00 00 00 00 00 00 00 00 00 00
00 00 00 00 00 00 00 00 00 00 00 00 00 00 00 00
0a 0a 0a 0a 0a 0a 0a 0a 0a 0a 0a 0a 0a 0a 0a 0a
18 18 18 18 18 18 18 18 18 18 18 18 18 18 18 18
00 00 00 00 00 00 00 00 00 00 00 00 00 00 00 00
00 00 00 00 00 00 00 00 00 00 00 00 00 00 00 00
04 04 04 04 04 04 04 04 04 04 04 04 04 04 04 04
12 12 12 12 12 12 12 12 12 12 12 12 12 12 12 12
00 00 00 00 00 00 00 00 00 00 00 00 00 00 00 00
00 00 00 00 00 00 00 00 00 00 00 00 00 00 00 00
00 00 00 00 00 00 00 00 00 00 00 00 00 00 00 00
0c 0c 0c 0c 0c 0c 0c 0c 0c 0c 0c 0c 0c 0c 0c 0c
1a 1a 1a 1a 1a 1a 1a 1a 1a 1a 1a 1a 1a 1a 1a 1a
00 00 00 00 00 00 00 00 00 00 00 00 00 00 00 00
00 00 00 00 00 00 00 00 00 00 00 00 00 00 00 00
06 06 06 06 06 06 06 06 06 06 06 06 06 06 06 06
14 14 14 14 14 14 14 14 14 14 14 14 14 14 14 14
00 00 00 00 00 00 00 00 00 00 00 00 00 00 00 00
00 00 00 00 00 00 00 00 00 00 00 00 00 00 00 00
00 00 00 00 00 00 00 00 00 00 00 00 00 00 00 00
0e 0e 0e 0e 0e 0e 0e 0e 0e 0e 0e 0e 0e 0e 0e 0e
1c 1c 1c 1c 1c 1c 1c 1c 1c 1c 1c 1c 1c 1c 1c 1c
00 00 00 00 00 00 00 00 00 00 00 00 00 00 00 00
00 00 00 00 00 00 00 00 00 00 00 00 00 00 00 00
08 08 08 08 08 08 08 08 08 08 08 08 08 08 08 08
16 16 16 16 16 16 16 16 16 16 16 16 16 16 16 16
00 00 00 00 00 00 00 00 00 00 00 00 00 00 00 00
00 00 00 00 00 00 00 00 00 00 00 00 00 00 00 00
02 02 02 02 02 02 02 02 02 02 02 02 02 02 02 02
10 10 10 10 10 10 10 10 10 10 10 10 10 10 10 10
1e 1e 1e 1e 1e 1e 1e 1e 1e 1e 1e 1e 1e 1e 1e 1e
00 00 00 00 00 00 00 00 00 00 00 00 00 00 00 00
00 00 00 00 00 00 00 00 00 00 00 00 00 00 00 00
0a 0a 0a 0a 0a 0a 0a 0a 0a 0a 0a 0a 0a 0a 0a 0a
18 18 18 18 18 18 18 18 18 18 18 18 18 18 18 18
00 00 00 00 00 00 00 00 00 00 00 00 00 00 00 00
00 00 00 00 00 00 00 00 00 00 00 00 00 00 00 00
04 04 04 04 04 04 04 04 04 04 04 04 04 04 04 04
12 12 12 12 12 12 12 12 12 12 12 12 12 12 12 12
00 00 00 00 00 00 00 00 00 00 00 00 00 00 00 00
00 00 00 00 00 00 00 00 00 00 00 00 00 00 00 00
00 00 00 00 00 00 00 00 00 00 00 00 00 00 00 00
0c 0c 0c 0c 0c 0c 0c 0c 0c 0c 0c 0c 0c 0c 0c 0c
1a 1a 1a 1a 1a 1a 1a 1a 1a 1a 1a 1a 1a 1a 1a 1a
00 00 00 00 00 00 00 00 00 00 00 00 00 00 00 00
00 00 00 00 00 00 00 00 00 00 00 00 00 00 00 00
06 06 06 06 06 06 06 06 06 06 06 06 06 06 06 06
14 14 14 14 14 14 14 14 14 14 14 14 14 14 14 14
00 00 00 00 00 00 00 00 00 00 00 00 00 00 00 00
00 00 00 00 00 00 00 00 00 00 00 00 00 00 00 00
00 00 00 00 00 00 00 00 00 00 00 00 00 00 00 00
0e 0e 0e 0e 0e 0e 0e 0e 0e 0e 0e 0e 0e 0e 0e 0e
1c 1c 1c 1c 1c 1c 1c 1c 1c 1c 1c 1c 1c 1c 1c 1c
00 00 00 00 00 00 00 00 00 00 00 00 00 00 00 00
00 00 00 00 00 00 00 00 00 00 00 00 00 00 00 00
08 08 08 08 08 08 08 08 08 08 08 08 08 08 08 08
16 16 16 16 16 16 16 16 16 16 16 16 16 16 16 16
00 00 00 00 00 00 00 00 00 00 00 00 00 00 00 00
00 00 00 00 00 00 00 00 00 00 00 00 00 00 00 00
02 02 02 02 02 02 02 02 02 02 02 02 02 02 02 02
10 10 10 10 10 10 10 10 10 10 10 10 10 10 10 10
1e 1e 1e 1e 1e 1e 1e 1e 1e 1e 1e 1e 1e 1e 1e 1e
00 00 00 00 00 00 00 00 00 00 00 00 00 00 00 00
00 00 00 00 00 00 00 00 00 00 00 00 00 00 00 00
0a 0a 0a 0a 0a 0a 0a 0a 0a 0a 0a 0a 0a 0a 0a 0a
18 18 18 18 18 18 18 18 18 18 18 18 18 18 18 18
00 00 00 00 00 00 00 00 00 00 00 00 00 00 00 00
00 00 00 00 00 00 00 00 00 00 00 00 00 00 00 00
04 04 04 04 04 04 04 04 04 04 04 04 04 04 04 04
12 12 12 12 12 12 12 12 12 12 12 12 12 12 12 12
00 00 00 00 00 00 00 00 00 00 00 00 00 00 00 00
00 00 00 00 00 00 00 00 00 00 00 00 00 00 00 00
00 00 00 00 00 00 00 00 00 00 00 00 00 00 00 00
0c 0c 0c 0c 0c 0c 0c 0c 0c 0c 0c 0c 0c 0c 0c 0c
1a 1a 1a 1a 1a 1a 1a 1a 1a 1a 1a 1a 1a 1a 1a 1a
00 00 00 00 00 00 00 00 00 00 00 00 00 00 00 00
00 00 00 00 00 00 00 00 00 00 00 00 00 00 00 00
06 06 06 06 06 06 06 06 06 06 06 06 06 06 06 06
14 14 14 14 14 14 14 14 14 14 14 14 14 14 14 14
00 00 00 00 00 00 00 00 00 00 00 00 00 00 00 00
00 00 00 00 00 00 00 00 00 00 00 00 00 00 00 00
00 00 00 00 00 00 00 00 00 00 00 00 00 00 00 00
0e 0e 0e 0e 0e 0e 0e 0e 0e 0e 0e 0e 0e 0e 0e 0e
1c 1c 1c 1c 1c 1c 1c 1c 1c 1c 1c 1c 1c 1c 1c 1c
00 00 00 00 00 00 00 00 00 00 00 00 00 00 00 00
00 00 00 00 00 00 00 00 00 00 00 00 00 00 00 00
08 08 08 08 08 08 08 08 08 08 08 08 08 08 08 08
16 16 16 16 16 16 16 16 16 16 16 16 16 16 16 16
00 00 00 00 00 00 00 00 00 00 00 00 00 00 00 00
00 00 00 00 00 00 00 00 00 00 00 00 00 00 00 00
02 02 02 02 02 02 02 02 02 02 02 02 02 02 02 02
10 10 10 10 10 10 10 10 10 10 10 10 10 10 10 10
1e 1e 1e 1e 1e 1e 1e 1e 1e 1e 1e 1e 1e 1e 1e 1e
00 00 00 00 00 00 00 00 00 00 00 00 00 00 00 00
00 00 00 00 00 00 00 00 00 00 00 00 00 00 00 00
0a 0a 0a 0a 0a 0a 0a 0a 0a 0a 0a 0a 0a 0a 0a 0a
18 18 18 18 18 18 18 18 18 18 18 18 18 18 18 18
00 00 00 00 00 00 00 00 00 00 00 00 00 00 00 00
00 00 00 00 00 00 00 00 00 00 00 00 00 00 00 00
04 04 04 04 04 04 04 04 04 04 04 04 04 04 04 04
12 12 12 12 12 12 12 12 12 12 12 12 12 12 12 12
00 00 00 00 00 00 00 00 00 00 00 00 00 00 00 00
00 00 00 00 00 00 00 00 00 00 00 00 00 00 00 00
00 00 00 00 00 00 00 00 00 00 00 00 00 00 00 00
0c 0c 0c 0c 0c 0c 0c 0c 0c 0c 0c 0c 0c 0c 0c 0c
1a 1a 1a 1a 1a 1a 1a 1a 1a 1a 1a 1a 1a 1a 1a 1a
00 00 00 00 00 00 00 00 00 00 00 00 00 00 00 00
00 00 00 00 00 00 00 00 00 00 00 00 00 00 00 00
06 06 06 06 06 06 06 06 06 06 06 06 06 06 06 06
14 14 14 14 14 14 14 14 14 14 14 14 14 14 14 14
00 00 00 00 00 00 00 00 00 00 00 00 00 00 00 00
00 00 00 00 00 00 00 00 00 00 00 00 00 00 00 00
00 00 00 00 00 00 00 00 00 00 00 00 00 00 00 00
0e 0e 0e 0e 0e 0e 0e 0e 0e 0e 0e 0e 0e 0e 0e 0e
1c 1c 1c 1c 1c 1c 1c 1c 1c 1c 1c 1c 1c 1c 1c 1c
00 00 00 00 00 00 00 00 00 00 00 00 00 00 00 00
00 00 00 00 00 00 00 00 00 00 00 00 00 00 00 00
08 08 08 08 08 08 08 08 08 08 08 08 08 08 08 08
16 16 16 16 16 16 16 16 16 16 16 16 16 16 16 16
00 00 00 00 00 00 00 00 00 00 00 00 00 00 00 00
00 00 00 00 00 00 00 00 00 00 00 00 00 00 00 00
02 02 02 02 02 02 02 02 02 02 02 02 02 02 02 02
10 10 10 10 10 10 10 10 10 10 10 10 10 10 10 10
1e 1e 1e 1e 1e 1e 1e 1e 1e 1e 1e 1e 1e 1e 1e 1e
00 00 00 00 00 00 00 00 00 00 00 00 00 00 00 00
00 00 00 00 00 00 00 00 00 00 00 00 00 00 00 00
0a 0a 0a 0a 0a 0a 0a 0a 0a 0a 0a 0a 0a 0a 0a 0a
18 18 18 18 18 18 18 18 18 18 18 18 18 18 18 18
00 00 00 00 00 00 00 00 00 00 00 00 00 00 00 00
00 00 00 00 00 00 00 00 00 00 00 00 00 00 00 00
04 04 04 04 04 04 04 04 04 04 04 04 04 04 04 04
12 12 12 12 12 12 12 12 12 12 12 12 12 12 12 12
00 00 00 00 00 00 00 00 00 00 00 00 00 00 00 00
00 00 00 00 00 00 00 00 00 00 00 00 00 00 00 00
00 00 00 00 00 00 00 00 00 00 00 00 00 00 00 00
0c 0c 0c 0c 0c 0c 0c 0c 0c 0c 0c 0c 0c 0c 0c 0c
1a 1a 1a 1a 1a 1a 1a 1a 1a 1a 1a 1a 1a 1a 1a 1a
00 00 00 00 00 00 00 00 00 00 00 00 00 00 00 00
@008000
f4 f4 f4 f4 f4 f4 f4 f4 f4 f4 f4 f4 f4 f4 f4 f4
fb fb fb fb fb fb fb fb fb fb fb fb fb fb fb fb
08 08 08 08 08 08 08 08 08 08 08 08 08 08 08 08
24 24 24 24 24 24 24 24 24 24 24 24 24 24 24 24
f1 f1 f1 f1 f1 f1 f1 f1 f1 f1 f1 f1 f1 f1 f1 f1
f8 f8 f8 f8 f8 f8 f8 f8 f8 f8 f8 f8 f8 f8 f8 f8
ff ff ff ff ff ff ff ff ff ff ff ff ff ff ff ff
18 18 18 18 18 18 18 18 18 18 18 18 18 18 18 18
34 34 34 34 34 34 34 34 34 34 34 34 34 34 34 34
f5 f5 f5 f5 f5 f5 f5 f5 f5 f5 f5 f5 f5 f5 f5 f5
fc fc fc fc fc fc fc fc fc fc fc fc fc fc fc fc
0c 0c 0c 0c 0c 0c 0c 0c 0c 0c 0c 0c 0c 0c 0c 0c
28 28 28 28 28 28 28 28 28 28 28 28 28 28 28 28
f2 f2 f2 f2 f2 f2 f2 f2 f2 f2 f2 f2 f2 f2 f2 f2
f9 f9 f9 f9 f9 f9 f9 f9 f9 f9 f9 f9 f9 f9 f9 f9
00 00 00 00 00 00 00 00 00 00 00 00 00 00 00 00
1c 1c 1c 1c 1c 1c 1c 1c 1c 1c 1c 1c 1c 1c 1c 1c
38 38 38 38 38 38 38 38 38 38 38 38 38 38 38 38
f6 f6 f6 f6 f6 f6 f6 f6 f6 f6 f6 f6 f6 f6 f6 f6
fd fd fd fd fd fd fd fd fd fd fd fd fd fd fd fd
10 10 10 10 10 10 10 10 10 10 10 10 10 10 10 10
2c 2c 2c 2c 2c 2c 2c 2c 2c 2c 2c 2c 2c 2c 2c 2c
f3 f3 f3 f3 f3 f3 f3 f3 f3 f3 f3 f3 f3 f3 f3 f3
fa fa fa fa fa fa fa fa fa fa fa fa fa fa fa fa
04 04 04 04 04 04 04 04 04 04 04 04 04 04 04 04
20 20 20 20 20 20 20 20 20 20 20 20 20 20 20 20
3c 3c 3c 3c 3c 3c 3c 3c 3c 3c 3c 3c 3c 3c 3c 3c
f7 f7 f7 f7 f7 f7 f7 f7 f7 f7 f7 f7 f7 f7 f7 f7
fe fe fe fe fe fe fe fe fe fe fe fe fe fe fe fe
14 14 14 14 14 14 14 14 14 14 14 14 14 14 14 14
30 30 30 30 30 30 30 30 30 30 30 30 30 30 30 30
f4 f4 f4 f4 f4 f4 f4 f4 f4 f4 f4 f4 f4 f4 f4 f4
fb fb fb fb fb fb fb fb fb fb fb fb fb fb fb fb
08 08 08 08 08 08 08 08 08 08 08 08 08 08 08 08
24 24 24 24 24 24 24 24 24 24 24 24 24 24 24 24
f1 f1 f1 f1 f1 f1 f1 f1 f1 f1 f1 f1 f1 f1 f1 f1
f8 f8 f8 f8 f8 f8 f8 f8 f8 f8 f8 f8 f8 f8 f8 f8
ff ff ff ff ff ff ff ff ff ff ff ff ff ff ff ff
18 18 18 18 18 18 18 18 18 18 18 18 18 18 18 18
34 34 34 34 34 34 34 34 34 34 34 34 34 34 34 34
f5 f5 f5 f5 f5 f5 f5 f5 f5 f5 f5 f5 f5 f5 f5 f5
fc fc fc fc fc fc fc fc fc fc fc fc fc fc fc fc
0c 0c 0c 0c 0c 0c 0c 0c 0c 0c 0c 0c 0c 0c 0c 0c
28 28 28 28 28 28 28 28 28 28 28 28 28 28 28 28
f2 f2 f2 f2 f2 f2 f2 f2 f2 f2 f2 f2 f2 f2 f2 f2
f9 f9 f9 f9 f9 f9 f9 f9 f9 f9 f9 f9 f9 f9 f9 f9
00 00 00 00 00 00 00 00 00 00 00 00 00 00 00 00
1c 1c 1c 1c 1c 1c 1c 1c 1c 1c 1c 1c 1c 1c 1c 1c
38 38 38 38 38 38 38 38 38 38 38 38 38 38 38 38
f6 f6 f6 f6 f6 f6 f6 f6 f6 f6 f6 f6 f6 f6 f6 f6
fd fd fd fd fd fd fd fd fd fd fd fd fd fd fd fd
10 10 10 10 10 10 10 10 10 10 10 10 10 10 10 10
2c 2c 2c 2c 2c 2c 2c 2c 2c 2c 2c 2c 2c 2c 2c 2c
f3 f3 f3 f3 f3 f3 f3 f3 f3 f3 f3 f3 f3 f3 f3 f3
fa fa fa fa fa fa fa fa fa fa fa fa fa fa fa fa
04 04 04 04 04 04 04 04 04 04 04 04 04 04 04 04
20 20 20 20 20 20 20 20 20 20 20 20 20 20 20 20
3c 3c 3c 3c 3c 3c 3c 3c 3c 3c 3c 3c 3c 3c 3c 3c
f7 f7 f7 f7 f7 f7 f7 f7 f7 f7 f7 f7 f7 f7 f7 f7
fe fe fe fe fe fe fe fe fe fe fe fe fe fe fe fe
14 14 14 14 14 14 14 14 14 14 14 14 14 14 14 14
30 30 30 30 30 30 30 30 30 30 30 30 30 30 30 30
f4 f4 f4 f4 f4 f4 f4 f4 f4 f4 f4 f4 f4 f4 f4 f4
fb fb fb fb fb fb fb fb fb fb fb fb fb fb fb fb
08 08 08 08 08 08 08 08 08 08 08 08 08 08 08 08
24 24 24 24 24 24 24 24 24 24 24 24 24 24 24 24
f1 f1 f1 f1 f1 f1 f1 f1 f1 f1 f1 f1 f1 f1 f1 f1
f8 f8 f8 f8 f8 f8 f8 f8 f8 f8 f8 f8 f8 f8 f8 f8
ff ff ff ff ff ff ff ff ff ff ff ff ff ff ff ff
18 18 18 18 18 18 18 18 18 18 18 18 18 18 18 18
34 34 34 34 34 34 34 34 34 34 34 34 34 34 34 34
f5 f5 f5 f5 f5 f5 f5 f5 f5 f5 f5 f5 f5 f5 f5 f5
fc fc fc fc fc fc fc fc fc fc fc fc fc fc fc fc
0c 0c 0c 0c 0c 0c 0c 0c 0c 0c 0c 0c 0c 0c 0c 0c
28 28 28 28 28 28 28 28 28 28 28 28 28 28 28 28
f2 f2 f2 f2 f2 f2 f2 f2 f2 f2 f2 f2 f2 f2 f2 f2
f9 f9 f9 f9 f9 f9 f9 f9 f9 f9 f9 f9 f9 f9 f9 f9
00 00 00 00 00 00 00 00 00 00 00 00 00 00 00 00
1c 1c 1c 1c 1c 1c 1c 1c 1c 1c 1c 1c 1c 1c 1c 1c
38 38 38 38 38 38 38 38 38 38 38 38 38 38 38 38
f6 f6 f6 f6 f6 f6 f6 f6 f6 f6 f6 f6 f6 f6 f6 f6
fd fd fd fd fd fd fd fd fd fd fd fd fd fd fd fd
10 10 10 10 10 10 10 10 10 10 10 10 10 10 10 10
2c 2c 2c 2c 2c 2c 2c 2c 2c 2c 2c 2c 2c 2c 2c 2c
f3 f3 f3 f3 f3 f3 f3 f3 f3 f3 f3 f3 f3 f3 f3 f3
fa fa fa fa fa fa fa fa fa fa fa fa fa fa fa fa
04 04 04 04 04 04 04 04 04 04 04 04 04 04 04 04
20 20 20 20 20 20 20 20 20 20 20 20 20 20 20 20
3c 3c 3c 3c 3c 3c 3c 3c 3c 3c 3c 3c 3c 3c 3c 3c
f7 f7 f7 f7 f7 f7 f7 f7 f7 f7 f7 f7 f7 f7 f7 f7
fe fe fe fe fe fe fe fe fe fe fe fe fe fe fe fe
14 14 14 14 14 14 14 14 14 14 14 14 14 14 14 14
30 30 30 30 30 30 30 30 30 30 30 30 30 30 30 30
f4 f4 f4 f4 f4 f4 f4 f4 f4 f4 f4 f4 f4 f4 f4 f4
fb fb fb fb fb fb fb fb fb fb fb fb fb fb fb fb
08 08 08 08 08 08 08 08 08 08 08 08 08 08 08 08
24 24 24 24 24 24 24 24 24 24 24 24 24 24 24 24
f1 f1 f1 f1 f1 f1 f1 f1 f1 f1 f1 f1 f1 f1 f1 f1
f8 f8 f8 f8 f8 f8 f8 f8 f8 f8 f8 f8 f8 f8 f8 f8
ff ff ff ff ff ff ff ff ff ff ff ff ff ff ff ff
18 18 18 18 18 18 18 18 18 18 18 18 18 18 18 18
34 34 34 34 34 34 34 34 34 34 34 34 34 34 34 34
f5 f5 f5 f5 f5 f5 f5 f5 f5 f5 f5 f5 f5 f5 f5 f5
fc fc fc fc fc fc fc fc fc fc fc fc fc fc fc fc
0c 0c 0c 0c 0c 0c 0c 0c 0c 0c 0c 0c 0c 0c 0c 0c
28 28 28 28 28 28 28 28 28 28 28 28 28 28 28 28
f2 f2 f2 f2 f2 f2 f2 f2 f2 f2 f2 f2 f2 f2 f2 f2
f9 f9 f9 f9 f9 f9 f9 f9 f9 f9 f9 f9 f9 f9 f9 f9
00 00 00 00 00 00 00 00 00 00 00 00 00 00 00 00
1c 1c 1c 1c 1c 1c 1c 1c 1c 1c 1c 1c 1c 1c 1c 1c
38 38 38 38 38 38 38 38 38 38 38 38 38 38 38 38
f6 f6 f6 f6 f6 f6 f6 f6 f6 f6 f6 f6 f6 f6 f6 f6
fd fd fd fd fd fd fd fd fd fd fd fd fd fd fd fd
10 10 10 10 10 10 10 10 10 10 10 10 10 10 10 10
2c 2c 2c 2c 2c 2c 2c 2c 2c 2c 2c 2c 2c 2c 2c 2c
f3 f3 f3 f3 f3 f3 f3 f3 f3 f3 f3 f3 f3 f3 f3 f3
fa fa fa fa fa fa fa fa fa fa fa fa fa fa fa fa
04 04 04 04 04 04 04 04 04 04 04 04 04 04 04 04
20 20 20 20 20 20 20 20 20 20 20 20 20 20 20 20
3c 3c 3c 3c 3c 3c 3c 3c 3c 3c 3c 3c 3c 3c 3c 3c
f7 f7 f7 f7 f7 f7 f7 f7 f7 f7 f7 f7 f7 f7 f7 f7
fe fe fe fe fe fe fe fe fe fe fe fe fe fe fe fe
14 14 14 14 14 14 14 14 14 14 14 14 14 14 14 14
30 30 30 30 30 30 30 30 30 30 30 30 30 30 30 30
f4 f4 f4 f4 f4 f4 f4 f4 f4 f4 f4 f4 f4 f4 f4 f4
fb fb fb fb fb fb fb fb fb fb fb fb fb fb fb fb
08 08 08 08 08 08 08 08 08 08 08 08 08 08 08 08
24 24 24 24 24 24 24 24 24 24 24 24 24 24 24 24
f1 f1 f1 f1 f1 f1 f1 f1 f1 f1 f1 f1 f1 f1 f1 f1
f8 f8 f8 f8 f8 f8 f8 f8 f8 f8 f8 f8 f8 f8 f8 f8
ff ff ff ff ff ff ff ff ff ff ff ff ff ff ff ff
18 18 18 18 18 18 18 18 18 18 18 18 18 18 18 18
34 34 34 34 34 34 34 34 34 34 34 34 34 34 34 34
f5 f5 f5 f5 f5 f5 f5 f5 f5 f5 f5 f5 f5 f5 f5 f5
fc fc fc fc fc fc fc fc fc fc fc fc fc fc fc fc
0c 0c 0c 0c 0c 0c 0c 0c 0c 0c 0c 0c 0c 0c 0c 0c
28 28 28 28 28 28 28 28 28 28 28 28 28 28 28 28
f2 f2 f2 f2 f2 f2 f2 f2 f2 f2 f2 f2 f2 f2 f2 f2
f9 f9 f9 f9 f9 f9 f9 f9 f9 f9 f9 f9 f9 f9 f9 f9
00 00 00 00 00 00 00 00 00 00 00 00 00 00 00 00
1c 1c 1c 1c 1c 1c 1c 1c 1c 1c 1c 1c 1c 1c 1c 1c
38 38 38 38 38 38 38 38 38 38 38 38 38 38 38 38
f6 f6 f6 f6 f6 f6 f6 f6 f6 f6 f6 f6 f6 f6 f6 f6
fd fd fd fd fd fd fd fd fd fd fd fd fd fd fd fd
10 10 10 10 10 10 10 10 10 10 10 10 10 10 10 10
2c 2c 2c 2c 2c 2c 2c 2c 2c 2c 2c 2c 2c 2c 2c 2c
f3 f3 f3 f3 f3 f3 f3 f3 f3 f3 f3 f3 f3 f3 f3 f3
fa fa fa fa fa fa fa fa fa fa fa fa fa fa fa fa
04 04 04 04 04 04 04 04 04 04 04 04 04 04 04 04
20 20 20 20 20 20 20 20 20 20 20 20 20 20 20 20
3c 3c 3c 3c 3c 3c 3c 3c 3c 3c 3c 3c 3c 3c 3c 3c
f7 f7 f7 f7 f7 f7 f7 f7 f7 f7 f7 f7 f7 f7 f7 f7
fe fe fe fe fe fe fe fe fe fe fe fe fe fe fe fe
14 14 14 14 14 14 14 14 14 14 14 14 14 14 14 14
30 30 30 30 30 30 30 30 30 30 30 30 30 30 30 30
f4 f4 f4 f4 f4 f4 f4 f4 f4 f4 f4 f4 f4 f4 f4 f4
fb fb fb fb fb fb fb fb fb fb fb fb fb fb fb fb
08 08 08 08 08 08 08 08 08 08 08 08 08 08 08 08
24 24 24 24 24 24 24 24 24 24 24 24 24 24 24 24
f1 f1 f1 f1 f1 f1 f1 f1 f1 f1 f1 f1 f1 f1 f1 f1
f8 f8 f8 f8 f8 f8 f8 f8 f8 f8 f8 f8 f8 f8 f8 f8
ff ff ff ff ff ff ff ff ff ff ff ff ff ff ff ff
18 18 18 18 18 18 18 18 18 18 18 18 18 18 18 18
34 34 34 34 34 34 34 34 34 34 34 34 34 34 34 34
f5 f5 f5 f5 f5 f5 f5 f5 f5 f5 f5 f5 f5 f5 f5 f5
fc fc fc fc fc fc fc fc fc fc fc fc fc fc fc fc
0c 0c 0c 0c 0c 0c 0c 0c 0c 0c 0c 0c 0c 0c 0c 0c
28 28 28 28 28 28 28 28 28 28 28 28 28 28 28 28
f2 f2 f2 f2 f2 f2 f2 f2 f2 f2 f2 f2 f2 f2 f2 f2
f9 f9 f9 f9 f9 f9 f9 f9 f9 f9 f9 f9 f9 f9 f9 f9
00 00 00 00 00 00 00 00 00 00 00 00 00 00 00 00
1c 1c 1c 1c 1c 1c 1c 1c 1c 1c 1c 1c 1c 1c 1c 1c
38 38 38 38 38 38 38 38 38 38 38 38 38 38 38 38
f6 f6 f6 f6 f6 f6 f6 f6 f6 f6 f6 f6 f6 f6 f6 f6
fd fd fd fd fd fd fd fd fd fd fd fd fd fd fd fd
10 10 10 10 10 10 10 10 10 10 10 10 10 10 10 10
2c 2c 2c 2c 2c 2c 2c 2c 2c 2c 2c 2c 2c 2c 2c 2c
f3 f3 f3 f3 f3 f3 f3 f3 f3 f3 f3 f3 f3 f3 f3 f3
fa fa fa fa fa fa fa fa fa fa fa fa fa fa fa fa
04 04 04 04 04 04 04 04 04 04 04 04 04 04 04 04
20 20 20 20 20 20 20 20 20 20 20 20 20 20 20 20
3c 3c 3c 3c 3c 3c 3c 3c 3c 3c 3c 3c 3c 3c 3c 3c
f7 f7 f7 f7 f7 f7 f7 f7 f7 f7 f7 f7 f7 f7 f7 f7
fe fe fe fe fe fe fe fe fe fe fe fe fe fe fe fe
14 14 14 14 14 14 14 14 14 14 14 14 14 14 14 14
30 30 30 30 30 30 30 30 30 30 30 30 30 30 30 30
f4 f4 f4 f4 f4 f4 f4 f4 f4 f4 f4 f4 f4 f4 f4 f4
fb fb fb fb fb fb fb fb fb fb fb fb fb fb fb fb
08 08 08 08 08 08 08 08 08 08 08 08 08 08 08 08
24 24 24 24 24 24 24 24 24 24 24 24 24 24 24 24
f1 f1 f1 f1 f1 f1 f1 f1 f1 f1 f1 f1 f1 f1 f1 f1
f8 f8 f8 f8 f8 f8 f8 f8 f8 f8 f8 f8 f8 f8 f8 f8
ff ff ff ff ff ff ff ff ff ff ff ff ff ff ff ff
18 18 18 18 18 18 18 18 18 18 18 18 18 18 18 18
34 34 34 34 34 34 34 34 34 34 34 34 34 34 34 34
f5 f5 f5 f5 f5 f5 f5 f5 f5 f5 f5 f5 f5 f5 f5 f5
fc fc fc fc fc fc fc fc fc fc fc fc fc fc fc fc
0c 0c 0c 0c 0c 0c 0c 0c 0c 0c 0c 0c 0c 0c 0c 0c
28 28 28 28 28 28 28 28 28 28 28 28 28 28 28 28
f2 f2 f2 f2 f2 f2 f2 f2 f2 f2 f2 f2 f2 f2 f2 f2
f9 f9 f9 f9 f9 f9 f9 f9 f9 f9 f9 f9 f9 f9 f9 f9
00 00 00 00 00 00 00 00 00 00 00 00 00 00 00 00
1c 1c 1c 1c 1c 1c 1c 1c 1c 1c 1c 1c 1c 1c 1c 1c
38 38 38 38 38 38 38 38 38 38 38 38 38 38 38 38
f6 f6 f6 f6 f6 f6 f6 f6 f6 f6 f6 f6 f6 f6 f6 f6
fd fd fd fd fd fd fd fd fd fd fd fd fd fd fd fd
10 10 10 10 10 10 10 10 10 10 10 10 10 10 10 10
2c 2c 2c 2c 2c 2c 2c 2c 2c 2c 2c 2c 2c 2c 2c 2c
f3 f3 f3 f3 f3 f3 f3 f3 f3 f3 f3 f3 f3 f3 f3 f3
fa fa fa fa fa fa fa fa fa fa fa fa fa fa fa fa
04 04 04 04 04 04 04 04 04 04 04 04 04 04 04 04
20 20 20 20 20 20 20 20 20 20 20 20 20 20 20 20
3c 3c 3c 3c 3c 3c 3c 3c 3c 3c 3c 3c 3c 3c 3c 3c
f7 f7 f7 f7 f7 f7 f7 f7 f7 f7 f7 f7 f7 f7 f7 f7
fe fe fe fe fe fe fe fe fe fe fe fe fe fe fe fe
14 14 14 14 14 14 14 14 14 14 14 14 14 14 14 14
30 30 30 30 30 30 30 30 30 30 30 30 30 30 30 30
f4 f4 f4 f4 f4 f4 f4 f4 f4 f4 f4 f4 f4 f4 f4 f4
fb fb fb fb fb fb fb fb fb fb fb fb fb fb fb fb
08 08 08 08 08 08 08 08 08 08 08 08 08 08 08 08
24 24 24 24 24 24 24 24 24 24 24 24 24 24 24 24
f1 f1 f1 f1 f1 f1 f1 f1 f1 f1 f1 f1 f1 f1 f1 f1
f8 f8 f8 f8 f8 f8 f8 f8 f8 f8 f8 f8 f8 f8 f8 f8
ff ff ff ff ff ff ff ff ff ff ff ff ff ff ff ff
18 18 18 18 18 18 18 18 18 18 18 18 18 18 18 18
34 34 34 34 34 34 34 34 34 34 34 34 34 34 34 34
f5 f5 f5 f5 f5 f5 f5 f5 f5 f5 f5 f5 f5 f5 f5 f5
fc fc fc fc fc fc fc fc fc fc fc fc fc fc fc fc
0c 0c 0c 0c 0c 0c 0c 0c 0c 0c 0c 0c 0c 0c 0c 0c
28 28 28 28 28 28 28 28 28 28 28 28 28 28 28 28
f2 f2 f2 f2 f2 f2 f2 f2 f2 f2 f2 f2 f2 f2 f2 f2
f9 f9 f9 f9 f9 f9 f9 f9 f9 f9 f9 f9 f9 f9 f9 f9
00 00 00 00 00 00 00 00 00 00 00 00 00 00 00 00
1c 1c 1c 1c 1c 1c 1c 1c 1c 1c 1c 1c 1c 1c 1c 1c
38 38 38 38 38 38 38 38 38 38 38 38 38 38 38 38
f6 f6 f6 f6 f6 f6 f6 f6 f6 f6 f6 f6 f6 f6 f6 f6
fd fd fd fd fd fd fd fd fd fd fd fd fd fd fd fd
10 10 10 10 10 10 10 10 10 10 10 10 10 10 10 10
2c 2c 2c 2c 2c 2c 2c 2c 2c 2c 2c 2c 2c 2c 2c 2c
f3 f3 f3 f3 f3 f3 f3 f3 f3 f3 f3 f3 f3 f3 f3 f3
fa fa fa fa fa fa fa fa fa fa fa fa fa fa fa fa
04 04 04 04 04 04 04 04 04 04 04 04 04 04 04 04
20 20 20 20 20 20 20 20 20 20 20 20 20 20 20 20
3c 3c 3c 3c 3c 3c 3c 3c 3c 3c 3c 3c 3c 3c 3c 3c
f7 f7 f7 f7 f7 f7 f7 f7 f7 f7 f7 f7 f7 f7 f7 f7
fe fe fe fe fe fe fe fe fe fe fe fe fe fe fe fe
14 14 14 14 14 14 14 14 14 14 14 14 14 14 14 14
30 30 30 30 30 30 30 30 30 30 30 30 30 30 30 30
f4 f4 f4 f4 f4 f4 f4 f4 f4 f4 f4 f4 f4 f4 f4 f4
fb fb fb fb fb fb fb fb fb fb fb fb fb fb fb fb
08 08 08 08 08 08 08 08 08 08 08 08 08 08 08 08
24 24 24 24 24 24 24 24 24 24 24 24 24 24 24 24
f1 f1 f1 f1 f1 f1 f1 f1 f1 f1 f1 f1 f1 f1 f1 f1
f8 f8 f8 f8 f8 f8 f8 f8 f8 f8 f8 f8 f8 f8 f8 f8
ff ff ff ff ff ff ff ff ff ff ff ff ff ff ff ff
18 18 18 18 18 18 18 18 18 18 18 18 18 18 18 18
34 34 34 34 34 34 34 34 34 34 34 34 34 34 34 34
f5 f5 f5 f5 f5 f5 f5 f5 f5 f5 f5 f5 f5 f5 f5 f5
fc fc fc fc fc fc fc fc fc fc fc fc fc fc fc fc
0c 0c 0c 0c 0c 0c 0c 0c 0c 0c 0c 0c 0c 0c 0c 0c
28 28 28 28 28 28 28 28 28 28 28 28 28 28 28 28
f2 f2 f2 f2 f2 f2 f2 f2 f2 f2 f2 f2 f2 f2 f2 f2
f9 f9 f9 f9 f9 f9 f9 f9 f9 f9 f9 f9 f9 f9 f9 f9
00 00 00 00 00 00 00 00 00 00 00 00 00 00 00 00
1c 1c 1c 1c 1c 1c 1c 1c 1c 1c 1c 1c 1c 1c 1c 1c
38 38 38 38 38 38 38 38 38 38 38 38 38 38 38 38
f6 f6 f6 f6 f6 f6 f6 f6 f6 f6 f6 f6 f6 f6 f6 f6
fd fd fd fd fd fd fd fd fd fd fd fd fd fd fd fd
10 10 10 10 10 10 10 10 10 10 10 10 10 10 10 10
2c 2c 2c 2c 2c 2c 2c 2c 2c 2c 2c 2c 2c 2c 2c 2c
f3 f3 f3 f3 f3 f3 f3 f3 f3 f3 f3 f3 f3 f3 f3 f3
fa fa fa fa fa fa fa fa fa fa fa fa fa fa fa fa
04 04 04 04 04 04 04 04 04 04 04 04 04 04 04 04
20 20 20 20 20 20 20 20 20 20 20 20 20 20 20 20
3c 3c 3c 3c 3c 3c 3c 3c 3c 3c 3c 3c 3c 3c 3c 3c
f7 f7 f7 f7 f7 f7 f7 f7 f7 f7 f7 f7 f7 f7 f7 f7
fe fe fe fe fe fe fe fe fe fe fe fe fe fe fe fe
14 14 14 14 14 14 14 14 14 14 14 14 14 14 14 14
30 30 30 30 30 30 30 30 30 30 30 30 30 30 30 30
f4 f4 f4 f4 f4 f4 f4 f4 f4 f4 f4 f4 f4 f4 f4 f4
fb fb fb fb fb fb fb fb fb fb fb fb fb fb fb fb
08 08 08 08 08 08 08 08 08 08 08 08 08 08 08 08
24 24 24 24 24 24 24 24 24 24 24 24 24 24 24 24
f1 f1 f1 f1 f1 f1 f1 f1 f1 f1 f1 f1 f1 f1 f1 f1
f8 f8 f8 f8 f8 f8 f8 f8 f8 f8 f8 f8 f8 f8 f8 f8
ff ff ff ff ff ff ff ff ff ff ff ff ff ff ff ff
18 18 18 18 18 18 18 18 18 18 18 18 18 18 18 18
34 34 34 34 34 34 34 34 34 34 34 34 34 34 34 34
f5 f5 f5 f5 f5 f5 f5 f5 f5 f5 f5 f5 f5 f5 f5 f5
fc fc fc fc fc fc fc fc fc fc fc fc fc fc fc fc
0c 0c 0c 0c 0c 0c 0c 0c 0c 0c 0c 0c 0c 0c 0c 0c
28 28 28 28 28 28 28 28 28 28 28 28 28 28 28 28
f2 f2 f2 f2 f2 f2 f2 f2 f2 f2 f2 f2 f2 f2 f2 f2
f9 f9 f9 f9 f9 f9 f9 f9 f9 f9 f9 f9 f9 f9 f9 f9
00 00 00 00 00 00 00 00 00 00 00 00 00 00 00 00
1c 1c 1c 1c 1c 1c 1c 1c 1c 1c 1c 1c 1c 1c 1c 1c
38 38 38 38 38 38 38 38 38 38 38 38 38 38 38 38
f6 f6 f6 f6 f6 f6 f6 f6 f6 f6 f6 f6 f6 f6 f6 f6
fd fd fd fd fd fd fd fd fd fd fd fd fd fd fd fd
10 10 10 10 10 10 10 10 10 10 10 10 10 10 10 10
2c 2c 2c 2c 2c 2c 2c 2c 2c 2c 2c 2c 2c 2c 2c 2c
f3 f3 f3 f3 f3 f3 f3 f3 f3 f3 f3 f3 f3 f3 f3 f3
fa fa fa fa fa fa fa fa fa fa fa fa fa fa fa fa
04 04 04 04 04 04 04 04 04 04 04 04 04 04 04 04
20 20 20 20 20 20 20 20 20 20 20 20 20 20 20 20
3c 3c 3c 3c 3c 3c 3c 3c 3c 3c 3c 3c 3c 3c 3c 3c
f7 f7 f7 f7 f7 f7 f7 f7 f7 f7 f7 f7 f7 f7 f7 f7
fe fe fe fe fe fe fe fe fe fe fe fe fe fe fe fe
14 14 14 14 14 14 14 14 14 14 14 14 14 14 14 14
30 30 30 30 30 30 30 30 30 30 30 30 30 30 30 30
f4 f4 f4 f4 f4 f4 f4 f4 f4 f4 f4 f4 f4 f4 f4 f4
fb fb fb fb fb fb fb fb fb fb fb fb fb fb fb fb
08 08 08 08 08 08 08 08 08 08 08 08 08 08 08 08
24 24 24 24 24 24 24 24 24 24 24 24 24 24 24 24
f1 f1 f1 f1 f1 f1 f1 f1 f1 f1 f1 f1 f1 f1 f1 f1
f8 f8 f8 f8 f8 f8 f8 f8 f8 f8 f8 f8 f8 f8 f8 f8
ff ff ff ff ff ff ff ff ff ff ff ff ff ff ff ff
18 18 18 18 18 18 18 18 18 18 18 18 18 18 18 18
34 34 34 34 34 34 34 34 34 34 34 34 34 34 34 34
f5 f5 f5 f5 f5 f5 f5 f5 f5 f5 f5 f5 f5 f5 f5 f5
@00a000
00 00 00 00 00 00 00 00 00 00 00 00 00 00 00 00
00 00 00 00 00 00 00 00 00 00 00 00 00 00 00 00
08 08 08 08 08 08 08 08 08 08 08 08 08 08 08 08
24 24 24 24 24 24 24 24 24 24 24 24 24 24 24 24
00 00 00 00 00 00 00 00 00 00 00 00 00 00 00 00
00 00 00 00 00 00 00 00 00 00 00 00 00 00 00 00
00 00 00 00 00 00 00 00 00 00 00 00 00 00 00 00
18 18 18 18 18 18 18 18 18 18 18 18 18 18 18 18
34 34 34 34 34 34 34 34 34 34 34 34 34 34 34 34
00 00 00 00 00 00 00 00 00 00 00 00 00 00 00 00
00 00 00 00 00 00 00 00 00 00 00 00 00 00 00 00
0c 0c 0c 0c 0c 0c 0c 0c 0c 0c 0c 0c 0c 0c 0c 0c
28 28 28 28 28 28 28 28 28 28 28 28 28 28 28 28
00 00 00 00 00 00 00 00 00 00 00 00 00 00 00 00
00 00 00 00 00 00 00 00 00 00 00 00 00 00 00 00
00 00 00 00 00 00 00 00 00 00 00 00 00 00 00 00
1c 1c 1c 1c 1c 1c 1c 1c 1c 1c 1c 1c 1c 1c 1c 1c
38 38 38 38 38 38 38 38 38 38 38 38 38 38 38 38
00 00 00 00 00 00 00 00 00 00 00 00 00 00 00 00
00 00 00 00 00 00 00 00 00 00 00 00 00 00 00 00
10 10 10 10 10 10 10 10 10 10 10 10 10 10 10 10
2c 2c 2c 2c 2c 2c 2c 2c 2c 2c 2c 2c 2c 2c 2c 2c
00 00 00 00 00 00 00 00 00 00 00 00 00 00 00 00
00 00 00 00 00 00 00 00 00 00 00 00 00 00 00 00
04 04 04 04 04 04 04 04 04 04 04 04 04 04 04 04
20 20 20 20 20 20 20 20 20 20 20 20 20 20 20 20
3c 3c 3c 3c 3c 3c 3c 3c 3c 3c 3c 3c 3c 3c 3c 3c
00 00 00 00 00 00 00 00 00 00 00 00 00 00 00 00
00 00 00 00 00 00 00 00 00 00 00 00 00 00 00 00
14 14 14 14 14 14 14 14 14 14 14 14 14 14 14 14
30 30 30 30 30 30 30 30 30 30 30 30 30 30 30 30
00 00 00 00 00 00 00 00 00 00 00 00 00 00 00 00
00 00 00 00 00 00 00 00 00 00 00 00 00 00 00 00
08 08 08 08 08 08 08 08 08 08 08 08 08 08 08 08
24 24 24 24 24 24 24 24 24 24 24 24 24 24 24 24
00 00 00 00 00 00 00 00 00 00 00 00 00 00 00 00
00 00 00 00 00 00 00 00 00 00 00 00 00 00 00 00
00 00 00 00 00 00 00 00 00 00 00 00 00 00 00 00
18 18 18 18 18 18 18 18 18 18 18 18 18 18 18 18
34 34 34 34 34 34 34 34 34 34 34 34 34 34 34 34
00 00 00 00 00 00 00 00 00 00 00 00 00 00 00 00
00 00 00 00 00 00 00 00 00 00 00 00 00 00 00 00
0c 0c 0c 0c 0c 0c 0c 0c 0c 0c 0c 0c 0c 0c 0c 0c
28 28 28 28 28 28 28 28 28 28 28 28 28 28 28 28
00 00 00 00 00 00 00 00 00 00 00 00 00 00 00 00
00 00 00 00 00 00 00 00 00 00 00 00 00 00 00 00
00 00 00 00 00 00 00 00 00 00 00 00 00 00 00 00
1c 1c 1c 1c 1c 1c 1c 1c 1c 1c 1c 1c 1c 1c 1c 1c
38 38 38 38 38 38 38 38 38 38 38 38 38 38 38 38
00 00 00 00 00 00 00 00 00 00 00 00 00 00 00 00
00 00 00 00 00 00 00 00 00 00 00 00 00 00 00 00
10 10 10 10 10 10 10 10 10 10 10 10 10 10 10 10
2c 2c 2c 2c 2c 2c 2c 2c 2c 2c 2c 2c 2c 2c 2c 2c
00 00 00 00 00 00 00 00 00 00 00 00 00 00 00 00
00 00 00 00 00 00 00 00 00 00 00 00 00 00 00 00
04 04 04 04 04 04 04 04 04 04 04 04 04 04 04 04
20 20 20 20 20 20 20 20 20 20 20 20 20 20 20 20
3c 3c 3c 3c 3c 3c 3c 3c 3c 3c 3c 3c 3c 3c 3c 3c
00 00 00 00 00 00 00 00 00 00 00 00 00 00 00 00
00 00 00 00 00 00 00 00 00 00 00 00 00 00 00 00
14 14 14 14 14 14 14 14 14 14 14 14 14 14 14 14
30 30 30 30 30 30 30 30 30 30 30 30 30 30 30 30
00 00 00 00 00 00 00 00 00 00 00 00 00 00 00 00
00 00 00 00 00 00 00 00 00 00 00 00 00 00 00 00
08 08 08 08 08 08 08 08 08 08 08 08 08 08 08 08
24 24 24 24 24 24 24 24 24 24 24 24 24 24 24 24
00 00 00 00 00 00 00 00 00 00 00 00 00 00 00 00
00 00 00 00 00 00 00 00 00 00 00 00 00 00 00 00
00 00 00 00 00 00 00 00 00 00 00 00 00 00 00 00
18 18 18 18 18 18 18 18 18 18 18 18 18 18 18 18
34 34 34 34 34 34 34 34 34 34 34 34 34 34 34 34
00 00 00 00 00 00 00 00 00 00 00 00 00 00 00 00
00 00 00 00 00 00 00 00 00 00 00 00 00 00 00 00
0c 0c 0c 0c 0c 0c 0c 0c 0c 0c 0c 0c 0c 0c 0c 0c
28 28 28 28 28 28 28 28 28 28 28 28 28 28 28 28
00 00 00 00 00 00 00 00 00 00 00 00 00 00 00 00
00 00 00 00 00 00 00 00 00 00 00 00 00 00 00 00
00 00 00 00 00 00 00 00 00 00 00 00 00 00 00 00
1c 1c 1c 1c 1c 1c 1c 1c 1c 1c 1c 1c 1c 1c 1c 1c
38 38 38 38 38 38 38 38 38 38 38 38 38 38 38 38
00 00 00 00 00 00 00 00 00 00 00 00 00 00 00 00
00 00 00 00 00 00 00 00 00 00 00 00 00 00 00 00
10 10 10 10 10 10 10 10 10 10 10 10 10 10 10 10
2c 2c 2c 2c 2c 2c 2c 2c 2c 2c 2c 2c 2c 2c 2c 2c
00 00 00 00 00 00 00 00 00 00 00 00 00 00 00 00
00 00 00 00 00 00 00 00 00 00 00 00 00 00 00 00
04 04 04 04 04 04 04 04 04 04 04 04 04 04 04 04
20 20 20 20 20 20 20 20 20 20 20 20 20 20 20 20
3c 3c 3c 3c 3c 3c 3c 3c 3c 3c 3c 3c 3c 3c 3c 3c
00 00 00 00 00 00 00 00 00 00 00 00 00 00 00 00
00 00 00 00 00 00 00 00 00 00 00 00 00 00 00 00
14 14 14 14 14 14 14 14 14 14 14 14 14 14 14 14
30 30 30 30 30 30 30 30 30 30 30 30 30 30 30 30
00 00 00 00 00 00 00 00 00 00 00 00 00 00 00 00
00 00 00 00 00 00 00 00 00 00 00 00 00 00 00 00
08 08 08 08 08 08 08 08 08 08 08 08 08 08 08 08
24 24 24 24 24 24 24 24 24 24 24 24 24 24 24 24
00 00 00 00 00 00 00 00 00 00 00 00 00 00 00 00
00 00 00 00 00 00 00 00 00 00 00 00 00 00 00 00
00 00 00 00 00 00 00 00 00 00 00 00 00 00 00 00
18 18 18 18 18 18 18 18 18 18 18 18 18 18 18 18
34 34 34 34 34 34 34 34 34 34 34 34 34 34 34 34
00 00 00 00 00 00 00 00 00 00 00 00 00 00 00 00
00 00 00 00 00 00 00 00 00 00 00 00 00 00 00 00
0c 0c 0c 0c 0c 0c 0c 0c 0c 0c 0c 0c 0c 0c 0c 0c
28 28 28 28 28 28 28 28 28 28 28 28 28 28 28 28
00 00 00 00 00 00 00 00 00 00 00 00 00 00 00 00
00 00 00 00 00 00 00 00 00 00 00 00 00 00 00 00
00 00 00 00 00 00 00 00 00 00 00 00 00 00 00 00
1c 1c 1c 1c 1c 1c 1c 1c 1c 1c 1c 1c 1c 1c 1c 1c
38 38 38 38 38 38 38 38 38 38 38 38 38 38 38 38
00 00 00 00 00 00 00 00 00 00 00 00 00 00 00 00
00 00 00 00 00 00 00 00 00 00 00 00 00 00 00 00
10 10 10 10 10 10 10 10 10 10 10 10 10 10 10 10
2c 2c 2c 2c 2c 2c 2c 2c 2c 2c 2c 2c 2c 2c 2c 2c
00 00 00 00 00 00 00 00 00 00 00 00 00 00 00 00
00 00 00 00 00 00 00 00 00 00 00 00 00 00 00 00
04 04 04 04 04 04 04 04 04 04 04 04 04 04 04 04
20 20 20 20 20 20 20 20 20 20 20 20 20 20 20 20
3c 3c 3c 3c 3c 3c 3c 3c 3c 3c 3c 3c 3c 3c 3c 3c
00 00 00 00 00 00 00 00 00 00 00 00 00 00 00 00
00 00 00 00 00 00 00 00 00 00 00 00 00 00 00 00
14 14 14 14 14 14 14 14 14 14 14 14 14 14 14 14
30 30 30 30 30 30 30 30 30 30 30 30 30 30 30 30
00 00 00 00 00 00 00 00 00 00 00 00 00 00 00 00
00 00 00 00 00 00 00 00 00 00 00 00 00 00 00 00
08 08 08 08 08 08 08 08 08 08 08 08 08 08 08 08
24 24 24 24 24 24 24 24 24 24 24 24 24 24 24 24
00 00 00 00 00 00 00 00 00 00 00 00 00 00 00 00
00 00 00 00 00 00 00 00 00 00 00 00 00 00 00 00
00 00 00 00 00 00 00 00 00 00 00 00 00 00 00 00
18 18 18 18 18 18 18 18 18 18 18 18 18 18 18 18
34 34 34 34 34 34 34 34 34 34 34 34 34 34 34 34
00 00 00 00 00 00 00 00 00 00 00 00 00 00 00 00
00 00 00 00 00 00 00 00 00 00 00 00 00 00 00 00
0c 0c 0c 0c 0c 0c 0c 0c 0c 0c 0c 0c 0c 0c 0c 0c
28 28 28 28 28 28 28 28 28 28 28 28 28 28 28 28
00 00 00 00 00 00 00 00 00 00 00 00 00 00 00 00
00 00 00 00 00 00 00 00 00 00 00 00 00 00 00 00
00 00 00 00 00 00 00 00 00 00 00 00 00 00 00 00
1c 1c 1c 1c 1c 1c 1c 1c 1c 1c 1c 1c 1c 1c 1c 1c
38 38 38 38 38 38 38 38 38 38 38 38 38 38 38 38
00 00 00 00 00 00 00 00 00 00 00 00 00 00 00 00
00 00 00 00 00 00 00 00 00 00 00 00 00 00 00 00
10 10 10 10 10 10 10 10 10 10 10 10 10 10 10 10
2c 2c 2c 2c 2c 2c 2c 2c 2c 2c 2c 2c 2c 2c 2c 2c
00 00 00 00 00 00 00 00 00 00 00 00 00 00 00 00
00 00 00 00 00 00 00 00 00 00 00 00 00 00 00 00
04 04 04 04 04 04 04 04 04 04 04 04 04 04 04 04
20 20 20 20 20 20 20 20 20 20 20 20 20 20 20 20
3c 3c 3c 3c 3c 3c 3c 3c 3c 3c 3c 3c 3c 3c 3c 3c
00 00 00 00 00 00 00 00 00 00 00 00 00 00 00 00
00 00 00 00 00 00 00 00 00 00 00 00 00 00 00 00
14 14 14 14 14 14 14 14 14 14 14 14 14 14 14 14
30 30 30 30 30 30 30 30 30 30 30 30 30 30 30 30
00 00 00 00 00 00 00 00 00 00 00 00 00 00 00 00
00 00 00 00 00 00 00 00 00 00 00 00 00 00 00 00
08 08 08 08 08 08 08 08 08 08 08 08 08 08 08 08
24 24 24 24 24 24 24 24 24 24 24 24 24 24 24 24
00 00 00 00 00 00 00 00 00 00 00 00 00 00 00 00
00 00 00 00 00 00 00 00 00 00 00 00 00 00 00 00
00 00 00 00 00 00 00 00 00 00 00 00 00 00 00 00
18 18 18 18 18 18 18 18 18 18 18 18 18 18 18 18
34 34 34 34 34 34 34 34 34 34 34 34 34 34 34 34
00 00 00 00 00 00 00 00 00 00 00 00 00 00 00 00
00 00 00 00 00 00 00 00 00 00 00 00 00 00 00 00
0c 0c 0c 0c 0c 0c 0c 0c 0c 0c 0c 0c 0c 0c 0c 0c
28 28 28 28 28 28 28 28 28 28 28 28 28 28 28 28
00 00 00 00 00 00 00 00 00 00 00 00 00 00 00 00
00 00 00 00 00 00 00 00 00 00 00 00 00 00 00 00
00 00 00 00 00 00 00 00 00 00 00 00 00 00 00 00
1c 1c 1c 1c 1c 1c 1c 1c 1c 1c 1c 1c 1c 1c 1c 1c
38 38 38 38 38 38 38 38 38 38 38 38 38 38 38 38
00 00 00 00 00 00 00 00 00 00 00 00 00 00 00 00
00 00 00 00 00 00 00 00 00 00 00 00 00 00 00 00
10 10 10 10 10 10 10 10 10 10 10 10 10 10 10 10
2c 2c 2c 2c 2c 2c 2c 2c 2c 2c 2c 2c 2c 2c 2c 2c
00 00 00 00 00 00 00 00 00 00 00 00 00 00 00 00
00 00 00 00 00 00 00 00 00 00 00 00 00 00 00 00
04 04 04 04 04 04 04 04 04 04 04 04 04 04 04 04
20 20 20 20 20 20 20 20 20 20 20 20 20 20 20 20
3c 3c 3c 3c 3c 3c 3c 3c 3c 3c 3c 3c 3c 3c 3c 3c
00 00 00 00 00 00 00 00 00 00 00 00 00 00 00 00
00 00 00 00 00 00 00 00 00 00 00 00 00 00 00 00
14 14 14 14 14 14 14 14 14 14 14 14 14 14 14 14
30 30 30 30 30 30 30 30 30 30 30 30 30 30 30 30
00 00 00 00 00 00 00 00 00 00 00 00 00 00 00 00
00 00 00 00 00 00 00 00 00 00 00 00 00 00 00 00
08 08 08 08 08 08 08 08 08 08 08 08 08 08 08 08
24 24 24 24 24 24 24 24 24 24 24 24 24 24 24 24
00 00 00 00 00 00 00 00 00 00 00 00 00 00 00 00
00 00 00 00 00 00 00 00 00 00 00 00 00 00 00 00
00 00 00 00 00 00 00 00 00 00 00 00 00 00 00 00
18 18 18 18 18 18 18 18 18 18 18 18 18 18 18 18
34 34 34 34 34 34 34 34 34 34 34 34 34 34 34 34
00 00 00 00 00 00 00 00 00 00 00 00 00 00 00 00
00 00 00 00 00 00 00 00 00 00 00 00 00 00 00 00
0c 0c 0c 0c 0c 0c 0c 0c 0c 0c 0c 0c 0c 0c 0c 0c
28 28 28 28 28 28 28 28 28 28 28 28 28 28 28 28
00 00 00 00 00 00 00 00 00 00 00 00 00 00 00 00
00 00 00 00 00 00 00 00 00 00 00 00 00 00 00 00
00 00 00 00 00 00 00 00 00 00 00 00 00 00 00 00
1c 1c 1c 1c 1c 1c 1c 1c 1c 1c 1c 1c 1c 1c 1c 1c
38 38 38 38 38 38 38 38 38 38 38 38 38 38 38 38
00 00 00 00 00 00 00 00 00 00 00 00 00 00 00 00
00 00 00 00 00 00 00 00 00 00 00 00 00 00 00 00
10 10 10 10 10 10 10 10 10 10 10 10 10 10 10 10
2c 2c 2c 2c 2c 2c 2c 2c 2c 2c 2c 2c 2c 2c 2c 2c
00 00 00 00 00 00 00 00 00 00 00 00 00 00 00 00
00 00 00 00 00 00 00 00 00 00 00 00 00 00 00 00
04 04 04 04 04 04 04 04 04 04 04 04 04 04 04 04
20 20 20 20 20 20 20 20 20 20 20 20 20 20 20 20
3c 3c 3c 3c 3c 3c 3c 3c 3c 3c 3c 3c 3c 3c 3c 3c
00 00 00 00 00 00 00 00 00 00 00 00 00 00 00 00
00 00 00 00 00 00 00 00 00 00 00 00 00 00 00 00
14 14 14 14 14 14 14 14 14 14 14 14 14 14 14 14
30 30 30 30 30 30 30 30 30 30 30 30 30 30 30 30
00 00 00 00 00 00 00 00 00 00 00 00 00 00 00 00
00 00 00 00 00 00 00 00 00 00 00 00 00 00 00 00
08 08 08 08 08 08 08 08 08 08 08 08 08 08 08 08
24 24 24 24 24 24 24 24 24 24 24 24 24 24 24 24
00 00 00 00 00 00 00 00 00 00 00 00 00 00 00 00
00 00 00 00 00 00 00 00 00 00 00 00 00 00 00 00
00 00 00 00 00 00 00 00 00 00 00 00 00 00 00 00
18 18 18 18 18 18 18 18 18 18 18 18 18 18 18 18
34 34 34 34 34 34 34 34 34 34 34 34 34 34 34 34
00 00 00 00 00 00 00 00 00 00 00 00 00 00 00 00
00 00 00 00 00 00 00 00 00 00 00 00 00 00 00 00
0c 0c 0c 0c 0c 0c 0c 0c 0c 0c 0c 0c 0c 0c 0c 0c
28 28 28 28 28 28 28 28 28 28 28 28 28 28 28 28
00 00 00 00 00 00 00 00 00 00 00 00 00 00 00 00
00 00 00 00 00 00 00 00 00 00 00 00 00 00 00 00
00 00 00 00 00 00 00 00 00 00 00 00 00 00 00 00
1c 1c 1c 1c 1c 1c 1c 1c 1c 1c 1c 1c 1c 1c 1c 1c
38 38 38 38 38 38 38 38 38 38 38 38 38 38 38 38
00 00 00 00 00 00 00 00 00 00 00 00 00 00 00 00
00 00 00 00 00 00 00 00 00 00 00 00 00 00 00 00
10 10 10 10 10 10 10 10 10 10 10 10 10 10 10 10
2c 2c 2c 2c 2c 2c 2c 2c 2c 2c 2c 2c 2c 2c 2c 2c
00 00 00 00 00 00 00 00 00 00 00 00 00 00 00 00
00 00 00 00 00 00 00 00 00 00 00 00 00 00 00 00
04 04 04 04 04 04 04 04 04 04 04 04 04 04 04 04
20 20 20 20 20 20 20 20 20 20 20 20 20 20 20 20
3c 3c 3c 3c 3c 3c 3c 3c 3c 3c 3c 3c 3c 3c 3c 3c
00 00 00 00 00 00 00 00 00 00 00 00 00 00 00 00
00 00 00 00 00 00 00 00 00 00 00 00 00 00 00 00
14 14 14 14 14 14 14 14 14 14 14 14 14 14 14 14
30 30 30 30 30 30 30 30 30 30 30 30 30 30 30 30
00 00 00 00 00 00 00 00 00 00 00 00 00 00 00 00
00 00 00 00 00 00 00 00 00 00 00 00 00 00 00 00
08 08 08 08 08 08 08 08 08 08 08 08 08 08 08 08
24 24 24 24 24 24 24 24 24 24 24 24 24 24 24 24
00 00 00 00 00 00 00 00 00 00 00 00 00 00 00 00
00 00 00 00 00 00 00 00 00 00 00 00 00 00 00 00
00 00 00 00 00 00 00 00 00 00 00 00 00 00 00 00
18 18 18 18 18 18 18 18 18 18 18 18 18 18 18 18
34 34 34 34 34 34 34 34 34 34 34 34 34 34 34 34
00 00 00 00 00 00 00 00 00 00 00 00 00 00 00 00
00 00 00 00 00 00 00 00 00 00 00 00 00 00 00 00
0c 0c 0c 0c 0c 0c 0c 0c 0c 0c 0c 0c 0c 0c 0c 0c
28 28 28 28 28 28 28 28 28 28 28 28 28 28 28 28
00 00 00 00 00 00 00 00 00 00 00 00 00 00 00 00
00 00 00 00 00 00 00 00 00 00 00 00 00 00 00 00
00 00 00 00 00 00 00 00 00 00 00 00 00 00 00 00
1c 1c 1c 1c 1c 1c 1c 1c 1c 1c 1c 1c 1c 1c 1c 1c
38 38 38 38 38 38 38 38 38 38 38 38 38 38 38 38
00 00 00 00 00 00 00 00 00 00 00 00 00 00 00 00
00 00 00 00 00 00 00 00 00 00 00 00 00 00 00 00
10 10 10 10 10 10 10 10 10 10 10 10 10 10 10 10
2c 2c 2c 2c 2c 2c 2c 2c 2c 2c 2c 2c 2c 2c 2c 2c
00 00 00 00 00 00 00 00 00 00 00 00 00 00 00 00
00 00 00 00 00 00 00 00 00 00 00 00 00 00 00 00
04 04 04 04 04 04 04 04 04 04 04 04 04 04 04 04
20 20 20 20 20 20 20 20 20 20 20 20 20 20 20 20
3c 3c 3c 3c 3c 3c 3c 3c 3c 3c 3c 3c 3c 3c 3c 3c
00 00 00 00 00 00 00 00 00 00 00 00 00 00 00 00
00 00 00 00 00 00 00 00 00 00 00 00 00 00 00 00
14 14 14 14 14 14 14 14 14 14 14 14 14 14 14 14
30 30 30 30 30 30 30 30 30 30 30 30 30 30 30 30
00 00 00 00 00 00 00 00 00 00 00 00 00 00 00 00
00 00 00 00 00 00 00 00 00 00 00 00 00 00 00 00
08 08 08 08 08 08 08 08 08 08 08 08 08 08 08 08
24 24 24 24 24 24 24 24 24 24 24 24 24 24 24 24
00 00 00 00 00 00 00 00 00 00 00 00 00 00 00 00
00 00 00 00 00 00 00 00 00 00 00 00 00 00 00 00
00 00 00 00 00 00 00 00 00 00 00 00 00 00 00 00
18 18 18 18 18 18 18 18 18 18 18 18 18 18 18 18
34 34 34 34 34 34 34 34 34 34 34 34 34 34 34 34
00 00 00 00 00 00 00 00 00 00 00 00 00 00 00 00
00 00 00 00 00 00 00 00 00 00 00 00 00 00 00 00
0c 0c 0c 0c 0c 0c 0c 0c 0c 0c 0c 0c 0c 0c 0c 0c
28 28 28 28 28 28 28 28 28 28 28 28 28 28 28 28
00 00 00 00 00 00 00 00 00 00 00 00 00 00 00 00
00 00 00 00 00 00 00 00 00 00 00 00 00 00 00 00
00 00 00 00 00 00 00 00 00 00 00 00 00 00 00 00
1c 1c 1c 1c 1c 1c 1c 1c 1c 1c 1c 1c 1c 1c 1c 1c
38 38 38 38 38 38 38 38 38 38 38 38 38 38 38 38
00 00 00 00 00 00 00 00 00 00 00 00 00 00 00 00
00 00 00 00 00 00 00 00 00 00 00 00 00 00 00 00
10 10 10 10 10 10 10 10 10 10 10 10 10 10 10 10
2c 2c 2c 2c 2c 2c 2c 2c 2c 2c 2c 2c 2c 2c 2c 2c
00 00 00 00 00 00 00 00 00 00 00 00 00 00 00 00
00 00 00 00 00 00 00 00 00 00 00 00 00 00 00 00
04 04 04 04 04 04 04 04 04 04 04 04 04 04 04 04
20 20 20 20 20 20 20 20 20 20 20 20 20 20 20 20
3c 3c 3c 3c 3c 3c 3c 3c 3c 3c 3c 3c 3c 3c 3c 3c
00 00 00 00 00 00 00 00 00 00 00 00 00 00 00 00
00 00 00 00 00 00 00 00 00 00 00 00 00 00 00 00
14 14 14 14 14 14 14 14 14 14 14 14 14 14 14 14
30 30 30 30 30 30 30 30 30 30 30 30 30 30 30 30
00 00 00 00 00 00 00 00 00 00 00 00 00 00 00 00
00 00 00 00 00 00 00 00 00 00 00 00 00 00 00 00
08 08 08 08 08 08 08 08 08 08 08 08 08 08 08 08
24 24 24 24 24 24 24 24 24 24 24 24 24 24 24 24
00 00 00 00 00 00 00 00 00 00 00 00 00 00 00 00
00 00 00 00 00 00 00 00 00 00 00 00 00 00 00 00
00 00 00 00 00 00 00 00 00 00 00 00 00 00 00 00
18 18 18 18 18 18 18 18 18 18 18 18 18 18 18 18
34 34 34 34 34 34 34 34 34 34 34 34 34 34 34 34
00 00 00 00 00 00 00 00 00 00 00 00 00 00 00 00
@00c000
f4 f4 f4 f4 f4 f4 f4 f4 f4 f4 f4 f4 f4 f4 f4 f4
fb fb fb fb fb fb fb fb fb fb fb fb fb fb fb fb
10 10 10 10 10 10 10 10 10 10 10 10 10 10 10 10
48 48 48 48 48 48 48 48 48 48 48 48 48 48 48 48
f1 f1 f1 f1 f1 f1 f1 f1 f1 f1 f1 f1 f1 f1 f1 f1
f8 f8 f8 f8 f8 f8 f8 f8 f8 f8 f8 f8 f8 f8 f8 f8
ff ff ff ff ff ff ff ff ff ff ff ff ff ff ff ff
30 30 30 30 30 30 30 30 30 30 30 30 30 30 30 30
68 68 68 68 68 68 68 68 68 68 68 68 68 68 68 68
f5 f5 f5 f5 f5 f5 f5 f5 f5 f5 f5 f5 f5 f5 f5 f5
fc fc fc fc fc fc fc fc fc fc fc fc fc fc fc fc
18 18 18 18 18 18 18 18 18 18 18 18 18 18 18 18
50 50 50 50 50 50 50 50 50 50 50 50 50 50 50 50
f2 f2 f2 f2 f2 f2 f2 f2 f2 f2 f2 f2 f2 f2 f2 f2
f9 f9 f9 f9 f9 f9 f9 f9 f9 f9 f9 f9 f9 f9 f9 f9
00 00 00 00 00 00 00 00 00 00 00 00 00 00 00 00
38 38 38 38 38 38 38 38 38 38 38 38 38 38 38 38
70 70 70 70 70 70 70 70 70 70 70 70 70 70 70 70
f6 f6 f6 f6 f6 f6 f6 f6 f6 f6 f6 f6 f6 f6 f6 f6
fd fd fd fd fd fd fd fd fd fd fd fd fd fd fd fd
20 20 20 20 20 20 20 20 20 20 20 20 20 20 20 20
58 58 58 58 58 58 58 58 58 58 58 58 58 58 58 58
f3 f3 f3 f3 f3 f3 f3 f3 f3 f3 f3 f3 f3 f3 f3 f3
fa fa fa fa fa fa fa fa fa fa fa fa fa fa fa fa
08 08 08 08 08 08 08 08 08 08 08 08 08 08 08 08
40 40 40 40 40 40 40 40 40 40 40 40 40 40 40 40
78 78 78 78 78 78 78 78 78 78 78 78 78 78 78 78
f7 f7 f7 f7 f7 f7 f7 f7 f7 f7 f7 f7 f7 f7 f7 f7
fe fe fe fe fe fe fe fe fe fe fe fe fe fe fe fe
28 28 28 28 28 28 28 28 28 28 28 28 28 28 28 28
60 60 60 60 60 60 60 60 60 60 60 60 60 60 60 60
f4 f4 f4 f4 f4 f4 f4 f4 f4 f4 f4 f4 f4 f4 f4 f4
fb fb fb fb fb fb fb fb fb fb fb fb fb fb fb fb
10 10 10 10 10 10 10 10 10 10 10 10 10 10 10 10
48 48 48 48 48 48 48 48 48 48 48 48 48 48 48 48
f1 f1 f1 f1 f1 f1 f1 f1 f1 f1 f1 f1 f1 f1 f1 f1
f8 f8 f8 f8 f8 f8 f8 f8 f8 f8 f8 f8 f8 f8 f8 f8
ff ff ff ff ff ff ff ff ff ff ff ff ff ff ff ff
30 30 30 30 30 30 30 30 30 30 30 30 30 30 30 30
68 68 68 68 68 68 68 68 68 68 68 68 68 68 68 68
f5 f5 f5 f5 f5 f5 f5 f5 f5 f5 f5 f5 f5 f5 f5 f5
fc fc fc fc fc fc fc fc fc fc fc fc fc fc fc fc
18 18 18 18 18 18 18 18 18 18 18 18 18 18 18 18
50 50 50 50 50 50 50 50 50 50 50 50 50 50 50 50
f2 f2 f2 f2 f2 f2 f2 f2 f2 f2 f2 f2 f2 f2 f2 f2
f9 f9 f9 f9 f9 f9 f9 f9 f9 f9 f9 f9 f9 f9 f9 f9
00 00 00 00 00 00 00 00 00 00 00 00 00 00 00 00
38 38 38 38 38 38 38 38 38 38 38 38 38 38 38 38
70 70 70 70 70 70 70 70 70 70 70 70 70 70 70 70
f6 f6 f6 f6 f6 f6 f6 f6 f6 f6 f6 f6 f6 f6 f6 f6
fd fd fd fd fd fd fd fd fd fd fd fd fd fd fd fd
20 20 20 20 20 20 20 20 20 20 20 20 20 20 20 20
58 58 58 58 58 58 58 58 58 58 58 58 58 58 58 58
f3 f3 f3 f3 f3 f3 f3 f3 f3 f3 f3 f3 f3 f3 f3 f3
fa fa fa fa fa fa fa fa fa fa fa fa fa fa fa fa
08 08 08 08 08 08 08 08 08 08 08 08 08 08 08 08
40 40 40 40 40 40 40 40 40 40 40 40 40 40 40 40
78 78 78 78 78 78 78 78 78 78 78 78 78 78 78 78
f7 f7 f7 f7 f7 f7 f7 f7 f7 f7 f7 f7 f7 f7 f7 f7
fe fe fe fe fe fe fe fe fe fe fe fe fe fe fe fe
28 28 28 28 28 28 28 28 28 28 28 28 28 28 28 28
60 60 60 60 60 60 60 60 60 60 60 60 60 60 60 60
f4 f4 f4 f4 f4 f4 f4 f4 f4 f4 f4 f4 f4 f4 f4 f4
fb fb fb fb fb fb fb fb fb fb fb fb fb fb fb fb
10 10 10 10 10 10 10 10 10 10 10 10 10 10 10 10
48 48 48 48 48 48 48 48 48 48 48 48 48 48 48 48
f1 f1 f1 f1 f1 f1 f1 f1 f1 f1 f1 f1 f1 f1 f1 f1
f8 f8 f8 f8 f8 f8 f8 f8 f8 f8 f8 f8 f8 f8 f8 f8
ff ff ff ff ff ff ff ff ff ff ff ff ff ff ff ff
30 30 30 30 30 30 30 30 30 30 30 30 30 30 30 30
68 68 68 68 68 68 68 68 68 68 68 68 68 68 68 68
f5 f5 f5 f5 f5 f5 f5 f5 f5 f5 f5 f5 f5 f5 f5 f5
fc fc fc fc fc fc fc fc fc fc fc fc fc fc fc fc
18 18 18 18 18 18 18 18 18 18 18 18 18 18 18 18
50 50 50 50 50 50 50 50 50 50 50 50 50 50 50 50
f2 f2 f2 f2 f2 f2 f2 f2 f2 f2 f2 f2 f2 f2 f2 f2
f9 f9 f9 f9 f9 f9 f9 f9 f9 f9 f9 f9 f9 f9 f9 f9
00 00 00 00 00 00 00 00 00 00 00 00 00 00 00 00
38 38 38 38 38 38 38 38 38 38 38 38 38 38 38 38
70 70 70 70 70 70 70 70 70 70 70 70 70 70 70 70
f6 f6 f6 f6 f6 f6 f6 f6 f6 f6 f6 f6 f6 f6 f6 f6
fd fd fd fd fd fd fd fd fd fd fd fd fd fd fd fd
20 20 20 20 20 20 20 20 20 20 20 20 20 20 20 20
58 58 58 58 58 58 58 58 58 58 58 58 58 58 58 58
f3 f3 f3 f3 f3 f3 f3 f3 f3 f3 f3 f3 f3 f3 f3 f3
fa fa fa fa fa fa fa fa fa fa fa fa fa fa fa fa
08 08 08 08 08 08 08 08 08 08 08 08 08 08 08 08
40 40 40 40 40 40 40 40 40 40 40 40 40 40 40 40
78 78 78 78 78 78 78 78 78 78 78 78 78 78 78 78
f7 f7 f7 f7 f7 f7 f7 f7 f7 f7 f7 f7 f7 f7 f7 f7
fe fe fe fe fe fe fe fe fe fe fe fe fe fe fe fe
28 28 28 28 28 28 28 28 28 28 28 28 28 28 28 28
60 60 60 60 60 60 60 60 60 60 60 60 60 60 60 60
f4 f4 f4 f4 f4 f4 f4 f4 f4 f4 f4 f4 f4 f4 f4 f4
fb fb fb fb fb fb fb fb fb fb fb fb fb fb fb fb
10 10 10 10 10 10 10 10 10 10 10 10 10 10 10 10
48 48 48 48 48 48 48 48 48 48 48 48 48 48 48 48
f1 f1 f1 f1 f1 f1 f1 f1 f1 f1 f1 f1 f1 f1 f1 f1
f8 f8 f8 f8 f8 f8 f8 f8 f8 f8 f8 f8 f8 f8 f8 f8
ff ff ff ff ff ff ff ff ff ff ff ff ff ff ff ff
30 30 30 30 30 30 30 30 30 30 30 30 30 30 30 30
68 68 68 68 68 68 68 68 68 68 68 68 68 68 68 68
f5 f5 f5 f5 f5 f5 f5 f5 f5 f5 f5 f5 f5 f5 f5 f5
fc fc fc fc fc fc fc fc fc fc fc fc fc fc fc fc
18 18 18 18 18 18 18 18 18 18 18 18 18 18 18 18
50 50 50 50 50 50 50 50 50 50 50 50 50 50 50 50
f2 f2 f2 f2 f2 f2 f2 f2 f2 f2 f2 f2 f2 f2 f2 f2
f9 f9 f9 f9 f9 f9 f9 f9 f9 f9 f9 f9 f9 f9 f9 f9
00 00 00 00 00 00 00 00 00 00 00 00 00 00 00 00
38 38 38 38 38 38 38 38 38 38 38 38 38 38 38 38
70 70 70 70 70 70 70 70 70 70 70 70 70 70 70 70
f6 f6 f6 f6 f6 f6 f6 f6 f6 f6 f6 f6 f6 f6 f6 f6
fd fd fd fd fd fd fd fd fd fd fd fd fd fd fd fd
20 20 20 20 20 20 20 20 20 20 20 20 20 20 20 20
58 58 58 58 58 58 58 58 58 58 58 58 58 58 58 58
f3 f3 f3 f3 f3 f3 f3 f3 f3 f3 f3 f3 f3 f3 f3 f3
fa fa fa fa fa fa fa fa fa fa fa fa fa fa fa fa
08 08 08 08 08 08 08 08 08 08 08 08 08 08 08 08
40 40 40 40 40 40 40 40 40 40 40 40 40 40 40 40
78 78 78 78 78 78 78 78 78 78 78 78 78 78 78 78
f7 f7 f7 f7 f7 f7 f7 f7 f7 f7 f7 f7 f7 f7 f7 f7
fe fe fe fe fe fe fe fe fe fe fe fe fe fe fe fe
28 28 28 28 28 28 28 28 28 28 28 28 28 28 28 28
60 60 60 60 60 60 60 60 60 60 60 60 60 60 60 60
f4 f4 f4 f4 f4 f4 f4 f4 f4 f4 f4 f4 f4 f4 f4 f4
fb fb fb fb fb fb fb fb fb fb fb fb fb fb fb fb
10 10 10 10 10 10 10 10 10 10 10 10 10 10 10 10
48 48 48 48 48 48 48 48 48 48 48 48 48 48 48 48
f1 f1 f1 f1 f1 f1 f1 f1 f1 f1 f1 f1 f1 f1 f1 f1
f8 f8 f8 f8 f8 f8 f8 f8 f8 f8 f8 f8 f8 f8 f8 f8
ff ff ff ff ff ff ff ff ff ff ff ff ff ff ff ff
30 30 30 30 30 30 30 30 30 30 30 30 30 30 30 30
68 68 68 68 68 68 68 68 68 68 68 68 68 68 68 68
f5 f5 f5 f5 f5 f5 f5 f5 f5 f5 f5 f5 f5 f5 f5 f5
fc fc fc fc fc fc fc fc fc fc fc fc fc fc fc fc
18 18 18 18 18 18 18 18 18 18 18 18 18 18 18 18
50 50 50 50 50 50 50 50 50 50 50 50 50 50 50 50
f2 f2 f2 f2 f2 f2 f2 f2 f2 f2 f2 f2 f2 f2 f2 f2
f9 f9 f9 f9 f9 f9 f9 f9 f9 f9 f9 f9 f9 f9 f9 f9
00 00 00 00 00 00 00 00 00 00 00 00 00 00 00 00
38 38 38 38 38 38 38 38 38 38 38 38 38 38 38 38
70 70 70 70 70 70 70 70 70 70 70 70 70 70 70 70
f6 f6 f6 f6 f6 f6 f6 f6 f6 f6 f6 f6 f6 f6 f6 f6
fd fd fd fd fd fd fd fd fd fd fd fd fd fd fd fd
20 20 20 20 20 20 20 20 20 20 20 20 20 20 20 20
58 58 58 58 58 58 58 58 58 58 58 58 58 58 58 58
f3 f3 f3 f3 f3 f3 f3 f3 f3 f3 f3 f3 f3 f3 f3 f3
fa fa fa fa fa fa fa fa fa fa fa fa fa fa fa fa
08 08 08 08 08 08 08 08 08 08 08 08 08 08 08 08
40 40 40 40 40 40 40 40 40 40 40 40 40 40 40 40
78 78 78 78 78 78 78 78 78 78 78 78 78 78 78 78
f7 f7 f7 f7 f7 f7 f7 f7 f7 f7 f7 f7 f7 f7 f7 f7
fe fe fe fe fe fe fe fe fe fe fe fe fe fe fe fe
28 28 28 28 28 28 28 28 28 28 28 28 28 28 28 28
60 60 60 60 60 60 60 60 60 60 60 60 60 60 60 60
f4 f4 f4 f4 f4 f4 f4 f4 f4 f4 f4 f4 f4 f4 f4 f4
fb fb fb fb fb fb fb fb fb fb fb fb fb fb fb fb
10 10 10 10 10 10 10 10 10 10 10 10 10 10 10 10
48 48 48 48 48 48 48 48 48 48 48 48 48 48 48 48
f1 f1 f1 f1 f1 f1 f1 f1 f1 f1 f1 f1 f1 f1 f1 f1
f8 f8 f8 f8 f8 f8 f8 f8 f8 f8 f8 f8 f8 f8 f8 f8
ff ff ff ff ff ff ff ff ff ff ff ff ff ff ff ff
30 30 30 30 30 30 30 30 30 30 30 30 30 30 30 30
68 68 68 68 68 68 68 68 68 68 68 68 68 68 68 68
f5 f5 f5 f5 f5 f5 f5 f5 f5 f5 f5 f5 f5 f5 f5 f5
fc fc fc fc fc fc fc fc fc fc fc fc fc fc fc fc
18 18 18 18 18 18 18 18 18 18 18 18 18 18 18 18
50 50 50 50 50 50 50 50 50 50 50 50 50 50 50 50
f2 f2 f2 f2 f2 f2 f2 f2 f2 f2 f2 f2 f2 f2 f2 f2
f9 f9 f9 f9 f9 f9 f9 f9 f9 f9 f9 f9 f9 f9 f9 f9
00 00 00 00 00 00 00 00 00 00 00 00 00 00 00 00
38 38 38 38 38 38 38 38 38 38 38 38 38 38 38 38
70 70 70 70 70 70 70 70 70 70 70 70 70 70 70 70
f6 f6 f6 f6 f6 f6 f6 f6 f6 f6 f6 f6 f6 f6 f6 f6
fd fd fd fd fd fd fd fd fd fd fd fd fd fd fd fd
20 20 20 20 20 20 20 20 20 20 20 20 20 20 20 20
58 58 58 58 58 58 58 58 58 58 58 58 58 58 58 58
f3 f3 f3 f3 f3 f3 f3 f3 f3 f3 f3 f3 f3 f3 f3 f3
fa fa fa fa fa fa fa fa fa fa fa fa fa fa fa fa
08 08 08 08 08 08 08 08 08 08 08 08 08 08 08 08
40 40 40 40 40 40 40 40 40 40 40 40 40 40 40 40
78 78 78 78 78 78 78 78 78 78 78 78 78 78 78 78
f7 f7 f7 f7 f7 f7 f7 f7 f7 f7 f7 f7 f7 f7 f7 f7
fe fe fe fe fe fe fe fe fe fe fe fe fe fe fe fe
28 28 28 28 28 28 28 28 28 28 28 28 28 28 28 28
60 60 60 60 60 60 60 60 60 60 60 60 60 60 60 60
f4 f4 f4 f4 f4 f4 f4 f4 f4 f4 f4 f4 f4 f4 f4 f4
fb fb fb fb fb fb fb fb fb fb fb fb fb fb fb fb
10 10 10 10 10 10 10 10 10 10 10 10 10 10 10 10
48 48 48 48 48 48 48 48 48 48 48 48 48 48 48 48
f1 f1 f1 f1 f1 f1 f1 f1 f1 f1 f1 f1 f1 f1 f1 f1
f8 f8 f8 f8 f8 f8 f8 f8 f8 f8 f8 f8 f8 f8 f8 f8
ff ff ff ff ff ff ff ff ff ff ff ff ff ff ff ff
30 30 30 30 30 30 30 30 30 30 30 30 30 30 30 30
68 68 68 68 68 68 68 68 68 68 68 68 68 68 68 68
f5 f5 f5 f5 f5 f5 f5 f5 f5 f5 f5 f5 f5 f5 f5 f5
fc fc fc fc fc fc fc fc fc fc fc fc fc fc fc fc
18 18 18 18 18 18 18 18 18 18 18 18 18 18 18 18
50 50 50 50 50 50 50 50 50 50 50 50 50 50 50 50
f2 f2 f2 f2 f2 f2 f2 f2 f2 f2 f2 f2 f2 f2 f2 f2
f9 f9 f9 f9 f9 f9 f9 f9 f9 f9 f9 f9 f9 f9 f9 f9
00 00 00 00 00 00 00 00 00 00 00 00 00 00 00 00
38 38 38 38 38 38 38 38 38 38 38 38 38 38 38 38
70 70 70 70 70 70 70 70 70 70 70 70 70 70 70 70
f6 f6 f6 f6 f6 f6 f6 f6 f6 f6 f6 f6 f6 f6 f6 f6
fd fd fd fd fd fd fd fd fd fd fd fd fd fd fd fd
20 20 20 20 20 20 20 20 20 20 20 20 20 20 20 20
58 58 58 58 58 58 58 58 58 58 58 58 58 58 58 58
f3 f3 f3 f3 f3 f3 f3 f3 f3 f3 f3 f3 f3 f3 f3 f3
fa fa fa fa fa fa fa fa fa fa fa fa fa fa fa fa
08 08 08 08 08 08 08 08 08 08 08 08 08 08 08 08
40 40 40 40 40 40 40 40 40 40 40 40 40 40 40 40
78 78 78 78 78 78 78 78 78 78 78 78 78 78 78 78
f7 f7 f7 f7 f7 f7 f7 f7 f7 f7 f7 f7 f7 f7 f7 f7
fe fe fe fe fe fe fe fe fe fe fe fe fe fe fe fe
28 28 28 28 28 28 28 28 28 28 28 28 28 28 28 28
60 60 60 60 60 60 60 60 60 60 60 60 60 60 60 60
f4 f4 f4 f4 f4 f4 f4 f4 f4 f4 f4 f4 f4 f4 f4 f4
fb fb fb fb fb fb fb fb fb fb fb fb fb fb fb fb
10 10 10 10 10 10 10 10 10 10 10 10 10 10 10 10
48 48 48 48 48 48 48 48 48 48 48 48 48 48 48 48
f1 f1 f1 f1 f1 f1 f1 f1 f1 f1 f1 f1 f1 f1 f1 f1
f8 f8 f8 f8 f8 f8 f8 f8 f8 f8 f8 f8 f8 f8 f8 f8
ff ff ff ff ff ff ff ff ff ff ff ff ff ff ff ff
30 30 30 30 30 30 30 30 30 30 30 30 30 30 30 30
68 68 68 68 68 68 68 68 68 68 68 68 68 68 68 68
f5 f5 f5 f5 f5 f5 f5 f5 f5 f5 f5 f5 f5 f5 f5 f5
fc fc fc fc fc fc fc fc fc fc fc fc fc fc fc fc
18 18 18 18 18 18 18 18 18 18 18 18 18 18 18 18
50 50 50 50 50 50 50 50 50 50 50 50 50 50 50 50
f2 f2 f2 f2 f2 f2 f2 f2 f2 f2 f2 f2 f2 f2 f2 f2
f9 f9 f9 f9 f9 f9 f9 f9 f9 f9 f9 f9 f9 f9 f9 f9
00 00 00 00 00 00 00 00 00 00 00 00 00 00 00 00
38 38 38 38 38 38 38 38 38 38 38 38 38 38 38 38
70 70 70 70 70 70 70 70 70 70 70 70 70 70 70 70
f6 f6 f6 f6 f6 f6 f6 f6 f6 f6 f6 f6 f6 f6 f6 f6
fd fd fd fd fd fd fd fd fd fd fd fd fd fd fd fd
20 20 20 20 20 20 20 20 20 20 20 20 20 20 20 20
58 58 58 58 58 58 58 58 58 58 58 58 58 58 58 58
f3 f3 f3 f3 f3 f3 f3 f3 f3 f3 f3 f3 f3 f3 f3 f3
fa fa fa fa fa fa fa fa fa fa fa fa fa fa fa fa
08 08 08 08 08 08 08 08 08 08 08 08 08 08 08 08
40 40 40 40 40 40 40 40 40 40 40 40 40 40 40 40
78 78 78 78 78 78 78 78 78 78 78 78 78 78 78 78
f7 f7 f7 f7 f7 f7 f7 f7 f7 f7 f7 f7 f7 f7 f7 f7
fe fe fe fe fe fe fe fe fe fe fe fe fe fe fe fe
28 28 28 28 28 28 28 28 28 28 28 28 28 28 28 28
60 60 60 60 60 60 60 60 60 60 60 60 60 60 60 60
f4 f4 f4 f4 f4 f4 f4 f4 f4 f4 f4 f4 f4 f4 f4 f4
fb fb fb fb fb fb fb fb fb fb fb fb fb fb fb fb
10 10 10 10 10 10 10 10 10 10 10 10 10 10 10 10
48 48 48 48 48 48 48 48 48 48 48 48 48 48 48 48
f1 f1 f1 f1 f1 f1 f1 f1 f1 f1 f1 f1 f1 f1 f1 f1
f8 f8 f8 f8 f8 f8 f8 f8 f8 f8 f8 f8 f8 f8 f8 f8
ff ff ff ff ff ff ff ff ff ff ff ff ff ff ff ff
30 30 30 30 30 30 30 30 30 30 30 30 30 30 30 30
68 68 68 68 68 68 68 68 68 68 68 68 68 68 68 68
f5 f5 f5 f5 f5 f5 f5 f5 f5 f5 f5 f5 f5 f5 f5 f5
fc fc fc fc fc fc fc fc fc fc fc fc fc fc fc fc
18 18 18 18 18 18 18 18 18 18 18 18 18 18 18 18
50 50 50 50 50 50 50 50 50 50 50 50 50 50 50 50
f2 f2 f2 f2 f2 f2 f2 f2 f2 f2 f2 f2 f2 f2 f2 f2
f9 f9 f9 f9 f9 f9 f9 f9 f9 f9 f9 f9 f9 f9 f9 f9
00 00 00 00 00 00 00 00 00 00 00 00 00 00 00 00
38 38 38 38 38 38 38 38 38 38 38 38 38 38 38 38
70 70 70 70 70 70 70 70 70 70 70 70 70 70 70 70
f6 f6 f6 f6 f6 f6 f6 f6 f6 f6 f6 f6 f6 f6 f6 f6
fd fd fd fd fd fd fd fd fd fd fd fd fd fd fd fd
20 20 20 20 20 20 20 20 20 20 20 20 20 20 20 20
58 58 58 58 58 58 58 58 58 58 58 58 58 58 58 58
f3 f3 f3 f3 f3 f3 f3 f3 f3 f3 f3 f3 f3 f3 f3 f3
fa fa fa fa fa fa fa fa fa fa fa fa fa fa fa fa
08 08 08 08 08 08 08 08 08 08 08 08 08 08 08 08
40 40 40 40 40 40 40 40 40 40 40 40 40 40 40 40
78 78 78 78 78 78 78 78 78 78 78 78 78 78 78 78
f7 f7 f7 f7 f7 f7 f7 f7 f7 f7 f7 f7 f7 f7 f7 f7
fe fe fe fe fe fe fe fe fe fe fe fe fe fe fe fe
28 28 28 28 28 28 28 28 28 28 28 28 28 28 28 28
60 60 60 60 60 60 60 60 60 60 60 60 60 60 60 60
f4 f4 f4 f4 f4 f4 f4 f4 f4 f4 f4 f4 f4 f4 f4 f4
fb fb fb fb fb fb fb fb fb fb fb fb fb fb fb fb
10 10 10 10 10 10 10 10 10 10 10 10 10 10 10 10
48 48 48 48 48 48 48 48 48 48 48 48 48 48 48 48
f1 f1 f1 f1 f1 f1 f1 f1 f1 f1 f1 f1 f1 f1 f1 f1
f8 f8 f8 f8 f8 f8 f8 f8 f8 f8 f8 f8 f8 f8 f8 f8
ff ff ff ff ff ff ff ff ff ff ff ff ff ff ff ff
30 30 30 30 30 30 30 30 30 30 30 30 30 30 30 30
68 68 68 68 68 68 68 68 68 68 68 68 68 68 68 68
f5 f5 f5 f5 f5 f5 f5 f5 f5 f5 f5 f5 f5 f5 f5 f5
fc fc fc fc fc fc fc fc fc fc fc fc fc fc fc fc
18 18 18 18 18 18 18 18 18 18 18 18 18 18 18 18
50 50 50 50 50 50 50 50 50 50 50 50 50 50 50 50
f2 f2 f2 f2 f2 f2 f2 f2 f2 f2 f2 f2 f2 f2 f2 f2
f9 f9 f9 f9 f9 f9 f9 f9 f9 f9 f9 f9 f9 f9 f9 f9
00 00 00 00 00 00 00 00 00 00 00 00 00 00 00 00
38 38 38 38 38 38 38 38 38 38 38 38 38 38 38 38
70 70 70 70 70 70 70 70 70 70 70 70 70 70 70 70
f6 f6 f6 f6 f6 f6 f6 f6 f6 f6 f6 f6 f6 f6 f6 f6
fd fd fd fd fd fd fd fd fd fd fd fd fd fd fd fd
20 20 20 20 20 20 20 20 20 20 20 20 20 20 20 20
58 58 58 58 58 58 58 58 58 58 58 58 58 58 58 58
f3 f3 f3 f3 f3 f3 f3 f3 f3 f3 f3 f3 f3 f3 f3 f3
fa fa fa fa fa fa fa fa fa fa fa fa fa fa fa fa
08 08 08 08 08 08 08 08 08 08 08 08 08 08 08 08
40 40 40 40 40 40 40 40 40 40 40 40 40 40 40 40
78 78 78 78 78 78 78 78 78 78 78 78 78 78 78 78
f7 f7 f7 f7 f7 f7 f7 f7 f7 f7 f7 f7 f7 f7 f7 f7
fe fe fe fe fe fe fe fe fe fe fe fe fe fe fe fe
28 28 28 28 28 28 28 28 28 28 28 28 28 28 28 28
60 60 60 60 60 60 60 60 60 60 60 60 60 60 60 60
f4 f4 f4 f4 f4 f4 f4 f4 f4 f4 f4 f4 f4 f4 f4 f4
fb fb fb fb fb fb fb fb fb fb fb fb fb fb fb fb
10 10 10 10 10 10 10 10 10 10 10 10 10 10 10 10
48 48 48 48 48 48 48 48 48 48 48 48 48 48 48 48
f1 f1 f1 f1 f1 f1 f1 f1 f1 f1 f1 f1 f1 f1 f1 f1
f8 f8 f8 f8 f8 f8 f8 f8 f8 f8 f8 f8 f8 f8 f8 f8
ff ff ff ff ff ff ff ff ff ff ff ff ff ff ff ff
30 30 30 30 30 30 30 30 30 30 30 30 30 30 30 30
68 68 68 68 68 68 68 68 68 68 68 68 68 68 68 68
f5 f5 f5 f5 f5 f5 f5 f5 f5 f5 f5 f5 f5 f5 f5 f5
@00e000
f4 f4 f4 f4 f4 f4 f4 f4 f4 f4 f4 f4 f4 f4 f4 f4
f4 f4 f4 f4 f4 f4 f4 f4 f4 f4 f4 f4 f4 f4 f4 f4
10 10 10 10 10 10 10 10 10 10 10 10 10 10 10 10
10 10 10 10 10 10 10 10 10 10 10 10 10 10 10 10
f1 f1 f1 f1 f1 f1 f1 f1 f1 f1 f1 f1 f1 f1 f1 f1
f1 f1 f1 f1 f1 f1 f1 f1 f1 f1 f1 f1 f1 f1 f1 f1
ff ff ff ff ff ff ff ff ff ff ff ff ff ff ff ff
ff ff ff ff ff ff ff ff ff ff ff ff ff ff ff ff
68 68 68 68 68 68 68 68 68 68 68 68 68 68 68 68
68 68 68 68 68 68 68 68 68 68 68 68 68 68 68 68
fc fc fc fc fc fc fc fc fc fc fc fc fc fc fc fc
fc fc fc fc fc fc fc fc fc fc fc fc fc fc fc fc
50 50 50 50 50 50 50 50 50 50 50 50 50 50 50 50
50 50 50 50 50 50 50 50 50 50 50 50 50 50 50 50
f9 f9 f9 f9 f9 f9 f9 f9 f9 f9 f9 f9 f9 f9 f9 f9
f9 f9 f9 f9 f9 f9 f9 f9 f9 f9 f9 f9 f9 f9 f9 f9
38 38 38 38 38 38 38 38 38 38 38 38 38 38 38 38
38 38 38 38 38 38 38 38 38 38 38 38 38 38 38 38
f6 f6 f6 f6 f6 f6 f6 f6 f6 f6 f6 f6 f6 f6 f6 f6
f6 f6 f6 f6 f6 f6 f6 f6 f6 f6 f6 f6 f6 f6 f6 f6
20 20 20 20 20 20 20 20 20 20 20 20 20 20 20 20
20 20 20 20 20 20 20 20 20 20 20 20 20 20 20 20
f3 f3 f3 f3 f3 f3 f3 f3 f3 f3 f3 f3 f3 f3 f3 f3
f3 f3 f3 f3 f3 f3 f3 f3 f3 f3 f3 f3 f3 f3 f3 f3
08 08 08 08 08 08 08 08 08 08 08 08 08 08 08 08
08 08 08 08 08 08 08 08 08 08 08 08 08 08 08 08
78 78 78 78 78 78 78 78 78 78 78 78 78 78 78 78
78 78 78 78 78 78 78 78 78 78 78 78 78 78 78 78
fe fe fe fe fe fe fe fe fe fe fe fe fe fe fe fe
fe fe fe fe fe fe fe fe fe fe fe fe fe fe fe fe
60 60 60 60 60 60 60 60 60 60 60 60 60 60 60 60
60 60 60 60 60 60 60 60 60 60 60 60 60 60 60 60
fb fb fb fb fb fb fb fb fb fb fb fb fb fb fb fb
fb fb fb fb fb fb fb fb fb fb fb fb fb fb fb fb
48 48 48 48 48 48 48 48 48 48 48 48 48 48 48 48
48 48 48 48 48 48 48 48 48 48 48 48 48 48 48 48
f8 f8 f8 f8 f8 f8 f8 f8 f8 f8 f8 f8 f8 f8 f8 f8
f8 f8 f8 f8 f8 f8 f8 f8 f8 f8 f8 f8 f8 f8 f8 f8
30 30 30 30 30 30 30 30 30 30 30 30 30 30 30 30
30 30 30 30 30 30 30 30 30 30 30 30 30 30 30 30
f5 f5 f5 f5 f5 f5 f5 f5 f5 f5 f5 f5 f5 f5 f5 f5
f5 f5 f5 f5 f5 f5 f5 f5 f5 f5 f5 f5 f5 f5 f5 f5
18 18 18 18 18 18 18 18 18 18 18 18 18 18 18 18
18 18 18 18 18 18 18 18 18 18 18 18 18 18 18 18
f2 f2 f2 f2 f2 f2 f2 f2 f2 f2 f2 f2 f2 f2 f2 f2
f2 f2 f2 f2 f2 f2 f2 f2 f2 f2 f2 f2 f2 f2 f2 f2
00 00 00 00 00 00 00 00 00 00 00 00 00 00 00 00
00 00 00 00 00 00 00 00 00 00 00 00 00 00 00 00
70 70 70 70 70 70 70 70 70 70 70 70 70 70 70 70
70 70 70 70 70 70 70 70 70 70 70 70 70 70 70 70
fd fd fd fd fd fd fd fd fd fd fd fd fd fd fd fd
fd fd fd fd fd fd fd fd fd fd fd fd fd fd fd fd
58 58 58 58 58 58 58 58 58 58 58 58 58 58 58 58
58 58 58 58 58 58 58 58 58 58 58 58 58 58 58 58
fa fa fa fa fa fa fa fa fa fa fa fa fa fa fa fa
fa fa fa fa fa fa fa fa fa fa fa fa fa fa fa fa
40 40 40 40 40 40 40 40 40 40 40 40 40 40 40 40
40 40 40 40 40 40 40 40 40 40 40 40 40 40 40 40
f7 f7 f7 f7 f7 f7 f7 f7 f7 f7 f7 f7 f7 f7 f7 f7
f7 f7 f7 f7 f7 f7 f7 f7 f7 f7 f7 f7 f7 f7 f7 f7
28 28 28 28 28 28 28 28 28 28 28 28 28 28 28 28
28 28 28 28 28 28 28 28 28 28 28 28 28 28 28 28
f4 f4 f4 f4 f4 f4 f4 f4 f4 f4 f4 f4 f4 f4 f4 f4
f4 f4 f4 f4 f4 f4 f4 f4 f4 f4 f4 f4 f4 f4 f4 f4
10 10 10 10 10 10 10 10 10 10 10 10 10 10 10 10
10 10 10 10 10 10 10 10 10 10 10 10 10 10 10 10
f1 f1 f1 f1 f1 f1 f1 f1 f1 f1 f1 f1 f1 f1 f1 f1
f1 f1 f1 f1 f1 f1 f1 f1 f1 f1 f1 f1 f1 f1 f1 f1
ff ff ff ff ff ff ff ff ff ff ff ff ff ff ff ff
ff ff ff ff ff ff ff ff ff ff ff ff ff ff ff ff
68 68 68 68 68 68 68 68 68 68 68 68 68 68 68 68
68 68 68 68 68 68 68 68 68 68 68 68 68 68 68 68
fc fc fc fc fc fc fc fc fc fc fc fc fc fc fc fc
fc fc fc fc fc fc fc fc fc fc fc fc fc fc fc fc
50 50 50 50 50 50 50 50 50 50 50 50 50 50 50 50
50 50 50 50 50 50 50 50 50 50 50 50 50 50 50 50
f9 f9 f9 f9 f9 f9 f9 f9 f9 f9 f9 f9 f9 f9 f9 f9
f9 f9 f9 f9 f9 f9 f9 f9 f9 f9 f9 f9 f9 f9 f9 f9
38 38 38 38 38 38 38 38 38 38 38 38 38 38 38 38
38 38 38 38 38 38 38 38 38 38 38 38 38 38 38 38
f6 f6 f6 f6 f6 f6 f6 f6 f6 f6 f6 f6 f6 f6 f6 f6
f6 f6 f6 f6 f6 f6 f6 f6 f6 f6 f6 f6 f6 f6 f6 f6
20 20 20 20 20 20 20 20 20 20 20 20 20 20 20 20
20 20 20 20 20 20 20 20 20 20 20 20 20 20 20 20
f3 f3 f3 f3 f3 f3 f3 f3 f3 f3 f3 f3 f3 f3 f3 f3
f3 f3 f3 f3 f3 f3 f3 f3 f3 f3 f3 f3 f3 f3 f3 f3
08 08 08 08 08 08 08 08 08 08 08 08 08 08 08 08
08 08 08 08 08 08 08 08 08 08 08 08 08 08 08 08
78 78 78 78 78 78 78 78 78 78 78 78 78 78 78 78
78 78 78 78 78 78 78 78 78 78 78 78 78 78 78 78
fe fe fe fe fe fe fe fe fe fe fe fe fe fe fe fe
fe fe fe fe fe fe fe fe fe fe fe fe fe fe fe fe
60 60 60 60 60 60 60 60 60 60 60 60 60 60 60 60
60 60 60 60 60 60 60 60 60 60 60 60 60 60 60 60
fb fb fb fb fb fb fb fb fb fb fb fb fb fb fb fb
fb fb fb fb fb fb fb fb fb fb fb fb fb fb fb fb
48 48 48 48 48 48 48 48 48 48 48 48 48 48 48 48
48 48 48 48 48 48 48 48 48 48 48 48 48 48 48 48
f8 f8 f8 f8 f8 f8 f8 f8 f8 f8 f8 f8 f8 f8 f8 f8
f8 f8 f8 f8 f8 f8 f8 f8 f8 f8 f8 f8 f8 f8 f8 f8
30 30 30 30 30 30 30 30 30 30 30 30 30 30 30 30
30 30 30 30 30 30 30 30 30 30 30 30 30 30 30 30
f5 f5 f5 f5 f5 f5 f5 f5 f5 f5 f5 f5 f5 f5 f5 f5
f5 f5 f5 f5 f5 f5 f5 f5 f5 f5 f5 f5 f5 f5 f5 f5
18 18 18 18 18 18 18 18 18 18 18 18 18 18 18 18
18 18 18 18 18 18 18 18 18 18 18 18 18 18 18 18
f2 f2 f2 f2 f2 f2 f2 f2 f2 f2 f2 f2 f2 f2 f2 f2
f2 f2 f2 f2 f2 f2 f2 f2 f2 f2 f2 f2 f2 f2 f2 f2
00 00 00 00 00 00 00 00 00 00 00 00 00 00 00 00
00 00 00 00 00 00 00 00 00 00 00 00 00 00 00 00
70 70 70 70 70 70 70 70 70 70 70 70 70 70 70 70
70 70 70 70 70 70 70 70 70 70 70 70 70 70 70 70
fd fd fd fd fd fd fd fd fd fd fd fd fd fd fd fd
fd fd fd fd fd fd fd fd fd fd fd fd fd fd fd fd
58 58 58 58 58 58 58 58 58 58 58 58 58 58 58 58
58 58 58 58 58 58 58 58 58 58 58 58 58 58 58 58
fa fa fa fa fa fa fa fa fa fa fa fa fa fa fa fa
fa fa fa fa fa fa fa fa fa fa fa fa fa fa fa fa
40 40 40 40 40 40 40 40 40 40 40 40 40 40 40 40
40 40 40 40 40 40 40 40 40 40 40 40 40 40 40 40
f7 f7 f7 f7 f7 f7 f7 f7 f7 f7 f7 f7 f7 f7 f7 f7
f7 f7 f7 f7 f7 f7 f7 f7 f7 f7 f7 f7 f7 f7 f7 f7
28 28 28 28 28 28 28 28 28 28 28 28 28 28 28 28
28 28 28 28 28 28 28 28 28 28 28 28 28 28 28 28
f4 f4 f4 f4 f4 f4 f4 f4 f4 f4 f4 f4 f4 f4 f4 f4
f4 f4 f4 f4 f4 f4 f4 f4 f4 f4 f4 f4 f4 f4 f4 f4
10 10 10 10 10 10 10 10 10 10 10 10 10 10 10 10
10 10 10 10 10 10 10 10 10 10 10 10 10 10 10 10
f1 f1 f1 f1 f1 f1 f1 f1 f1 f1 f1 f1 f1 f1 f1 f1
f1 f1 f1 f1 f1 f1 f1 f1 f1 f1 f1 f1 f1 f1 f1 f1
ff ff ff ff ff ff ff ff ff ff ff ff ff ff ff ff
ff ff ff ff ff ff ff ff ff ff ff ff ff ff ff ff
68 68 68 68 68 68 68 68 68 68 68 68 68 68 68 68
68 68 68 68 68 68 68 68 68 68 68 68 68 68 68 68
fc fc fc fc fc fc fc fc fc fc fc fc fc fc fc fc
fc fc fc fc fc fc fc fc fc fc fc fc fc fc fc fc
50 50 50 50 50 50 50 50 50 50 50 50 50 50 50 50
50 50 50 50 50 50 50 50 50 50 50 50 50 50 50 50
f9 f9 f9 f9 f9 f9 f9 f9 f9 f9 f9 f9 f9 f9 f9 f9
f9 f9 f9 f9 f9 f9 f9 f9 f9 f9 f9 f9 f9 f9 f9 f9
38 38 38 38 38 38 38 38 38 38 38 38 38 38 38 38
38 38 38 38 38 38 38 38 38 38 38 38 38 38 38 38
f6 f6 f6 f6 f6 f6 f6 f6 f6 f6 f6 f6 f6 f6 f6 f6
f6 f6 f6 f6 f6 f6 f6 f6 f6 f6 f6 f6 f6 f6 f6 f6
20 20 20 20 20 20 20 20 20 20 20 20 20 20 20 20
20 20 20 20 20 20 20 20 20 20 20 20 20 20 20 20
f3 f3 f3 f3 f3 f3 f3 f3 f3 f3 f3 f3 f3 f3 f3 f3
f3 f3 f3 f3 f3 f3 f3 f3 f3 f3 f3 f3 f3 f3 f3 f3
08 08 08 08 08 08 08 08 08 08 08 08 08 08 08 08
08 08 08 08 08 08 08 08 08 08 08 08 08 08 08 08
78 78 78 78 78 78 78 78 78 78 78 78 78 78 78 78
78 78 78 78 78 78 78 78 78 78 78 78 78 78 78 78
fe fe fe fe fe fe fe fe fe fe fe fe fe fe fe fe
fe fe fe fe fe fe fe fe fe fe fe fe fe fe fe fe
60 60 60 60 60 60 60 60 60 60 60 60 60 60 60 60
60 60 60 60 60 60 60 60 60 60 60 60 60 60 60 60
fb fb fb fb fb fb fb fb fb fb fb fb fb fb fb fb
fb fb fb fb fb fb fb fb fb fb fb fb fb fb fb fb
48 48 48 48 48 48 48 48 48 48 48 48 48 48 48 48
48 48 48 48 48 48 48 48 48 48 48 48 48 48 48 48
f8 f8 f8 f8 f8 f8 f8 f8 f8 f8 f8 f8 f8 f8 f8 f8
f8 f8 f8 f8 f8 f8 f8 f8 f8 f8 f8 f8 f8 f8 f8 f8
30 30 30 30 30 30 30 30 30 30 30 30 30 30 30 30
30 30 30 30 30 30 30 30 30 30 30 30 30 30 30 30
f5 f5 f5 f5 f5 f5 f5 f5 f5 f5 f5 f5 f5 f5 f5 f5
f5 f5 f5 f5 f5 f5 f5 f5 f5 f5 f5 f5 f5 f5 f5 f5
18 18 18 18 18 18 18 18 18 18 18 18 18 18 18 18
18 18 18 18 18 18 18 18 18 18 18 18 18 18 18 18
f2 f2 f2 f2 f2 f2 f2 f2 f2 f2 f2 f2 f2 f2 f2 f2
f2 f2 f2 f2 f2 f2 f2 f2 f2 f2 f2 f2 f2 f2 f2 f2
00 00 00 00 00 00 00 00 00 00 00 00 00 00 00 00
00 00 00 00 00 00 00 00 00 00 00 00 00 00 00 00
70 70 70 70 70 70 70 70 70 70 70 70 70 70 70 70
70 70 70 70 70 70 70 70 70 70 70 70 70 70 70 70
fd fd fd fd fd fd fd fd fd fd fd fd fd fd fd fd
fd fd fd fd fd fd fd fd fd fd fd fd fd fd fd fd
58 58 58 58 58 58 58 58 58 58 58 58 58 58 58 58
58 58 58 58 58 58 58 58 58 58 58 58 58 58 58 58
fa fa fa fa fa fa fa fa fa fa fa fa fa fa fa fa
fa fa fa fa fa fa fa fa fa fa fa fa fa fa fa fa
40 40 40 40 40 40 40 40 40 40 40 40 40 40 40 40
40 40 40 40 40 40 40 40 40 40 40 40 40 40 40 40
f7 f7 f7 f7 f7 f7 f7 f7 f7 f7 f7 f7 f7 f7 f7 f7
f7 f7 f7 f7 f7 f7 f7 f7 f7 f7 f7 f7 f7 f7 f7 f7
28 28 28 28 28 28 28 28 28 28 28 28 28 28 28 28
28 28 28 28 28 28 28 28 28 28 28 28 28 28 28 28
f4 f4 f4 f4 f4 f4 f4 f4 f4 f4 f4 f4 f4 f4 f4 f4
f4 f4 f4 f4 f4 f4 f4 f4 f4 f4 f4 f4 f4 f4 f4 f4
10 10 10 10 10 10 10 10 10 10 10 10 10 10 10 10
10 10 10 10 10 10 10 10 10 10 10 10 10 10 10 10
f1 f1 f1 f1 f1 f1 f1 f1 f1 f1 f1 f1 f1 f1 f1 f1
f1 f1 f1 f1 f1 f1 f1 f1 f1 f1 f1 f1 f1 f1 f1 f1
ff ff ff ff ff ff ff ff ff ff ff ff ff ff ff ff
ff ff ff ff ff ff ff ff ff ff ff ff ff ff ff ff
68 68 68 68 68 68 68 68 68 68 68 68 68 68 68 68
68 68 68 68 68 68 68 68 68 68 68 68 68 68 68 68
fc fc fc fc fc fc fc fc fc fc fc fc fc fc fc fc
fc fc fc fc fc fc fc fc fc fc fc fc fc fc fc fc
50 50 50 50 50 50 50 50 50 50 50 50 50 50 50 50
50 50 50 50 50 50 50 50 50 50 50 50 50 50 50 50
f9 f9 f9 f9 f9 f9 f9 f9 f9 f9 f9 f9 f9 f9 f9 f9
f9 f9 f9 f9 f9 f9 f9 f9 f9 f9 f9 f9 f9 f9 f9 f9
38 38 38 38 38 38 38 38 38 38 38 38 38 38 38 38
38 38 38 38 38 38 38 38 38 38 38 38 38 38 38 38
f6 f6 f6 f6 f6 f6 f6 f6 f6 f6 f6 f6 f6 f6 f6 f6
f6 f6 f6 f6 f6 f6 f6 f6 f6 f6 f6 f6 f6 f6 f6 f6
20 20 20 20 20 20 20 20 20 20 20 20 20 20 20 20
20 20 20 20 20 20 20 20 20 20 20 20 20 20 20 20
f3 f3 f3 f3 f3 f3 f3 f3 f3 f3 f3 f3 f3 f3 f3 f3
f3 f3 f3 f3 f3 f3 f3 f3 f3 f3 f3 f3 f3 f3 f3 f3
08 08 08 08 08 08 08 08 08 08 08 08 08 08 08 08
08 08 08 08 08 08 08 08 08 08 08 08 08 08 08 08
78 78 78 78 78 78 78 78 78 78 78 78 78 78 78 78
78 78 78 78 78 78 78 78 78 78 78 78 78 78 78 78
fe fe fe fe fe fe fe fe fe fe fe fe fe fe fe fe
fe fe fe fe fe fe fe fe fe fe fe fe fe fe fe fe
60 60 60 60 60 60 60 60 60 60 60 60 60 60 60 60
60 60 60 60 60 60 60 60 60 60 60 60 60 60 60 60
fb fb fb fb fb fb fb fb fb fb fb fb fb fb fb fb
fb fb fb fb fb fb fb fb fb fb fb fb fb fb fb fb
48 48 48 48 48 48 48 48 48 48 48 48 48 48 48 48
48 48 48 48 48 48 48 48 48 48 48 48 48 48 48 48
f8 f8 f8 f8 f8 f8 f8 f8 f8 f8 f8 f8 f8 f8 f8 f8
f8 f8 f8 f8 f8 f8 f8 f8 f8 f8 f8 f8 f8 f8 f8 f8
30 30 30 30 30 30 30 30 30 30 30 30 30 30 30 30
30 30 30 30 30 30 30 30 30 30 30 30 30 30 30 30
f5 f5 f5 f5 f5 f5 f5 f5 f5 f5 f5 f5 f5 f5 f5 f5
f5 f5 f5 f5 f5 f5 f5 f5 f5 f5 f5 f5 f5 f5 f5 f5
18 18 18 18 18 18 18 18 18 18 18 18 18 18 18 18
18 18 18 18 18 18 18 18 18 18 18 18 18 18 18 18
f2 f2 f2 f2 f2 f2 f2 f2 f2 f2 f2 f2 f2 f2 f2 f2
f2 f2 f2 f2 f2 f2 f2 f2 f2 f2 f2 f2 f2 f2 f2 f2
00 00 00 00 00 00 00 00 00 00 00 00 00 00 00 00
00 00 00 00 00 00 00 00 00 00 00 00 00 00 00 00
70 70 70 70 70 70 70 70 70 70 70 70 70 70 70 70
70 70 70 70 70 70 70 70 70 70 70 70 70 70 70 70
fd fd fd fd fd fd fd fd fd fd fd fd fd fd fd fd
fd fd fd fd fd fd fd fd fd fd fd fd fd fd fd fd
58 58 58 58 58 58 58 58 58 58 58 58 58 58 58 58
58 58 58 58 58 58 58 58 58 58 58 58 58 58 58 58
fa fa fa fa fa fa fa fa fa fa fa fa fa fa fa fa
fa fa fa fa fa fa fa fa fa fa fa fa fa fa fa fa
40 40 40 40 40 40 40 40 40 40 40 40 40 40 40 40
40 40 40 40 40 40 40 40 40 40 40 40 40 40 40 40
f7 f7 f7 f7 f7 f7 f7 f7 f7 f7 f7 f7 f7 f7 f7 f7
f7 f7 f7 f7 f7 f7 f7 f7 f7 f7 f7 f7 f7 f7 f7 f7
28 28 28 28 28 28 28 28 28 28 28 28 28 28 28 28
28 28 28 28 28 28 28 28 28 28 28 28 28 28 28 28
f4 f4 f4 f4 f4 f4 f4 f4 f4 f4 f4 f4 f4 f4 f4 f4
f4 f4 f4 f4 f4 f4 f4 f4 f4 f4 f4 f4 f4 f4 f4 f4
10 10 10 10 10 10 10 10 10 10 10 10 10 10 10 10
10 10 10 10 10 10 10 10 10 10 10 10 10 10 10 10
f1 f1 f1 f1 f1 f1 f1 f1 f1 f1 f1 f1 f1 f1 f1 f1
f1 f1 f1 f1 f1 f1 f1 f1 f1 f1 f1 f1 f1 f1 f1 f1
ff ff ff ff ff ff ff ff ff ff ff ff ff ff ff ff
ff ff ff ff ff ff ff ff ff ff ff ff ff ff ff ff
68 68 68 68 68 68 68 68 68 68 68 68 68 68 68 68
68 68 68 68 68 68 68 68 68 68 68 68 68 68 68 68
fc fc fc fc fc fc fc fc fc fc fc fc fc fc fc fc
fc fc fc fc fc fc fc fc fc fc fc fc fc fc fc fc
50 50 50 50 50 50 50 50 50 50 50 50 50 50 50 50
50 50 50 50 50 50 50 50 50 50 50 50 50 50 50 50
f9 f9 f9 f9 f9 f9 f9 f9 f9 f9 f9 f9 f9 f9 f9 f9
f9 f9 f9 f9 f9 f9 f9 f9 f9 f9 f9 f9 f9 f9 f9 f9
38 38 38 38 38 38 38 38 38 38 38 38 38 38 38 38
38 38 38 38 38 38 38 38 38 38 38 38 38 38 38 38
f6 f6 f6 f6 f6 f6 f6 f6 f6 f6 f6 f6 f6 f6 f6 f6
f6 f6 f6 f6 f6 f6 f6 f6 f6 f6 f6 f6 f6 f6 f6 f6
20 20 20 20 20 20 20 20 20 20 20 20 20 20 20 20
20 20 20 20 20 20 20 20 20 20 20 20 20 20 20 20
f3 f3 f3 f3 f3 f3 f3 f3 f3 f3 f3 f3 f3 f3 f3 f3
f3 f3 f3 f3 f3 f3 f3 f3 f3 f3 f3 f3 f3 f3 f3 f3
08 08 08 08 08 08 08 08 08 08 08 08 08 08 08 08
08 08 08 08 08 08 08 08 08 08 08 08 08 08 08 08
78 78 78 78 78 78 78 78 78 78 78 78 78 78 78 78
78 78 78 78 78 78 78 78 78 78 78 78 78 78 78 78
fe fe fe fe fe fe fe fe fe fe fe fe fe fe fe fe
fe fe fe fe fe fe fe fe fe fe fe fe fe fe fe fe
60 60 60 60 60 60 60 60 60 60 60 60 60 60 60 60
60 60 60 60 60 60 60 60 60 60 60 60 60 60 60 60
fb fb fb fb fb fb fb fb fb fb fb fb fb fb fb fb
fb fb fb fb fb fb fb fb fb fb fb fb fb fb fb fb
48 48 48 48 48 48 48 48 48 48 48 48 48 48 48 48
48 48 48 48 48 48 48 48 48 48 48 48 48 48 48 48
f8 f8 f8 f8 f8 f8 f8 f8 f8 f8 f8 f8 f8 f8 f8 f8
f8 f8 f8 f8 f8 f8 f8 f8 f8 f8 f8 f8 f8 f8 f8 f8
30 30 30 30 30 30 30 30 30 30 30 30 30 30 30 30
30 30 30 30 30 30 30 30 30 30 30 30 30 30 30 30
f5 f5 f5 f5 f5 f5 f5 f5 f5 f5 f5 f5 f5 f5 f5 f5
f5 f5 f5 f5 f5 f5 f5 f5 f5 f5 f5 f5 f5 f5 f5 f5
18 18 18 18 18 18 18 18 18 18 18 18 18 18 18 18
18 18 18 18 18 18 18 18 18 18 18 18 18 18 18 18
f2 f2 f2 f2 f2 f2 f2 f2 f2 f2 f2 f2 f2 f2 f2 f2
f2 f2 f2 f2 f2 f2 f2 f2 f2 f2 f2 f2 f2 f2 f2 f2
00 00 00 00 00 00 00 00 00 00 00 00 00 00 00 00
00 00 00 00 00 00 00 00 00 00 00 00 00 00 00 00
70 70 70 70 70 70 70 70 70 70 70 70 70 70 70 70
70 70 70 70 70 70 70 70 70 70 70 70 70 70 70 70
fd fd fd fd fd fd fd fd fd fd fd fd fd fd fd fd
fd fd fd fd fd fd fd fd fd fd fd fd fd fd fd fd
58 58 58 58 58 58 58 58 58 58 58 58 58 58 58 58
58 58 58 58 58 58 58 58 58 58 58 58 58 58 58 58
fa fa fa fa fa fa fa fa fa fa fa fa fa fa fa fa
fa fa fa fa fa fa fa fa fa fa fa fa fa fa fa fa
40 40 40 40 40 40 40 40 40 40 40 40 40 40 40 40
40 40 40 40 40 40 40 40 40 40 40 40 40 40 40 40
f7 f7 f7 f7 f7 f7 f7 f7 f7 f7 f7 f7 f7 f7 f7 f7
f7 f7 f7 f7 f7 f7 f7 f7 f7 f7 f7 f7 f7 f7 f7 f7
28 28 28 28 28 28 28 28 28 28 28 28 28 28 28 28
28 28 28 28 28 28 28 28 28 28 28 28 28 28 28 28
f4 f4 f4 f4 f4 f4 f4 f4 f4 f4 f4 f4 f4 f4 f4 f4
f4 f4 f4 f4 f4 f4 f4 f4 f4 f4 f4 f4 f4 f4 f4 f4
10 10 10 10 10 10 10 10 10 10 10 10 10 10 10 10
10 10 10 10 10 10 10 10 10 10 10 10 10 10 10 10
f1 f1 f1 f1 f1 f1 f1 f1 f1 f1 f1 f1 f1 f1 f1 f1
f1 f1 f1 f1 f1 f1 f1 f1 f1 f1 f1 f1 f1 f1 f1 f1
ff ff ff ff ff ff ff ff ff ff ff ff ff ff ff ff
ff ff ff ff ff ff ff ff ff ff ff ff ff ff ff ff
68 68 68 68 68 68 68 68 68 68 68 68 68 68 68 68
68 68 68 68 68 68 68 68 68 68 68 68 68 68 68 68
@010000
f4 f4 f4 f4 f4 f4 f4 f4 f4 f4 f4 f4 f4 f4 f4 f4
f4 f4 f4 f4 f4 f4 f4 f4 f4 f4 f4 f4 f4 f4 f4 f4
10 10 10 10 10 10 10 10 10 10 10 10 10 10 10 10
10 10 10 10 10 10 10 10 10 10 10 10 10 10 10 10
f1 f1 f1 f1 f1 f1 f1 f1 f1 f1 f1 f1 f1 f1 f1 f1
f1 f1 f1 f1 f1 f1 f1 f1 f1 f1 f1 f1 f1 f1 f1 f1
ff ff ff ff ff ff ff ff ff ff ff ff ff ff ff ff
ff ff ff ff ff ff ff ff ff ff ff ff ff ff ff ff
68 68 68 68 68 68 68 68 68 68 68 68 68 68 68 68
68 68 68 68 68 68 68 68 68 68 68 68 68 68 68 68
fc fc fc fc fc fc fc fc fc fc fc fc fc fc fc fc
fc fc fc fc fc fc fc fc fc fc fc fc fc fc fc fc
50 50 50 50 50 50 50 50 50 50 50 50 50 50 50 50
50 50 50 50 50 50 50 50 50 50 50 50 50 50 50 50
f9 f9 f9 f9 f9 f9 f9 f9 f9 f9 f9 f9 f9 f9 f9 f9
f9 f9 f9 f9 f9 f9 f9 f9 f9 f9 f9 f9 f9 f9 f9 f9
38 38 38 38 38 38 38 38 38 38 38 38 38 38 38 38
38 38 38 38 38 38 38 38 38 38 38 38 38 38 38 38
f6 f6 f6 f6 f6 f6 f6 f6 f6 f6 f6 f6 f6 f6 f6 f6
f6 f6 f6 f6 f6 f6 f6 f6 f6 f6 f6 f6 f6 f6 f6 f6
20 20 20 20 20 20 20 20 20 20 20 20 20 20 20 20
20 20 20 20 20 20 20 20 20 20 20 20 20 20 20 20
f3 f3 f3 f3 f3 f3 f3 f3 f3 f3 f3 f3 f3 f3 f3 f3
f3 f3 f3 f3 f3 f3 f3 f3 f3 f3 f3 f3 f3 f3 f3 f3
08 08 08 08 08 08 08 08 08 08 08 08 08 08 08 08
08 08 08 08 08 08 08 08 08 08 08 08 08 08 08 08
78 78 78 78 78 78 78 78 78 78 78 78 78 78 78 78
78 78 78 78 78 78 78 78 78 78 78 78 78 78 78 78
fe fe fe fe fe fe fe fe fe fe fe fe fe fe fe fe
fe fe fe fe fe fe fe fe fe fe fe fe fe fe fe fe
60 60 60 60 60 60 60 60 60 60 60 60 60 60 60 60
60 60 60 60 60 60 60 60 60 60 60 60 60 60 60 60
fb fb fb fb fb fb fb fb fb fb fb fb fb fb fb fb
fb fb fb fb fb fb fb fb fb fb fb fb fb fb fb fb
48 48 48 48 48 48 48 48 48 48 48 48 48 48 48 48
48 48 48 48 48 48 48 48 48 48 48 48 48 48 48 48
f8 f8 f8 f8 f8 f8 f8 f8 f8 f8 f8 f8 f8 f8 f8 f8
f8 f8 f8 f8 f8 f8 f8 f8 f8 f8 f8 f8 f8 f8 f8 f8
30 30 30 30 30 30 30 30 30 30 30 30 30 30 30 30
30 30 30 30 30 30 30 30 30 30 30 30 30 30 30 30
f5 f5 f5 f5 f5 f5 f5 f5 f5 f5 f5 f5 f5 f5 f5 f5
f5 f5 f5 f5 f5 f5 f5 f5 f5 f5 f5 f5 f5 f5 f5 f5
18 18 18 18 18 18 18 18 18 18 18 18 18 18 18 18
18 18 18 18 18 18 18 18 18 18 18 18 18 18 18 18
f2 f2 f2 f2 f2 f2 f2 f2 f2 f2 f2 f2 f2 f2 f2 f2
f2 f2 f2 f2 f2 f2 f2 f2 f2 f2 f2 f2 f2 f2 f2 f2
00 00 00 00 00 00 00 00 00 00 00 00 00 00 00 00
00 00 00 00 00 00 00 00 00 00 00 00 00 00 00 00
70 70 70 70 70 70 70 70 70 70 70 70 70 70 70 70
70 70 70 70 70 70 70 70 70 70 70 70 70 70 70 70
fd fd fd fd fd fd fd fd fd fd fd fd fd fd fd fd
fd fd fd fd fd fd fd fd fd fd fd fd fd fd fd fd
58 58 58 58 58 58 58 58 58 58 58 58 58 58 58 58
58 58 58 58 58 58 58 58 58 58 58 58 58 58 58 58
fa fa fa fa fa fa fa fa fa fa fa fa fa fa fa fa
fa fa fa fa fa fa fa fa fa fa fa fa fa fa fa fa
40 40 40 40 40 40 40 40 40 40 40 40 40 40 40 40
40 40 40 40 40 40 40 40 40 40 40 40 40 40 40 40
f7 f7 f7 f7 f7 f7 f7 f7 f7 f7 f7 f7 f7 f7 f7 f7
f7 f7 f7 f7 f7 f7 f7 f7 f7 f7 f7 f7 f7 f7 f7 f7
28 28 28 28 28 28 28 28 28 28 28 28 28 28 28 28
28 28 28 28 28 28 28 28 28 28 28 28 28 28 28 28
f4 f4 f4 f4 f4 f4 f4 f4 f4 f4 f4 f4 f4 f4 f4 f4
f4 f4 f4 f4 f4 f4 f4 f4 f4 f4 f4 f4 f4 f4 f4 f4
10 10 10 10 10 10 10 10 10 10 10 10 10 10 10 10
10 10 10 10 10 10 10 10 10 10 10 10 10 10 10 10
f1 f1 f1 f1 f1 f1 f1 f1 f1 f1 f1 f1 f1 f1 f1 f1
f1 f1 f1 f1 f1 f1 f1 f1 f1 f1 f1 f1 f1 f1 f1 f1
ff ff ff ff ff ff ff ff ff ff ff ff ff ff ff ff
ff ff ff ff ff ff ff ff ff ff ff ff ff ff ff ff
68 68 68 68 68 68 68 68 68 68 68 68 68 68 68 68
68 68 68 68 68 68 68 68 68 68 68 68 68 68 68 68
fc fc fc fc fc fc fc fc fc fc fc fc fc fc fc fc
fc fc fc fc fc fc fc fc fc fc fc fc fc fc fc fc
50 50 50 50 50 50 50 50 50 50 50 50 50 50 50 50
50 50 50 50 50 50 50 50 50 50 50 50 50 50 50 50
f9 f9 f9 f9 f9 f9 f9 f9 f9 f9 f9 f9 f9 f9 f9 f9
f9 f9 f9 f9 f9 f9 f9 f9 f9 f9 f9 f9 f9 f9 f9 f9
38 38 38 38 38 38 38 38 38 38 38 38 38 38 38 38
38 38 38 38 38 38 38 38 38 38 38 38 38 38 38 38
f6 f6 f6 f6 f6 f6 f6 f6 f6 f6 f6 f6 f6 f6 f6 f6
f6 f6 f6 f6 f6 f6 f6 f6 f6 f6 f6 f6 f6 f6 f6 f6
20 20 20 20 20 20 20 20 20 20 20 20 20 20 20 20
20 20 20 20 20 20 20 20 20 20 20 20 20 20 20 20
f3 f3 f3 f3 f3 f3 f3 f3 f3 f3 f3 f3 f3 f3 f3 f3
f3 f3 f3 f3 f3 f3 f3 f3 f3 f3 f3 f3 f3 f3 f3 f3
08 08 08 08 08 08 08 08 08 08 08 08 08 08 08 08
08 08 08 08 08 08 08 08 08 08 08 08 08 08 08 08
78 78 78 78 78 78 78 78 78 78 78 78 78 78 78 78
78 78 78 78 78 78 78 78 78 78 78 78 78 78 78 78
fe fe fe fe fe fe fe fe fe fe fe fe fe fe fe fe
fe fe fe fe fe fe fe fe fe fe fe fe fe fe fe fe
60 60 60 60 60 60 60 60 60 60 60 60 60 60 60 60
60 60 60 60 60 60 60 60 60 60 60 60 60 60 60 60
fb fb fb fb fb fb fb fb fb fb fb fb fb fb fb fb
fb fb fb fb fb fb fb fb fb fb fb fb fb fb fb fb
48 48 48 48 48 48 48 48 48 48 48 48 48 48 48 48
48 48 48 48 48 48 48 48 48 48 48 48 48 48 48 48
f8 f8 f8 f8 f8 f8 f8 f8 f8 f8 f8 f8 f8 f8 f8 f8
f8 f8 f8 f8 f8 f8 f8 f8 f8 f8 f8 f8 f8 f8 f8 f8
30 30 30 30 30 30 30 30 30 30 30 30 30 30 30 30
30 30 30 30 30 30 30 30 30 30 30 30 30 30 30 30
f5 f5 f5 f5 f5 f5 f5 f5 f5 f5 f5 f5 f5 f5 f5 f5
f5 f5 f5 f5 f5 f5 f5 f5 f5 f5 f5 f5 f5 f5 f5 f5
18 18 18 18 18 18 18 18 18 18 18 18 18 18 18 18
18 18 18 18 18 18 18 18 18 18 18 18 18 18 18 18
f2 f2 f2 f2 f2 f2 f2 f2 f2 f2 f2 f2 f2 f2 f2 f2
f2 f2 f2 f2 f2 f2 f2 f2 f2 f2 f2 f2 f2 f2 f2 f2
00 00 00 00 00 00 00 00 00 00 00 00 00 00 00 00
00 00 00 00 00 00 00 00 00 00 00 00 00 00 00 00
70 70 70 70 70 70 70 70 70 70 70 70 70 70 70 70
70 70 70 70 70 70 70 70 70 70 70 70 70 70 70 70
fd fd fd fd fd fd fd fd fd fd fd fd fd fd fd fd
fd fd fd fd fd fd fd fd fd fd fd fd fd fd fd fd
58 58 58 58 58 58 58 58 58 58 58 58 58 58 58 58
58 58 58 58 58 58 58 58 58 58 58 58 58 58 58 58
fa fa fa fa fa fa fa fa fa fa fa fa fa fa fa fa
fa fa fa fa fa fa fa fa fa fa fa fa fa fa fa fa
40 40 40 40 40 40 40 40 40 40 40 40 40 40 40 40
40 40 40 40 40 40 40 40 40 40 40 40 40 40 40 40
f7 f7 f7 f7 f7 f7 f7 f7 f7 f7 f7 f7 f7 f7 f7 f7
f7 f7 f7 f7 f7 f7 f7 f7 f7 f7 f7 f7 f7 f7 f7 f7
28 28 28 28 28 28 28 28 28 28 28 28 28 28 28 28
28 28 28 28 28 28 28 28 28 28 28 28 28 28 28 28
f4 f4 f4 f4 f4 f4 f4 f4 f4 f4 f4 f4 f4 f4 f4 f4
f4 f4 f4 f4 f4 f4 f4 f4 f4 f4 f4 f4 f4 f4 f4 f4
10 10 10 10 10 10 10 10 10 10 10 10 10 10 10 10
10 10 10 10 10 10 10 10 10 10 10 10 10 10 10 10
f1 f1 f1 f1 f1 f1 f1 f1 f1 f1 f1 f1 f1 f1 f1 f1
f1 f1 f1 f1 f1 f1 f1 f1 f1 f1 f1 f1 f1 f1 f1 f1
ff ff ff ff ff ff ff ff ff ff ff ff ff ff ff ff
ff ff ff ff ff ff ff ff ff ff ff ff ff ff ff ff
68 68 68 68 68 68 68 68 68 68 68 68 68 68 68 68
68 68 68 68 68 68 68 68 68 68 68 68 68 68 68 68
fc fc fc fc fc fc fc fc fc fc fc fc fc fc fc fc
fc fc fc fc fc fc fc fc fc fc fc fc fc fc fc fc
50 50 50 50 50 50 50 50 50 50 50 50 50 50 50 50
50 50 50 50 50 50 50 50 50 50 50 50 50 50 50 50
f9 f9 f9 f9 f9 f9 f9 f9 f9 f9 f9 f9 f9 f9 f9 f9
f9 f9 f9 f9 f9 f9 f9 f9 f9 f9 f9 f9 f9 f9 f9 f9
38 38 38 38 38 38 38 38 38 38 38 38 38 38 38 38
38 38 38 38 38 38 38 38 38 38 38 38 38 38 38 38
f6 f6 f6 f6 f6 f6 f6 f6 f6 f6 f6 f6 f6 f6 f6 f6
f6 f6 f6 f6 f6 f6 f6 f6 f6 f6 f6 f6 f6 f6 f6 f6
20 20 20 20 20 20 20 20 20 20 20 20 20 20 20 20
20 20 20 20 20 20 20 20 20 20 20 20 20 20 20 20
f3 f3 f3 f3 f3 f3 f3 f3 f3 f3 f3 f3 f3 f3 f3 f3
f3 f3 f3 f3 f3 f3 f3 f3 f3 f3 f3 f3 f3 f3 f3 f3
08 08 08 08 08 08 08 08 08 08 08 08 08 08 08 08
08 08 08 08 08 08 08 08 08 08 08 08 08 08 08 08
78 78 78 78 78 78 78 78 78 78 78 78 78 78 78 78
78 78 78 78 78 78 78 78 78 78 78 78 78 78 78 78
fe fe fe fe fe fe fe fe fe fe fe fe fe fe fe fe
fe fe fe fe fe fe fe fe fe fe fe fe fe fe fe fe
60 60 60 60 60 60 60 60 60 60 60 60 60 60 60 60
60 60 60 60 60 60 60 60 60 60 60 60 60 60 60 60
fb fb fb fb fb fb fb fb fb fb fb fb fb fb fb fb
fb fb fb fb fb fb fb fb fb fb fb fb fb fb fb fb
48 48 48 48 48 48 48 48 48 48 48 48 48 48 48 48
48 48 48 48 48 48 48 48 48 48 48 48 48 48 48 48
f8 f8 f8 f8 f8 f8 f8 f8 f8 f8 f8 f8 f8 f8 f8 f8
f8 f8 f8 f8 f8 f8 f8 f8 f8 f8 f8 f8 f8 f8 f8 f8
30 30 30 30 30 30 30 30 30 30 30 30 30 30 30 30
30 30 30 30 30 30 30 30 30 30 30 30 30 30 30 30
f5 f5 f5 f5 f5 f5 f5 f5 f5 f5 f5 f5 f5 f5 f5 f5
f5 f5 f5 f5 f5 f5 f5 f5 f5 f5 f5 f5 f5 f5 f5 f5
18 18 18 18 18 18 18 18 18 18 18 18 18 18 18 18
18 18 18 18 18 18 18 18 18 18 18 18 18 18 18 18
f2 f2 f2 f2 f2 f2 f2 f2 f2 f2 f2 f2 f2 f2 f2 f2
f2 f2 f2 f2 f2 f2 f2 f2 f2 f2 f2 f2 f2 f2 f2 f2
00 00 00 00 00 00 00 00 00 00 00 00 00 00 00 00
00 00 00 00 00 00 00 00 00 00 00 00 00 00 00 00
70 70 70 70 70 70 70 70 70 70 70 70 70 70 70 70
70 70 70 70 70 70 70 70 70 70 70 70 70 70 70 70
fd fd fd fd fd fd fd fd fd fd fd fd fd fd fd fd
fd fd fd fd fd fd fd fd fd fd fd fd fd fd fd fd
58 58 58 58 58 58 58 58 58 58 58 58 58 58 58 58
58 58 58 58 58 58 58 58 58 58 58 58 58 58 58 58
fa fa fa fa fa fa fa fa fa fa fa fa fa fa fa fa
fa fa fa fa fa fa fa fa fa fa fa fa fa fa fa fa
40 40 40 40 40 40 40 40 40 40 40 40 40 40 40 40
40 40 40 40 40 40 40 40 40 40 40 40 40 40 40 40
f7 f7 f7 f7 f7 f7 f7 f7 f7 f7 f7 f7 f7 f7 f7 f7
f7 f7 f7 f7 f7 f7 f7 f7 f7 f7 f7 f7 f7 f7 f7 f7
28 28 28 28 28 28 28 28 28 28 28 28 28 28 28 28
28 28 28 28 28 28 28 28 28 28 28 28 28 28 28 28
f4 f4 f4 f4 f4 f4 f4 f4 f4 f4 f4 f4 f4 f4 f4 f4
f4 f4 f4 f4 f4 f4 f4 f4 f4 f4 f4 f4 f4 f4 f4 f4
10 10 10 10 10 10 10 10 10 10 10 10 10 10 10 10
10 10 10 10 10 10 10 10 10 10 10 10 10 10 10 10
f1 f1 f1 f1 f1 f1 f1 f1 f1 f1 f1 f1 f1 f1 f1 f1
f1 f1 f1 f1 f1 f1 f1 f1 f1 f1 f1 f1 f1 f1 f1 f1
ff ff ff ff ff ff ff ff ff ff ff ff ff ff ff ff
ff ff ff ff ff ff ff ff ff ff ff ff ff ff ff ff
68 68 68 68 68 68 68 68 68 68 68 68 68 68 68 68
68 68 68 68 68 68 68 68 68 68 68 68 68 68 68 68
fc fc fc fc fc fc fc fc fc fc fc fc fc fc fc fc
fc fc fc fc fc fc fc fc fc fc fc fc fc fc fc fc
50 50 50 50 50 50 50 50 50 50 50 50 50 50 50 50
50 50 50 50 50 50 50 50 50 50 50 50 50 50 50 50
f9 f9 f9 f9 f9 f9 f9 f9 f9 f9 f9 f9 f9 f9 f9 f9
f9 f9 f9 f9 f9 f9 f9 f9 f9 f9 f9 f9 f9 f9 f9 f9
38 38 38 38 38 38 38 38 38 38 38 38 38 38 38 38
38 38 38 38 38 38 38 38 38 38 38 38 38 38 38 38
f6 f6 f6 f6 f6 f6 f6 f6 f6 f6 f6 f6 f6 f6 f6 f6
f6 f6 f6 f6 f6 f6 f6 f6 f6 f6 f6 f6 f6 f6 f6 f6
20 20 20 20 20 20 20 20 20 20 20 20 20 20 20 20
20 20 20 20 20 20 20 20 20 20 20 20 20 20 20 20
f3 f3 f3 f3 f3 f3 f3 f3 f3 f3 f3 f3 f3 f3 f3 f3
f3 f3 f3 f3 f3 f3 f3 f3 f3 f3 f3 f3 f3 f3 f3 f3
08 08 08 08 08 08 08 08 08 08 08 08 08 08 08 08
08 08 08 08 08 08 08 08 08 08 08 08 08 08 08 08
78 78 78 78 78 78 78 78 78 78 78 78 78 78 78 78
78 78 78 78 78 78 78 78 78 78 78 78 78 78 78 78
fe fe fe fe fe fe fe fe fe fe fe fe fe fe fe fe
fe fe fe fe fe fe fe fe fe fe fe fe fe fe fe fe
60 60 60 60 60 60 60 60 60 60 60 60 60 60 60 60
60 60 60 60 60 60 60 60 60 60 60 60 60 60 60 60
fb fb fb fb fb fb fb fb fb fb fb fb fb fb fb fb
fb fb fb fb fb fb fb fb fb fb fb fb fb fb fb fb
48 48 48 48 48 48 48 48 48 48 48 48 48 48 48 48
48 48 48 48 48 48 48 48 48 48 48 48 48 48 48 48
f8 f8 f8 f8 f8 f8 f8 f8 f8 f8 f8 f8 f8 f8 f8 f8
f8 f8 f8 f8 f8 f8 f8 f8 f8 f8 f8 f8 f8 f8 f8 f8
30 30 30 30 30 30 30 30 30 30 30 30 30 30 30 30
30 30 30 30 30 30 30 30 30 30 30 30 30 30 30 30
f5 f5 f5 f5 f5 f5 f5 f5 f5 f5 f5 f5 f5 f5 f5 f5
f5 f5 f5 f5 f5 f5 f5 f5 f5 f5 f5 f5 f5 f5 f5 f5
18 18 18 18 18 18 18 18 18 18 18 18 18 18 18 18
18 18 18 18 18 18 18 18 18 18 18 18 18 18 18 18
f2 f2 f2 f2 f2 f2 f2 f2 f2 f2 f2 f2 f2 f2 f2 f2
f2 f2 f2 f2 f2 f2 f2 f2 f2 f2 f2 f2 f2 f2 f2 f2
00 00 00 00 00 00 00 00 00 00 00 00 00 00 00 00
00 00 00 00 00 00 00 00 00 00 00 00 00 00 00 00
70 70 70 70 70 70 70 70 70 70 70 70 70 70 70 70
70 70 70 70 70 70 70 70 70 70 70 70 70 70 70 70
fd fd fd fd fd fd fd fd fd fd fd fd fd fd fd fd
fd fd fd fd fd fd fd fd fd fd fd fd fd fd fd fd
58 58 58 58 58 58 58 58 58 58 58 58 58 58 58 58
58 58 58 58 58 58 58 58 58 58 58 58 58 58 58 58
fa fa fa fa fa fa fa fa fa fa fa fa fa fa fa fa
fa fa fa fa fa fa fa fa fa fa fa fa fa fa fa fa
40 40 40 40 40 40 40 40 40 40 40 40 40 40 40 40
40 40 40 40 40 40 40 40 40 40 40 40 40 40 40 40
f7 f7 f7 f7 f7 f7 f7 f7 f7 f7 f7 f7 f7 f7 f7 f7
f7 f7 f7 f7 f7 f7 f7 f7 f7 f7 f7 f7 f7 f7 f7 f7
28 28 28 28 28 28 28 28 28 28 28 28 28 28 28 28
28 28 28 28 28 28 28 28 28 28 28 28 28 28 28 28
f4 f4 f4 f4 f4 f4 f4 f4 f4 f4 f4 f4 f4 f4 f4 f4
f4 f4 f4 f4 f4 f4 f4 f4 f4 f4 f4 f4 f4 f4 f4 f4
10 10 10 10 10 10 10 10 10 10 10 10 10 10 10 10
10 10 10 10 10 10 10 10 10 10 10 10 10 10 10 10
f1 f1 f1 f1 f1 f1 f1 f1 f1 f1 f1 f1 f1 f1 f1 f1
f1 f1 f1 f1 f1 f1 f1 f1 f1 f1 f1 f1 f1 f1 f1 f1
ff ff ff ff ff ff ff ff ff ff ff ff ff ff ff ff
ff ff ff ff ff ff ff ff ff ff ff ff ff ff ff ff
68 68 68 68 68 68 68 68 68 68 68 68 68 68 68 68
68 68 68 68 68 68 68 68 68 68 68 68 68 68 68 68
fc fc fc fc fc fc fc fc fc fc fc fc fc fc fc fc
fc fc fc fc fc fc fc fc fc fc fc fc fc fc fc fc
50 50 50 50 50 50 50 50 50 50 50 50 50 50 50 50
50 50 50 50 50 50 50 50 50 50 50 50 50 50 50 50
f9 f9 f9 f9 f9 f9 f9 f9 f9 f9 f9 f9 f9 f9 f9 f9
f9 f9 f9 f9 f9 f9 f9 f9 f9 f9 f9 f9 f9 f9 f9 f9
38 38 38 38 38 38 38 38 38 38 38 38 38 38 38 38
38 38 38 38 38 38 38 38 38 38 38 38 38 38 38 38
f6 f6 f6 f6 f6 f6 f6 f6 f6 f6 f6 f6 f6 f6 f6 f6
f6 f6 f6 f6 f6 f6 f6 f6 f6 f6 f6 f6 f6 f6 f6 f6
20 20 20 20 20 20 20 20 20 20 20 20 20 20 20 20
20 20 20 20 20 20 20 20 20 20 20 20 20 20 20 20
f3 f3 f3 f3 f3 f3 f3 f3 f3 f3 f3 f3 f3 f3 f3 f3
f3 f3 f3 f3 f3 f3 f3 f3 f3 f3 f3 f3 f3 f3 f3 f3
08 08 08 08 08 08 08 08 08 08 08 08 08 08 08 08
08 08 08 08 08 08 08 08 08 08 08 08 08 08 08 08
78 78 78 78 78 78 78 78 78 78 78 78 78 78 78 78
78 78 78 78 78 78 78 78 78 78 78 78 78 78 78 78
fe fe fe fe fe fe fe fe fe fe fe fe fe fe fe fe
fe fe fe fe fe fe fe fe fe fe fe fe fe fe fe fe
60 60 60 60 60 60 60 60 60 60 60 60 60 60 60 60
60 60 60 60 60 60 60 60 60 60 60 60 60 60 60 60
fb fb fb fb fb fb fb fb fb fb fb fb fb fb fb fb
fb fb fb fb fb fb fb fb fb fb fb fb fb fb fb fb
48 48 48 48 48 48 48 48 48 48 48 48 48 48 48 48
48 48 48 48 48 48 48 48 48 48 48 48 48 48 48 48
f8 f8 f8 f8 f8 f8 f8 f8 f8 f8 f8 f8 f8 f8 f8 f8
f8 f8 f8 f8 f8 f8 f8 f8 f8 f8 f8 f8 f8 f8 f8 f8
30 30 30 30 30 30 30 30 30 30 30 30 30 30 30 30
30 30 30 30 30 30 30 30 30 30 30 30 30 30 30 30
f5 f5 f5 f5 f5 f5 f5 f5 f5 f5 f5 f5 f5 f5 f5 f5
f5 f5 f5 f5 f5 f5 f5 f5 f5 f5 f5 f5 f5 f5 f5 f5
18 18 18 18 18 18 18 18 18 18 18 18 18 18 18 18
18 18 18 18 18 18 18 18 18 18 18 18 18 18 18 18
f2 f2 f2 f2 f2 f2 f2 f2 f2 f2 f2 f2 f2 f2 f2 f2
f2 f2 f2 f2 f2 f2 f2 f2 f2 f2 f2 f2 f2 f2 f2 f2
00 00 00 00 00 00 00 00 00 00 00 00 00 00 00 00
00 00 00 00 00 00 00 00 00 00 00 00 00 00 00 00
70 70 70 70 70 70 70 70 70 70 70 70 70 70 70 70
70 70 70 70 70 70 70 70 70 70 70 70 70 70 70 70
fd fd fd fd fd fd fd fd fd fd fd fd fd fd fd fd
fd fd fd fd fd fd fd fd fd fd fd fd fd fd fd fd
58 58 58 58 58 58 58 58 58 58 58 58 58 58 58 58
58 58 58 58 58 58 58 58 58 58 58 58 58 58 58 58
fa fa fa fa fa fa fa fa fa fa fa fa fa fa fa fa
fa fa fa fa fa fa fa fa fa fa fa fa fa fa fa fa
40 40 40 40 40 40 40 40 40 40 40 40 40 40 40 40
40 40 40 40 40 40 40 40 40 40 40 40 40 40 40 40
f7 f7 f7 f7 f7 f7 f7 f7 f7 f7 f7 f7 f7 f7 f7 f7
f7 f7 f7 f7 f7 f7 f7 f7 f7 f7 f7 f7 f7 f7 f7 f7
28 28 28 28 28 28 28 28 28 28 28 28 28 28 28 28
28 28 28 28 28 28 28 28 28 28 28 28 28 28 28 28
f4 f4 f4 f4 f4 f4 f4 f4 f4 f4 f4 f4 f4 f4 f4 f4
f4 f4 f4 f4 f4 f4 f4 f4 f4 f4 f4 f4 f4 f4 f4 f4
10 10 10 10 10 10 10 10 10 10 10 10 10 10 10 10
10 10 10 10 10 10 10 10 10 10 10 10 10 10 10 10
f1 f1 f1 f1 f1 f1 f1 f1 f1 f1 f1 f1 f1 f1 f1 f1
f1 f1 f1 f1 f1 f1 f1 f1 f1 f1 f1 f1 f1 f1 f1 f1
ff ff ff ff ff ff ff ff ff ff ff ff ff ff ff ff
ff ff ff ff ff ff ff ff ff ff ff ff ff ff ff ff
68 68 68 68 68 68 68 68 68 68 68 68 68 68 68 68
68 68 68 68 68 68 68 68 68 68 68 68 68 68 68 68
@012000
f4 f4 f4 f4 f4 f4 f4 f4 10 10 10 10 10 10 10 10
f1 f1 f1 f1 f1 f1 f1 f1 ff ff ff ff ff ff ff ff
68 68 68 68 68 68 68 68 fc fc fc fc fc fc fc fc
50 50 50 50 50 50 50 50 f9 f9 f9 f9 f9 f9 f9 f9
38 38 38 38 38 38 38 38 f6 f6 f6 f6 f6 f6 f6 f6
20 20 20 20 20 20 20 20 f3 f3 f3 f3 f3 f3 f3 f3
08 08 08 08 08 08 08 08 78 78 78 78 78 78 78 78
fe fe fe fe fe fe fe fe 60 60 60 60 60 60 60 60
fb fb fb fb fb fb fb fb 48 48 48 48 48 48 48 48
f8 f8 f8 f8 f8 f8 f8 f8 30 30 30 30 30 30 30 30
f5 f5 f5 f5 f5 f5 f5 f5 18 18 18 18 18 18 18 18
f2 f2 f2 f2 f2 f2 f2 f2 00 00 00 00 00 00 00 00
70 70 70 70 70 70 70 70 fd fd fd fd fd fd fd fd
58 58 58 58 58 58 58 58 fa fa fa fa fa fa fa fa
40 40 40 40 40 40 40 40 f7 f7 f7 f7 f7 f7 f7 f7
28 28 28 28 28 28 28 28 f4 f4 f4 f4 f4 f4 f4 f4
10 10 10 10 10 10 10 10 f1 f1 f1 f1 f1 f1 f1 f1
ff ff ff ff ff ff ff ff 68 68 68 68 68 68 68 68
fc fc fc fc fc fc fc fc 50 50 50 50 50 50 50 50
f9 f9 f9 f9 f9 f9 f9 f9 38 38 38 38 38 38 38 38
f6 f6 f6 f6 f6 f6 f6 f6 20 20 20 20 20 20 20 20
f3 f3 f3 f3 f3 f3 f3 f3 08 08 08 08 08 08 08 08
78 78 78 78 78 78 78 78 fe fe fe fe fe fe fe fe
60 60 60 60 60 60 60 60 fb fb fb fb fb fb fb fb
48 48 48 48 48 48 48 48 f8 f8 f8 f8 f8 f8 f8 f8
30 30 30 30 30 30 30 30 f5 f5 f5 f5 f5 f5 f5 f5
18 18 18 18 18 18 18 18 f2 f2 f2 f2 f2 f2 f2 f2
00 00 00 00 00 00 00 00 70 70 70 70 70 70 70 70
fd fd fd fd fd fd fd fd 58 58 58 58 58 58 58 58
fa fa fa fa fa fa fa fa 40 40 40 40 40 40 40 40
f7 f7 f7 f7 f7 f7 f7 f7 28 28 28 28 28 28 28 28
f4 f4 f4 f4 f4 f4 f4 f4 10 10 10 10 10 10 10 10
f1 f1 f1 f1 f1 f1 f1 f1 ff ff ff ff ff ff ff ff
68 68 68 68 68 68 68 68 fc fc fc fc fc fc fc fc
50 50 50 50 50 50 50 50 f9 f9 f9 f9 f9 f9 f9 f9
38 38 38 38 38 38 38 38 f6 f6 f6 f6 f6 f6 f6 f6
20 20 20 20 20 20 20 20 f3 f3 f3 f3 f3 f3 f3 f3
08 08 08 08 08 08 08 08 78 78 78 78 78 78 78 78
fe fe fe fe fe fe fe fe 60 60 60 60 60 60 60 60
fb fb fb fb fb fb fb fb 48 48 48 48 48 48 48 48
f8 f8 f8 f8 f8 f8 f8 f8 30 30 30 30 30 30 30 30
f5 f5 f5 f5 f5 f5 f5 f5 18 18 18 18 18 18 18 18
f2 f2 f2 f2 f2 f2 f2 f2 00 00 00 00 00 00 00 00
70 70 70 70 70 70 70 70 fd fd fd fd fd fd fd fd
58 58 58 58 58 58 58 58 fa fa fa fa fa fa fa fa
40 40 40 40 40 40 40 40 f7 f7 f7 f7 f7 f7 f7 f7
28 28 28 28 28 28 28 28 f4 f4 f4 f4 f4 f4 f4 f4
10 10 10 10 10 10 10 10 f1 f1 f1 f1 f1 f1 f1 f1
ff ff ff ff ff ff ff ff 68 68 68 68 68 68 68 68
fc fc fc fc fc fc fc fc 50 50 50 50 50 50 50 50
f9 f9 f9 f9 f9 f9 f9 f9 38 38 38 38 38 38 38 38
f6 f6 f6 f6 f6 f6 f6 f6 20 20 20 20 20 20 20 20
f3 f3 f3 f3 f3 f3 f3 f3 08 08 08 08 08 08 08 08
78 78 78 78 78 78 78 78 fe fe fe fe fe fe fe fe
60 60 60 60 60 60 60 60 fb fb fb fb fb fb fb fb
48 48 48 48 48 48 48 48 f8 f8 f8 f8 f8 f8 f8 f8
30 30 30 30 30 30 30 30 f5 f5 f5 f5 f5 f5 f5 f5
18 18 18 18 18 18 18 18 f2 f2 f2 f2 f2 f2 f2 f2
00 00 00 00 00 00 00 00 70 70 70 70 70 70 70 70
fd fd fd fd fd fd fd fd 58 58 58 58 58 58 58 58
fa fa fa fa fa fa fa fa 40 40 40 40 40 40 40 40
f7 f7 f7 f7 f7 f7 f7 f7 28 28 28 28 28 28 28 28
f4 f4 f4 f4 f4 f4 f4 f4 10 10 10 10 10 10 10 10
f1 f1 f1 f1 f1 f1 f1 f1 ff ff ff ff ff ff ff ff
68 68 68 68 68 68 68 68 fc fc fc fc fc fc fc fc
50 50 50 50 50 50 50 50 f9 f9 f9 f9 f9 f9 f9 f9
38 38 38 38 38 38 38 38 f6 f6 f6 f6 f6 f6 f6 f6
20 20 20 20 20 20 20 20 f3 f3 f3 f3 f3 f3 f3 f3
08 08 08 08 08 08 08 08 78 78 78 78 78 78 78 78
fe fe fe fe fe fe fe fe 60 60 60 60 60 60 60 60
fb fb fb fb fb fb fb fb 48 48 48 48 48 48 48 48
f8 f8 f8 f8 f8 f8 f8 f8 30 30 30 30 30 30 30 30
f5 f5 f5 f5 f5 f5 f5 f5 18 18 18 18 18 18 18 18
f2 f2 f2 f2 f2 f2 f2 f2 00 00 00 00 00 00 00 00
70 70 70 70 70 70 70 70 fd fd fd fd fd fd fd fd
58 58 58 58 58 58 58 58 fa fa fa fa fa fa fa fa
40 40 40 40 40 40 40 40 f7 f7 f7 f7 f7 f7 f7 f7
28 28 28 28 28 28 28 28 f4 f4 f4 f4 f4 f4 f4 f4
10 10 10 10 10 10 10 10 f1 f1 f1 f1 f1 f1 f1 f1
ff ff ff ff ff ff ff ff 68 68 68 68 68 68 68 68
@014000
00 00 00 00 00 00 00 00 00 00 00 00 00 00 00 00
00 00 00 00 00 00 00 00 00 00 00 00 00 00 00 00
10 10 10 10 10 10 10 10 10 10 10 10 10 10 10 10
10 10 10 10 10 10 10 10 10 10 10 10 10 10 10 10
00 00 00 00 00 00 00 00 00 00 00 00 00 00 00 00
00 00 00 00 00 00 00 00 00 00 00 00 00 00 00 00
00 00 00 00 00 00 00 00 00 00 00 00 00 00 00 00
00 00 00 00 00 00 00 00 00 00 00 00 00 00 00 00
68 68 68 68 68 68 68 68 68 68 68 68 68 68 68 68
68 68 68 68 68 68 68 68 68 68 68 68 68 68 68 68
00 00 00 00 00 00 00 00 00 00 00 00 00 00 00 00
00 00 00 00 00 00 00 00 00 00 00 00 00 00 00 00
50 50 50 50 50 50 50 50 50 50 50 50 50 50 50 50
50 50 50 50 50 50 50 50 50 50 50 50 50 50 50 50
00 00 00 00 00 00 00 00 00 00 00 00 00 00 00 00
00 00 00 00 00 00 00 00 00 00 00 00 00 00 00 00
38 38 38 38 38 38 38 38 38 38 38 38 38 38 38 38
38 38 38 38 38 38 38 38 38 38 38 38 38 38 38 38
00 00 00 00 00 00 00 00 00 00 00 00 00 00 00 00
00 00 00 00 00 00 00 00 00 00 00 00 00 00 00 00
20 20 20 20 20 20 20 20 20 20 20 20 20 20 20 20
20 20 20 20 20 20 20 20 20 20 20 20 20 20 20 20
00 00 00 00 00 00 00 00 00 00 00 00 00 00 00 00
00 00 00 00 00 00 00 00 00 00 00 00 00 00 00 00
08 08 08 08 08 08 08 08 08 08 08 08 08 08 08 08
08 08 08 08 08 08 08 08 08 08 08 08 08 08 08 08
78 78 78 78 78 78 78 78 78 78 78 78 78 78 78 78
78 78 78 78 78 78 78 78 78 78 78 78 78 78 78 78
00 00 00 00 00 00 00 00 00 00 00 00 00 00 00 00
00 00 00 00 00 00 00 00 00 00 00 00 00 00 00 00
60 60 60 60 60 60 60 60 60 60 60 60 60 60 60 60
60 60 60 60 60 60 60 60 60 60 60 60 60 60 60 60
00 00 00 00 00 00 00 00 00 00 00 00 00 00 00 00
00 00 00 00 00 00 00 00 00 00 00 00 00 00 00 00
48 48 48 48 48 48 48 48 48 48 48 48 48 48 48 48
48 48 48 48 48 48 48 48 48 48 48 48 48 48 48 48
00 00 00 00 00 00 00 00 00 00 00 00 00 00 00 00
00 00 00 00 00 00 00 00 00 00 00 00 00 00 00 00
30 30 30 30 30 30 30 30 30 30 30 30 30 30 30 30
30 30 30 30 30 30 30 30 30 30 30 30 30 30 30 30
00 00 00 00 00 00 00 00 00 00 00 00 00 00 00 00
00 00 00 00 00 00 00 00 00 00 00 00 00 00 00 00
18 18 18 18 18 18 18 18 18 18 18 18 18 18 18 18
18 18 18 18 18 18 18 18 18 18 18 18 18 18 18 18
00 00 00 00 00 00 00 00 00 00 00 00 00 00 00 00
00 00 00 00 00 00 00 00 00 00 00 00 00 00 00 00
00 00 00 00 00 00 00 00 00 00 00 00 00 00 00 00
00 00 00 00 00 00 00 00 00 00 00 00 00 00 00 00
70 70 70 70 70 70 70 70 70 70 70 70 70 70 70 70
70 70 70 70 70 70 70 70 70 70 70 70 70 70 70 70
00 00 00 00 00 00 00 00 00 00 00 00 00 00 00 00
00 00 00 00 00 00 00 00 00 00 00 00 00 00 00 00
58 58 58 58 58 58 58 58 58 58 58 58 58 58 58 58
58 58 58 58 58 58 58 58 58 58 58 58 58 58 58 58
00 00 00 00 00 00 00 00 00 00 00 00 00 00 00 00
00 00 00 00 00 00 00 00 00 00 00 00 00 00 00 00
40 40 40 40 40 40 40 40 40 40 40 40 40 40 40 40
40 40 40 40 40 40 40 40 40 40 40 40 40 40 40 40
00 00 00 00 00 00 00 00 00 00 00 00 00 00 00 00
00 00 00 00 00 00 00 00 00 00 00 00 00 00 00 00
28 28 28 28 28 28 28 28 28 28 28 28 28 28 28 28
28 28 28 28 28 28 28 28 28 28 28 28 28 28 28 28
00 00 00 00 00 00 00 00 00 00 00 00 00 00 00 00
00 00 00 00 00 00 00 00 00 00 00 00 00 00 00 00
10 10 10 10 10 10 10 10 10 10 10 10 10 10 10 10
10 10 10 10 10 10 10 10 10 10 10 10 10 10 10 10
00 00 00 00 00 00 00 00 00 00 00 00 00 00 00 00
00 00 00 00 00 00 00 00 00 00 00 00 00 00 00 00
00 00 00 00 00 00 00 00 00 00 00 00 00 00 00 00
00 00 00 00 00 00 00 00 00 00 00 00 00 00 00 00
68 68 68 68 68 68 68 68 68 68 68 68 68 68 68 68
68 68 68 68 68 68 68 68 68 68 68 68 68 68 68 68
00 00 00 00 00 00 00 00 00 00 00 00 00 00 00 00
00 00 00 00 00 00 00 00 00 00 00 00 00 00 00 00
50 50 50 50 50 50 50 50 50 50 50 50 50 50 50 50
50 50 50 50 50 50 50 50 50 50 50 50 50 50 50 50
00 00 00 00 00 00 00 00 00 00 00 00 00 00 00 00
00 00 00 00 00 00 00 00 00 00 00 00 00 00 00 00
38 38 38 38 38 38 38 38 38 38 38 38 38 38 38 38
38 38 38 38 38 38 38 38 38 38 38 38 38 38 38 38
00 00 00 00 00 00 00 00 00 00 00 00 00 00 00 00
00 00 00 00 00 00 00 00 00 00 00 00 00 00 00 00
20 20 20 20 20 20 20 20 20 20 20 20 20 20 20 20
20 20 20 20 20 20 20 20 20 20 20 20 20 20 20 20
00 00 00 00 00 00 00 00 00 00 00 00 00 00 00 00
00 00 00 00 00 00 00 00 00 00 00 00 00 00 00 00
08 08 08 08 08 08 08 08 08 08 08 08 08 08 08 08
08 08 08 08 08 08 08 08 08 08 08 08 08 08 08 08
78 78 78 78 78 78 78 78 78 78 78 78 78 78 78 78
78 78 78 78 78 78 78 78 78 78 78 78 78 78 78 78
00 00 00 00 00 00 00 00 00 00 00 00 00 00 00 00
00 00 00 00 00 00 00 00 00 00 00 00 00 00 00 00
60 60 60 60 60 60 60 60 60 60 60 60 60 60 60 60
60 60 60 60 60 60 60 60 60 60 60 60 60 60 60 60
00 00 00 00 00 00 00 00 00 00 00 00 00 00 00 00
00 00 00 00 00 00 00 00 00 00 00 00 00 00 00 00
48 48 48 48 48 48 48 48 48 48 48 48 48 48 48 48
48 48 48 48 48 48 48 48 48 48 48 48 48 48 48 48
00 00 00 00 00 00 00 00 00 00 00 00 00 00 00 00
00 00 00 00 00 00 00 00 00 00 00 00 00 00 00 00
30 30 30 30 30 30 30 30 30 30 30 30 30 30 30 30
30 30 30 30 30 30 30 30 30 30 30 30 30 30 30 30
00 00 00 00 00 00 00 00 00 00 00 00 00 00 00 00
00 00 00 00 00 00 00 00 00 00 00 00 00 00 00 00
18 18 18 18 18 18 18 18 18 18 18 18 18 18 18 18
18 18 18 18 18 18 18 18 18 18 18 18 18 18 18 18
00 00 00 00 00 00 00 00 00 00 00 00 00 00 00 00
00 00 00 00 00 00 00 00 00 00 00 00 00 00 00 00
00 00 00 00 00 00 00 00 00 00 00 00 00 00 00 00
00 00 00 00 00 00 00 00 00 00 00 00 00 00 00 00
70 70 70 70 70 70 70 70 70 70 70 70 70 70 70 70
70 70 70 70 70 70 70 70 70 70 70 70 70 70 70 70
00 00 00 00 00 00 00 00 00 00 00 00 00 00 00 00
00 00 00 00 00 00 00 00 00 00 00 00 00 00 00 00
58 58 58 58 58 58 58 58 58 58 58 58 58 58 58 58
58 58 58 58 58 58 58 58 58 58 58 58 58 58 58 58
00 00 00 00 00 00 00 00 00 00 00 00 00 00 00 00
00 00 00 00 00 00 00 00 00 00 00 00 00 00 00 00
40 40 40 40 40 40 40 40 40 40 40 40 40 40 40 40
40 40 40 40 40 40 40 40 40 40 40 40 40 40 40 40
00 00 00 00 00 00 00 00 00 00 00 00 00 00 00 00
00 00 00 00 00 00 00 00 00 00 00 00 00 00 00 00
28 28 28 28 28 28 28 28 28 28 28 28 28 28 28 28
28 28 28 28 28 28 28 28 28 28 28 28 28 28 28 28
00 00 00 00 00 00 00 00 00 00 00 00 00 00 00 00
00 00 00 00 00 00 00 00 00 00 00 00 00 00 00 00
10 10 10 10 10 10 10 10 10 10 10 10 10 10 10 10
10 10 10 10 10 10 10 10 10 10 10 10 10 10 10 10
00 00 00 00 00 00 00 00 00 00 00 00 00 00 00 00
00 00 00 00 00 00 00 00 00 00 00 00 00 00 00 00
00 00 00 00 00 00 00 00 00 00 00 00 00 00 00 00
00 00 00 00 00 00 00 00 00 00 00 00 00 00 00 00
68 68 68 68 68 68 68 68 68 68 68 68 68 68 68 68
68 68 68 68 68 68 68 68 68 68 68 68 68 68 68 68
00 00 00 00 00 00 00 00 00 00 00 00 00 00 00 00
00 00 00 00 00 00 00 00 00 00 00 00 00 00 00 00
50 50 50 50 50 50 50 50 50 50 50 50 50 50 50 50
50 50 50 50 50 50 50 50 50 50 50 50 50 50 50 50
00 00 00 00 00 00 00 00 00 00 00 00 00 00 00 00
00 00 00 00 00 00 00 00 00 00 00 00 00 00 00 00
38 38 38 38 38 38 38 38 38 38 38 38 38 38 38 38
38 38 38 38 38 38 38 38 38 38 38 38 38 38 38 38
00 00 00 00 00 00 00 00 00 00 00 00 00 00 00 00
00 00 00 00 00 00 00 00 00 00 00 00 00 00 00 00
20 20 20 20 20 20 20 20 20 20 20 20 20 20 20 20
20 20 20 20 20 20 20 20 20 20 20 20 20 20 20 20
00 00 00 00 00 00 00 00 00 00 00 00 00 00 00 00
00 00 00 00 00 00 00 00 00 00 00 00 00 00 00 00
08 08 08 08 08 08 08 08 08 08 08 08 08 08 08 08
08 08 08 08 08 08 08 08 08 08 08 08 08 08 08 08
78 78 78 78 78 78 78 78 78 78 78 78 78 78 78 78
78 78 78 78 78 78 78 78 78 78 78 78 78 78 78 78
00 00 00 00 00 00 00 00 00 00 00 00 00 00 00 00
00 00 00 00 00 00 00 00 00 00 00 00 00 00 00 00
60 60 60 60 60 60 60 60 60 60 60 60 60 60 60 60
60 60 60 60 60 60 60 60 60 60 60 60 60 60 60 60
00 00 00 00 00 00 00 00 00 00 00 00 00 00 00 00
00 00 00 00 00 00 00 00 00 00 00 00 00 00 00 00
48 48 48 48 48 48 48 48 48 48 48 48 48 48 48 48
48 48 48 48 48 48 48 48 48 48 48 48 48 48 48 48
00 00 00 00 00 00 00 00 00 00 00 00 00 00 00 00
00 00 00 00 00 00 00 00 00 00 00 00 00 00 00 00
30 30 30 30 30 30 30 30 30 30 30 30 30 30 30 30
30 30 30 30 30 30 30 30 30 30 30 30 30 30 30 30
00 00 00 00 00 00 00 00 00 00 00 00 00 00 00 00
00 00 00 00 00 00 00 00 00 00 00 00 00 00 00 00
18 18 18 18 18 18 18 18 18 18 18 18 18 18 18 18
18 18 18 18 18 18 18 18 18 18 18 18 18 18 18 18
00 00 00 00 00 00 00 00 00 00 00 00 00 00 00 00
00 00 00 00 00 00 00 00 00 00 00 00 00 00 00 00
00 00 00 00 00 00 00 00 00 00 00 00 00 00 00 00
00 00 00 00 00 00 00 00 00 00 00 00 00 00 00 00
70 70 70 70 70 70 70 70 70 70 70 70 70 70 70 70
70 70 70 70 70 70 70 70 70 70 70 70 70 70 70 70
00 00 00 00 00 00 00 00 00 00 00 00 00 00 00 00
00 00 00 00 00 00 00 00 00 00 00 00 00 00 00 00
58 58 58 58 58 58 58 58 58 58 58 58 58 58 58 58
58 58 58 58 58 58 58 58 58 58 58 58 58 58 58 58
00 00 00 00 00 00 00 00 00 00 00 00 00 00 00 00
00 00 00 00 00 00 00 00 00 00 00 00 00 00 00 00
40 40 40 40 40 40 40 40 40 40 40 40 40 40 40 40
40 40 40 40 40 40 40 40 40 40 40 40 40 40 40 40
00 00 00 00 00 00 00 00 00 00 00 00 00 00 00 00
00 00 00 00 00 00 00 00 00 00 00 00 00 00 00 00
28 28 28 28 28 28 28 28 28 28 28 28 28 28 28 28
28 28 28 28 28 28 28 28 28 28 28 28 28 28 28 28
00 00 00 00 00 00 00 00 00 00 00 00 00 00 00 00
00 00 00 00 00 00 00 00 00 00 00 00 00 00 00 00
10 10 10 10 10 10 10 10 10 10 10 10 10 10 10 10
10 10 10 10 10 10 10 10 10 10 10 10 10 10 10 10
00 00 00 00 00 00 00 00 00 00 00 00 00 00 00 00
00 00 00 00 00 00 00 00 00 00 00 00 00 00 00 00
00 00 00 00 00 00 00 00 00 00 00 00 00 00 00 00
00 00 00 00 00 00 00 00 00 00 00 00 00 00 00 00
68 68 68 68 68 68 68 68 68 68 68 68 68 68 68 68
68 68 68 68 68 68 68 68 68 68 68 68 68 68 68 68
00 00 00 00 00 00 00 00 00 00 00 00 00 00 00 00
00 00 00 00 00 00 00 00 00 00 00 00 00 00 00 00
50 50 50 50 50 50 50 50 50 50 50 50 50 50 50 50
50 50 50 50 50 50 50 50 50 50 50 50 50 50 50 50
00 00 00 00 00 00 00 00 00 00 00 00 00 00 00 00
00 00 00 00 00 00 00 00 00 00 00 00 00 00 00 00
38 38 38 38 38 38 38 38 38 38 38 38 38 38 38 38
38 38 38 38 38 38 38 38 38 38 38 38 38 38 38 38
00 00 00 00 00 00 00 00 00 00 00 00 00 00 00 00
00 00 00 00 00 00 00 00 00 00 00 00 00 00 00 00
20 20 20 20 20 20 20 20 20 20 20 20 20 20 20 20
20 20 20 20 20 20 20 20 20 20 20 20 20 20 20 20
00 00 00 00 00 00 00 00 00 00 00 00 00 00 00 00
00 00 00 00 00 00 00 00 00 00 00 00 00 00 00 00
08 08 08 08 08 08 08 08 08 08 08 08 08 08 08 08
08 08 08 08 08 08 08 08 08 08 08 08 08 08 08 08
78 78 78 78 78 78 78 78 78 78 78 78 78 78 78 78
78 78 78 78 78 78 78 78 78 78 78 78 78 78 78 78
00 00 00 00 00 00 00 00 00 00 00 00 00 00 00 00
00 00 00 00 00 00 00 00 00 00 00 00 00 00 00 00
60 60 60 60 60 60 60 60 60 60 60 60 60 60 60 60
60 60 60 60 60 60 60 60 60 60 60 60 60 60 60 60
00 00 00 00 00 00 00 00 00 00 00 00 00 00 00 00
00 00 00 00 00 00 00 00 00 00 00 00 00 00 00 00
48 48 48 48 48 48 48 48 48 48 48 48 48 48 48 48
48 48 48 48 48 48 48 48 48 48 48 48 48 48 48 48
00 00 00 00 00 00 00 00 00 00 00 00 00 00 00 00
00 00 00 00 00 00 00 00 00 00 00 00 00 00 00 00
30 30 30 30 30 30 30 30 30 30 30 30 30 30 30 30
30 30 30 30 30 30 30 30 30 30 30 30 30 30 30 30
00 00 00 00 00 00 00 00 00 00 00 00 00 00 00 00
00 00 00 00 00 00 00 00 00 00 00 00 00 00 00 00
18 18 18 18 18 18 18 18 18 18 18 18 18 18 18 18
18 18 18 18 18 18 18 18 18 18 18 18 18 18 18 18
00 00 00 00 00 00 00 00 00 00 00 00 00 00 00 00
00 00 00 00 00 00 00 00 00 00 00 00 00 00 00 00
00 00 00 00 00 00 00 00 00 00 00 00 00 00 00 00
00 00 00 00 00 00 00 00 00 00 00 00 00 00 00 00
70 70 70 70 70 70 70 70 70 70 70 70 70 70 70 70
70 70 70 70 70 70 70 70 70 70 70 70 70 70 70 70
00 00 00 00 00 00 00 00 00 00 00 00 00 00 00 00
00 00 00 00 00 00 00 00 00 00 00 00 00 00 00 00
58 58 58 58 58 58 58 58 58 58 58 58 58 58 58 58
58 58 58 58 58 58 58 58 58 58 58 58 58 58 58 58
00 00 00 00 00 00 00 00 00 00 00 00 00 00 00 00
00 00 00 00 00 00 00 00 00 00 00 00 00 00 00 00
40 40 40 40 40 40 40 40 40 40 40 40 40 40 40 40
40 40 40 40 40 40 40 40 40 40 40 40 40 40 40 40
00 00 00 00 00 00 00 00 00 00 00 00 00 00 00 00
00 00 00 00 00 00 00 00 00 00 00 00 00 00 00 00
28 28 28 28 28 28 28 28 28 28 28 28 28 28 28 28
28 28 28 28 28 28 28 28 28 28 28 28 28 28 28 28
00 00 00 00 00 00 00 00 00 00 00 00 00 00 00 00
00 00 00 00 00 00 00 00 00 00 00 00 00 00 00 00
10 10 10 10 10 10 10 10 10 10 10 10 10 10 10 10
10 10 10 10 10 10 10 10 10 10 10 10 10 10 10 10
00 00 00 00 00 00 00 00 00 00 00 00 00 00 00 00
00 00 00 00 00 00 00 00 00 00 00 00 00 00 00 00
00 00 00 00 00 00 00 00 00 00 00 00 00 00 00 00
00 00 00 00 00 00 00 00 00 00 00 00 00 00 00 00
68 68 68 68 68 68 68 68 68 68 68 68 68 68 68 68
68 68 68 68 68 68 68 68 68 68 68 68 68 68 68 68
00 00 00 00 00 00 00 00 00 00 00 00 00 00 00 00
00 00 00 00 00 00 00 00 00 00 00 00 00 00 00 00
50 50 50 50 50 50 50 50 50 50 50 50 50 50 50 50
50 50 50 50 50 50 50 50 50 50 50 50 50 50 50 50
00 00 00 00 00 00 00 00 00 00 00 00 00 00 00 00
00 00 00 00 00 00 00 00 00 00 00 00 00 00 00 00
38 38 38 38 38 38 38 38 38 38 38 38 38 38 38 38
38 38 38 38 38 38 38 38 38 38 38 38 38 38 38 38
00 00 00 00 00 00 00 00 00 00 00 00 00 00 00 00
00 00 00 00 00 00 00 00 00 00 00 00 00 00 00 00
20 20 20 20 20 20 20 20 20 20 20 20 20 20 20 20
20 20 20 20 20 20 20 20 20 20 20 20 20 20 20 20
00 00 00 00 00 00 00 00 00 00 00 00 00 00 00 00
00 00 00 00 00 00 00 00 00 00 00 00 00 00 00 00
08 08 08 08 08 08 08 08 08 08 08 08 08 08 08 08
08 08 08 08 08 08 08 08 08 08 08 08 08 08 08 08
78 78 78 78 78 78 78 78 78 78 78 78 78 78 78 78
78 78 78 78 78 78 78 78 78 78 78 78 78 78 78 78
00 00 00 00 00 00 00 00 00 00 00 00 00 00 00 00
00 00 00 00 00 00 00 00 00 00 00 00 00 00 00 00
60 60 60 60 60 60 60 60 60 60 60 60 60 60 60 60
60 60 60 60 60 60 60 60 60 60 60 60 60 60 60 60
00 00 00 00 00 00 00 00 00 00 00 00 00 00 00 00
00 00 00 00 00 00 00 00 00 00 00 00 00 00 00 00
48 48 48 48 48 48 48 48 48 48 48 48 48 48 48 48
48 48 48 48 48 48 48 48 48 48 48 48 48 48 48 48
00 00 00 00 00 00 00 00 00 00 00 00 00 00 00 00
00 00 00 00 00 00 00 00 00 00 00 00 00 00 00 00
30 30 30 30 30 30 30 30 30 30 30 30 30 30 30 30
30 30 30 30 30 30 30 30 30 30 30 30 30 30 30 30
00 00 00 00 00 00 00 00 00 00 00 00 00 00 00 00
00 00 00 00 00 00 00 00 00 00 00 00 00 00 00 00
18 18 18 18 18 18 18 18 18 18 18 18 18 18 18 18
18 18 18 18 18 18 18 18 18 18 18 18 18 18 18 18
00 00 00 00 00 00 00 00 00 00 00 00 00 00 00 00
00 00 00 00 00 00 00 00 00 00 00 00 00 00 00 00
00 00 00 00 00 00 00 00 00 00 00 00 00 00 00 00
00 00 00 00 00 00 00 00 00 00 00 00 00 00 00 00
70 70 70 70 70 70 70 70 70 70 70 70 70 70 70 70
70 70 70 70 70 70 70 70 70 70 70 70 70 70 70 70
00 00 00 00 00 00 00 00 00 00 00 00 00 00 00 00
00 00 00 00 00 00 00 00 00 00 00 00 00 00 00 00
58 58 58 58 58 58 58 58 58 58 58 58 58 58 58 58
58 58 58 58 58 58 58 58 58 58 58 58 58 58 58 58
00 00 00 00 00 00 00 00 00 00 00 00 00 00 00 00
00 00 00 00 00 00 00 00 00 00 00 00 00 00 00 00
40 40 40 40 40 40 40 40 40 40 40 40 40 40 40 40
40 40 40 40 40 40 40 40 40 40 40 40 40 40 40 40
00 00 00 00 00 00 00 00 00 00 00 00 00 00 00 00
00 00 00 00 00 00 00 00 00 00 00 00 00 00 00 00
28 28 28 28 28 28 28 28 28 28 28 28 28 28 28 28
28 28 28 28 28 28 28 28 28 28 28 28 28 28 28 28
00 00 00 00 00 00 00 00 00 00 00 00 00 00 00 00
00 00 00 00 00 00 00 00 00 00 00 00 00 00 00 00
10 10 10 10 10 10 10 10 10 10 10 10 10 10 10 10
10 10 10 10 10 10 10 10 10 10 10 10 10 10 10 10
00 00 00 00 00 00 00 00 00 00 00 00 00 00 00 00
00 00 00 00 00 00 00 00 00 00 00 00 00 00 00 00
00 00 00 00 00 00 00 00 00 00 00 00 00 00 00 00
00 00 00 00 00 00 00 00 00 00 00 00 00 00 00 00
68 68 68 68 68 68 68 68 68 68 68 68 68 68 68 68
68 68 68 68 68 68 68 68 68 68 68 68 68 68 68 68
@016000
00 00 00 00 00 00 00 00 10 10 10 10 10 10 10 10
00 00 00 00 00 00 00 00 00 00 00 00 00 00 00 00
68 68 68 68 68 68 68 68 00 00 00 00 00 00 00 00
50 50 50 50 50 50 50 50 00 00 00 00 00 00 00 00
38 38 38 38 38 38 38 38 00 00 00 00 00 00 00 00
20 20 20 20 20 20 20 20 00 00 00 00 00 00 00 00
08 08 08 08 08 08 08 08 78 78 78 78 78 78 78 78
00 00 00 00 00 00 00 00 60 60 60 60 60 60 60 60
00 00 00 00 00 00 00 00 48 48 48 48 48 48 48 48
00 00 00 00 00 00 00 00 30 30 30 30 30 30 30 30
00 00 00 00 00 00 00 00 18 18 18 18 18 18 18 18
00 00 00 00 00 00 00 00 00 00 00 00 00 00 00 00
70 70 70 70 70 70 70 70 00 00 00 00 00 00 00 00
58 58 58 58 58 58 58 58 00 00 00 00 00 00 00 00
40 40 40 40 40 40 40 40 00 00 00 00 00 00 00 00
28 28 28 28 28 28 28 28 00 00 00 00 00 00 00 00
10 10 10 10 10 10 10 10 00 00 00 00 00 00 00 00
00 00 00 00 00 00 00 00 68 68 68 68 68 68 68 68
00 00 00 00 00 00 00 00 50 50 50 50 50 50 50 50
00 00 00 00 00 00 00 00 38 38 38 38 38 38 38 38
00 00 00 00 00 00 00 00 20 20 20 20 20 20 20 20
00 00 00 00 00 00 00 00 08 08 08 08 08 08 08 08
78 78 78 78 78 78 78 78 00 00 00 00 00 00 00 00
60 60 60 60 60 60 60 60 00 00 00 00 00 00 00 00
48 48 48 48 48 48 48 48 00 00 00 00 00 00 00 00
30 30 30 30 30 30 30 30 00 00 00 00 00 00 00 00
18 18 18 18 18 18 18 18 00 00 00 00 00 00 00 00
00 00 00 00 00 00 00 00 70 70 70 70 70 70 70 70
00 00 00 00 00 00 00 00 58 58 58 58 58 58 58 58
00 00 00 00 00 00 00 00 40 40 40 40 40 40 40 40
00 00 00 00 00 00 00 00 28 28 28 28 28 28 28 28
00 00 00 00 00 00 00 00 10 10 10 10 10 10 10 10
00 00 00 00 00 00 00 00 00 00 00 00 00 00 00 00
68 68 68 68 68 68 68 68 00 00 00 00 00 00 00 00
50 50 50 50 50 50 50 50 00 00 00 00 00 00 00 00
38 38 38 38 38 38 38 38 00 00 00 00 00 00 00 00
20 20 20 20 20 20 20 20 00 00 00 00 00 00 00 00
08 08 08 08 08 08 08 08 78 78 78 78 78 78 78 78
00 00 00 00 00 00 00 00 60 60 60 60 60 60 60 60
00 00 00 00 00 00 00 00 48 48 48 48 48 48 48 48
00 00 00 00 00 00 00 00 30 30 30 30 30 30 30 30
00 00 00 00 00 00 00 00 18 18 18 18 18 18 18 18
00 00 00 00 00 00 00 00 00 00 00 00 00 00 00 00
70 70 70 70 70 70 70 70 00 00 00 00 00 00 00 00
58 58 58 58 58 58 58 58 00 00 00 00 00 00 00 00
40 40 40 40 40 40 40 40 00 00 00 00 00 00 00 00
28 28 28 28 28 28 28 28 00 00 00 00 00 00 00 00
10 10 10 10 10 10 10 10 00 00 00 00 00 00 00 00
00 00 00 00 00 00 00 00 68 68 68 68 68 68 68 68
00 00 00 00 00 00 00 00 50 50 50 50 50 50 50 50
00 00 00 00 00 00 00 00 38 38 38 38 38 38 38 38
00 00 00 00 00 00 00 00 20 20 20 20 20 20 20 20
00 00 00 00 00 00 00 00 08 08 08 08 08 08 08 08
78 78 78 78 78 78 78 78 00 00 00 00 00 00 00 00
60 60 60 60 60 60 60 60 00 00 00 00 00 00 00 00
48 48 48 48 48 48 48 48 00 00 00 00 00 00 00 00
30 30 30 30 30 30 30 30 00 00 00 00 00 00 00 00
18 18 18 18 18 18 18 18 00 00 00 00 00 00 00 00
00 00 00 00 00 00 00 00 70 70 70 70 70 70 70 70
00 00 00 00 00 00 00 00 58 58 58 58 58 58 58 58
00 00 00 00 00 00 00 00 40 40 40 40 40 40 40 40
00 00 00 00 00 00 00 00 28 28 28 28 28 28 28 28
00 00 00 00 00 00 00 00 10 10 10 10 10 10 10 10
00 00 00 00 00 00 00 00 00 00 00 00 00 00 00 00
68 68 68 68 68 68 68 68 00 00 00 00 00 00 00 00
50 50 50 50 50 50 50 50 00 00 00 00 00 00 00 00
38 38 38 38 38 38 38 38 00 00 00 00 00 00 00 00
20 20 20 20 20 20 20 20 00 00 00 00 00 00 00 00
08 08 08 08 08 08 08 08 78 78 78 78 78 78 78 78
00 00 00 00 00 00 00 00 60 60 60 60 60 60 60 60
00 00 00 00 00 00 00 00 48 48 48 48 48 48 48 48
00 00 00 00 00 00 00 00 30 30 30 30 30 30 30 30
00 00 00 00 00 00 00 00 18 18 18 18 18 18 18 18
00 00 00 00 00 00 00 00 00 00 00 00 00 00 00 00
70 70 70 70 70 70 70 70 00 00 00 00 00 00 00 00
58 58 58 58 58 58 58 58 00 00 00 00 00 00 00 00
40 40 40 40 40 40 40 40 00 00 00 00 00 00 00 00
28 28 28 28 28 28 28 28 00 00 00 00 00 00 00 00
10 10 10 10 10 10 10 10 00 00 00 00 00 00 00 00
00 00 00 00 00 00 00 00 68 68 68 68 68 68 68 68
@018000
f4 f4 f4 f4 f4 f4 f4 f4 f4 f4 f4 f4 f4 f4 f4 f4
f4 f4 f4 f4 f4 f4 f4 f4 f4 f4 f4 f4 f4 f4 f4 f4
20 20 20 20 20 20 20 20 20 20 20 20 20 20 20 20
20 20 20 20 20 20 20 20 20 20 20 20 20 20 20 20
f1 f1 f1 f1 f1 f1 f1 f1 f1 f1 f1 f1 f1 f1 f1 f1
f1 f1 f1 f1 f1 f1 f1 f1 f1 f1 f1 f1 f1 f1 f1 f1
ff ff ff ff ff ff ff ff ff ff ff ff ff ff ff ff
ff ff ff ff ff ff ff ff ff ff ff ff ff ff ff ff
7f 7f 7f 7f 7f 7f 7f 7f 7f 7f 7f 7f 7f 7f 7f 7f
7f 7f 7f 7f 7f 7f 7f 7f 7f 7f 7f 7f 7f 7f 7f 7f
fc fc fc fc fc fc fc fc fc fc fc fc fc fc fc fc
fc fc fc fc fc fc fc fc fc fc fc fc fc fc fc fc
7f 7f 7f 7f 7f 7f 7f 7f 7f 7f 7f 7f 7f 7f 7f 7f
7f 7f 7f 7f 7f 7f 7f 7f 7f 7f 7f 7f 7f 7f 7f 7f
f9 f9 f9 f9 f9 f9 f9 f9 f9 f9 f9 f9 f9 f9 f9 f9
f9 f9 f9 f9 f9 f9 f9 f9 f9 f9 f9 f9 f9 f9 f9 f9
70 70 70 70 70 70 70 70 70 70 70 70 70 70 70 70
70 70 70 70 70 70 70 70 70 70 70 70 70 70 70 70
f6 f6 f6 f6 f6 f6 f6 f6 f6 f6 f6 f6 f6 f6 f6 f6
f6 f6 f6 f6 f6 f6 f6 f6 f6 f6 f6 f6 f6 f6 f6 f6
40 40 40 40 40 40 40 40 40 40 40 40 40 40 40 40
40 40 40 40 40 40 40 40 40 40 40 40 40 40 40 40
f3 f3 f3 f3 f3 f3 f3 f3 f3 f3 f3 f3 f3 f3 f3 f3
f3 f3 f3 f3 f3 f3 f3 f3 f3 f3 f3 f3 f3 f3 f3 f3
10 10 10 10 10 10 10 10 10 10 10 10 10 10 10 10
10 10 10 10 10 10 10 10 10 10 10 10 10 10 10 10
7f 7f 7f 7f 7f 7f 7f 7f 7f 7f 7f 7f 7f 7f 7f 7f
7f 7f 7f 7f 7f 7f 7f 7f 7f 7f 7f 7f 7f 7f 7f 7f
fe fe fe fe fe fe fe fe fe fe fe fe fe fe fe fe
fe fe fe fe fe fe fe fe fe fe fe fe fe fe fe fe
7f 7f 7f 7f 7f 7f 7f 7f 7f 7f 7f 7f 7f 7f 7f 7f
7f 7f 7f 7f 7f 7f 7f 7f 7f 7f 7f 7f 7f 7f 7f 7f
fb fb fb fb fb fb fb fb fb fb fb fb fb fb fb fb
fb fb fb fb fb fb fb fb fb fb fb fb fb fb fb fb
7f 7f 7f 7f 7f 7f 7f 7f 7f 7f 7f 7f 7f 7f 7f 7f
7f 7f 7f 7f 7f 7f 7f 7f 7f 7f 7f 7f 7f 7f 7f 7f
f8 f8 f8 f8 f8 f8 f8 f8 f8 f8 f8 f8 f8 f8 f8 f8
f8 f8 f8 f8 f8 f8 f8 f8 f8 f8 f8 f8 f8 f8 f8 f8
60 60 60 60 60 60 60 60 60 60 60 60 60 60 60 60
60 60 60 60 60 60 60 60 60 60 60 60 60 60 60 60
f5 f5 f5 f5 f5 f5 f5 f5 f5 f5 f5 f5 f5 f5 f5 f5
f5 f5 f5 f5 f5 f5 f5 f5 f5 f5 f5 f5 f5 f5 f5 f5
30 30 30 30 30 30 30 30 30 30 30 30 30 30 30 30
30 30 30 30 30 30 30 30 30 30 30 30 30 30 30 30
f2 f2 f2 f2 f2 f2 f2 f2 f2 f2 f2 f2 f2 f2 f2 f2
f2 f2 f2 f2 f2 f2 f2 f2 f2 f2 f2 f2 f2 f2 f2 f2
00 00 00 00 00 00 00 00 00 00 00 00 00 00 00 00
00 00 00 00 00 00 00 00 00 00 00 00 00 00 00 00
7f 7f 7f 7f 7f 7f 7f 7f 7f 7f 7f 7f 7f 7f 7f 7f
7f 7f 7f 7f 7f 7f 7f 7f 7f 7f 7f 7f 7f 7f 7f 7f
fd fd fd fd fd fd fd fd fd fd fd fd fd fd fd fd
fd fd fd fd fd fd fd fd fd fd fd fd fd fd fd fd
7f 7f 7f 7f 7f 7f 7f 7f 7f 7f 7f 7f 7f 7f 7f 7f
7f 7f 7f 7f 7f 7f 7f 7f 7f 7f 7f 7f 7f 7f 7f 7f
fa fa fa fa fa fa fa fa fa fa fa fa fa fa fa fa
fa fa fa fa fa fa fa fa fa fa fa fa fa fa fa fa
7f 7f 7f 7f 7f 7f 7f 7f 7f 7f 7f 7f 7f 7f 7f 7f
7f 7f 7f 7f 7f 7f 7f 7f 7f 7f 7f 7f 7f 7f 7f 7f
f7 f7 f7 f7 f7 f7 f7 f7 f7 f7 f7 f7 f7 f7 f7 f7
f7 f7 f7 f7 f7 f7 f7 f7 f7 f7 f7 f7 f7 f7 f7 f7
50 50 50 50 50 50 50 50 50 50 50 50 50 50 50 50
50 50 50 50 50 50 50 50 50 50 50 50 50 50 50 50
f4 f4 f4 f4 f4 f4 f4 f4 f4 f4 f4 f4 f4 f4 f4 f4
f4 f4 f4 f4 f4 f4 f4 f4 f4 f4 f4 f4 f4 f4 f4 f4
20 20 20 20 20 20 20 20 20 20 20 20 20 20 20 20
20 20 20 20 20 20 20 20 20 20 20 20 20 20 20 20
f1 f1 f1 f1 f1 f1 f1 f1 f1 f1 f1 f1 f1 f1 f1 f1
f1 f1 f1 f1 f1 f1 f1 f1 f1 f1 f1 f1 f1 f1 f1 f1
ff ff ff ff ff ff ff ff ff ff ff ff ff ff ff ff
ff ff ff ff ff ff ff ff ff ff ff ff ff ff ff ff
7f 7f 7f 7f 7f 7f 7f 7f 7f 7f 7f 7f 7f 7f 7f 7f
7f 7f 7f 7f 7f 7f 7f 7f 7f 7f 7f 7f 7f 7f 7f 7f
fc fc fc fc fc fc fc fc fc fc fc fc fc fc fc fc
fc fc fc fc fc fc fc fc fc fc fc fc fc fc fc fc
7f 7f 7f 7f 7f 7f 7f 7f 7f 7f 7f 7f 7f 7f 7f 7f
7f 7f 7f 7f 7f 7f 7f 7f 7f 7f 7f 7f 7f 7f 7f 7f
f9 f9 f9 f9 f9 f9 f9 f9 f9 f9 f9 f9 f9 f9 f9 f9
f9 f9 f9 f9 f9 f9 f9 f9 f9 f9 f9 f9 f9 f9 f9 f9
70 70 70 70 70 70 70 70 70 70 70 70 70 70 70 70
70 70 70 70 70 70 70 70 70 70 70 70 70 70 70 70
f6 f6 f6 f6 f6 f6 f6 f6 f6 f6 f6 f6 f6 f6 f6 f6
f6 f6 f6 f6 f6 f6 f6 f6 f6 f6 f6 f6 f6 f6 f6 f6
40 40 40 40 40 40 40 40 40 40 40 40 40 40 40 40
40 40 40 40 40 40 40 40 40 40 40 40 40 40 40 40
f3 f3 f3 f3 f3 f3 f3 f3 f3 f3 f3 f3 f3 f3 f3 f3
f3 f3 f3 f3 f3 f3 f3 f3 f3 f3 f3 f3 f3 f3 f3 f3
10 10 10 10 10 10 10 10 10 10 10 10 10 10 10 10
10 10 10 10 10 10 10 10 10 10 10 10 10 10 10 10
7f 7f 7f 7f 7f 7f 7f 7f 7f 7f 7f 7f 7f 7f 7f 7f
7f 7f 7f 7f 7f 7f 7f 7f 7f 7f 7f 7f 7f 7f 7f 7f
fe fe fe fe fe fe fe fe fe fe fe fe fe fe fe fe
fe fe fe fe fe fe fe fe fe fe fe fe fe fe fe fe
7f 7f 7f 7f 7f 7f 7f 7f 7f 7f 7f 7f 7f 7f 7f 7f
7f 7f 7f 7f 7f 7f 7f 7f 7f 7f 7f 7f 7f 7f 7f 7f
fb fb fb fb fb fb fb fb fb fb fb fb fb fb fb fb
fb fb fb fb fb fb fb fb fb fb fb fb fb fb fb fb
7f 7f 7f 7f 7f 7f 7f 7f 7f 7f 7f 7f 7f 7f 7f 7f
7f 7f 7f 7f 7f 7f 7f 7f 7f 7f 7f 7f 7f 7f 7f 7f
f8 f8 f8 f8 f8 f8 f8 f8 f8 f8 f8 f8 f8 f8 f8 f8
f8 f8 f8 f8 f8 f8 f8 f8 f8 f8 f8 f8 f8 f8 f8 f8
60 60 60 60 60 60 60 60 60 60 60 60 60 60 60 60
60 60 60 60 60 60 60 60 60 60 60 60 60 60 60 60
f5 f5 f5 f5 f5 f5 f5 f5 f5 f5 f5 f5 f5 f5 f5 f5
f5 f5 f5 f5 f5 f5 f5 f5 f5 f5 f5 f5 f5 f5 f5 f5
30 30 30 30 30 30 30 30 30 30 30 30 30 30 30 30
30 30 30 30 30 30 30 30 30 30 30 30 30 30 30 30
f2 f2 f2 f2 f2 f2 f2 f2 f2 f2 f2 f2 f2 f2 f2 f2
f2 f2 f2 f2 f2 f2 f2 f2 f2 f2 f2 f2 f2 f2 f2 f2
00 00 00 00 00 00 00 00 00 00 00 00 00 00 00 00
00 00 00 00 00 00 00 00 00 00 00 00 00 00 00 00
7f 7f 7f 7f 7f 7f 7f 7f 7f 7f 7f 7f 7f 7f 7f 7f
7f 7f 7f 7f 7f 7f 7f 7f 7f 7f 7f 7f 7f 7f 7f 7f
fd fd fd fd fd fd fd fd fd fd fd fd fd fd fd fd
fd fd fd fd fd fd fd fd fd fd fd fd fd fd fd fd
7f 7f 7f 7f 7f 7f 7f 7f 7f 7f 7f 7f 7f 7f 7f 7f
7f 7f 7f 7f 7f 7f 7f 7f 7f 7f 7f 7f 7f 7f 7f 7f
fa fa fa fa fa fa fa fa fa fa fa fa fa fa fa fa
fa fa fa fa fa fa fa fa fa fa fa fa fa fa fa fa
7f 7f 7f 7f 7f 7f 7f 7f 7f 7f 7f 7f 7f 7f 7f 7f
7f 7f 7f 7f 7f 7f 7f 7f 7f 7f 7f 7f 7f 7f 7f 7f
f7 f7 f7 f7 f7 f7 f7 f7 f7 f7 f7 f7 f7 f7 f7 f7
f7 f7 f7 f7 f7 f7 f7 f7 f7 f7 f7 f7 f7 f7 f7 f7
50 50 50 50 50 50 50 50 50 50 50 50 50 50 50 50
50 50 50 50 50 50 50 50 50 50 50 50 50 50 50 50
f4 f4 f4 f4 f4 f4 f4 f4 f4 f4 f4 f4 f4 f4 f4 f4
f4 f4 f4 f4 f4 f4 f4 f4 f4 f4 f4 f4 f4 f4 f4 f4
20 20 20 20 20 20 20 20 20 20 20 20 20 20 20 20
20 20 20 20 20 20 20 20 20 20 20 20 20 20 20 20
f1 f1 f1 f1 f1 f1 f1 f1 f1 f1 f1 f1 f1 f1 f1 f1
f1 f1 f1 f1 f1 f1 f1 f1 f1 f1 f1 f1 f1 f1 f1 f1
ff ff ff ff ff ff ff ff ff ff ff ff ff ff ff ff
ff ff ff ff ff ff ff ff ff ff ff ff ff ff ff ff
7f 7f 7f 7f 7f 7f 7f 7f 7f 7f 7f 7f 7f 7f 7f 7f
7f 7f 7f 7f 7f 7f 7f 7f 7f 7f 7f 7f 7f 7f 7f 7f
fc fc fc fc fc fc fc fc fc fc fc fc fc fc fc fc
fc fc fc fc fc fc fc fc fc fc fc fc fc fc fc fc
7f 7f 7f 7f 7f 7f 7f 7f 7f 7f 7f 7f 7f 7f 7f 7f
7f 7f 7f 7f 7f 7f 7f 7f 7f 7f 7f 7f 7f 7f 7f 7f
f9 f9 f9 f9 f9 f9 f9 f9 f9 f9 f9 f9 f9 f9 f9 f9
f9 f9 f9 f9 f9 f9 f9 f9 f9 f9 f9 f9 f9 f9 f9 f9
70 70 70 70 70 70 70 70 70 70 70 70 70 70 70 70
70 70 70 70 70 70 70 70 70 70 70 70 70 70 70 70
f6 f6 f6 f6 f6 f6 f6 f6 f6 f6 f6 f6 f6 f6 f6 f6
f6 f6 f6 f6 f6 f6 f6 f6 f6 f6 f6 f6 f6 f6 f6 f6
40 40 40 40 40 40 40 40 40 40 40 40 40 40 40 40
40 40 40 40 40 40 40 40 40 40 40 40 40 40 40 40
f3 f3 f3 f3 f3 f3 f3 f3 f3 f3 f3 f3 f3 f3 f3 f3
f3 f3 f3 f3 f3 f3 f3 f3 f3 f3 f3 f3 f3 f3 f3 f3
10 10 10 10 10 10 10 10 10 10 10 10 10 10 10 10
10 10 10 10 10 10 10 10 10 10 10 10 10 10 10 10
7f 7f 7f 7f 7f 7f 7f 7f 7f 7f 7f 7f 7f 7f 7f 7f
7f 7f 7f 7f 7f 7f 7f 7f 7f 7f 7f 7f 7f 7f 7f 7f
fe fe fe fe fe fe fe fe fe fe fe fe fe fe fe fe
fe fe fe fe fe fe fe fe fe fe fe fe fe fe fe fe
7f 7f 7f 7f 7f 7f 7f 7f 7f 7f 7f 7f 7f 7f 7f 7f
7f 7f 7f 7f 7f 7f 7f 7f 7f 7f 7f 7f 7f 7f 7f 7f
fb fb fb fb fb fb fb fb fb fb fb fb fb fb fb fb
fb fb fb fb fb fb fb fb fb fb fb fb fb fb fb fb
7f 7f 7f 7f 7f 7f 7f 7f 7f 7f 7f 7f 7f 7f 7f 7f
7f 7f 7f 7f 7f 7f 7f 7f 7f 7f 7f 7f 7f 7f 7f 7f
f8 f8 f8 f8 f8 f8 f8 f8 f8 f8 f8 f8 f8 f8 f8 f8
f8 f8 f8 f8 f8 f8 f8 f8 f8 f8 f8 f8 f8 f8 f8 f8
60 60 60 60 60 60 60 60 60 60 60 60 60 60 60 60
60 60 60 60 60 60 60 60 60 60 60 60 60 60 60 60
f5 f5 f5 f5 f5 f5 f5 f5 f5 f5 f5 f5 f5 f5 f5 f5
f5 f5 f5 f5 f5 f5 f5 f5 f5 f5 f5 f5 f5 f5 f5 f5
30 30 30 30 30 30 30 30 30 30 30 30 30 30 30 30
30 30 30 30 30 30 30 30 30 30 30 30 30 30 30 30
f2 f2 f2 f2 f2 f2 f2 f2 f2 f2 f2 f2 f2 f2 f2 f2
f2 f2 f2 f2 f2 f2 f2 f2 f2 f2 f2 f2 f2 f2 f2 f2
00 00 00 00 00 00 00 00 00 00 00 00 00 00 00 00
00 00 00 00 00 00 00 00 00 00 00 00 00 00 00 00
7f 7f 7f 7f 7f 7f 7f 7f 7f 7f 7f 7f 7f 7f 7f 7f
7f 7f 7f 7f 7f 7f 7f 7f 7f 7f 7f 7f 7f 7f 7f 7f
fd fd fd fd fd fd fd fd fd fd fd fd fd fd fd fd
fd fd fd fd fd fd fd fd fd fd fd fd fd fd fd fd
7f 7f 7f 7f 7f 7f 7f 7f 7f 7f 7f 7f 7f 7f 7f 7f
7f 7f 7f 7f 7f 7f 7f 7f 7f 7f 7f 7f 7f 7f 7f 7f
fa fa fa fa fa fa fa fa fa fa fa fa fa fa fa fa
fa fa fa fa fa fa fa fa fa fa fa fa fa fa fa fa
7f 7f 7f 7f 7f 7f 7f 7f 7f 7f 7f 7f 7f 7f 7f 7f
7f 7f 7f 7f 7f 7f 7f 7f 7f 7f 7f 7f 7f 7f 7f 7f
f7 f7 f7 f7 f7 f7 f7 f7 f7 f7 f7 f7 f7 f7 f7 f7
f7 f7 f7 f7 f7 f7 f7 f7 f7 f7 f7 f7 f7 f7 f7 f7
50 50 50 50 50 50 50 50 50 50 50 50 50 50 50 50
50 50 50 50 50 50 50 50 50 50 50 50 50 50 50 50
f4 f4 f4 f4 f4 f4 f4 f4 f4 f4 f4 f4 f4 f4 f4 f4
f4 f4 f4 f4 f4 f4 f4 f4 f4 f4 f4 f4 f4 f4 f4 f4
20 20 20 20 20 20 20 20 20 20 20 20 20 20 20 20
20 20 20 20 20 20 20 20 20 20 20 20 20 20 20 20
f1 f1 f1 f1 f1 f1 f1 f1 f1 f1 f1 f1 f1 f1 f1 f1
f1 f1 f1 f1 f1 f1 f1 f1 f1 f1 f1 f1 f1 f1 f1 f1
ff ff ff ff ff ff ff ff ff ff ff ff ff ff ff ff
ff ff ff ff ff ff ff ff ff ff ff ff ff ff ff ff
7f 7f 7f 7f 7f 7f 7f 7f 7f 7f 7f 7f 7f 7f 7f 7f
7f 7f 7f 7f 7f 7f 7f 7f 7f 7f 7f 7f 7f 7f 7f 7f
fc fc fc fc fc fc fc fc fc fc fc fc fc fc fc fc
fc fc fc fc fc fc fc fc fc fc fc fc fc fc fc fc
7f 7f 7f 7f 7f 7f 7f 7f 7f 7f 7f 7f 7f 7f 7f 7f
7f 7f 7f 7f 7f 7f 7f 7f 7f 7f 7f 7f 7f 7f 7f 7f
f9 f9 f9 f9 f9 f9 f9 f9 f9 f9 f9 f9 f9 f9 f9 f9
f9 f9 f9 f9 f9 f9 f9 f9 f9 f9 f9 f9 f9 f9 f9 f9
70 70 70 70 70 70 70 70 70 70 70 70 70 70 70 70
70 70 70 70 70 70 70 70 70 70 70 70 70 70 70 70
f6 f6 f6 f6 f6 f6 f6 f6 f6 f6 f6 f6 f6 f6 f6 f6
f6 f6 f6 f6 f6 f6 f6 f6 f6 f6 f6 f6 f6 f6 f6 f6
40 40 40 40 40 40 40 40 40 40 40 40 40 40 40 40
40 40 40 40 40 40 40 40 40 40 40 40 40 40 40 40
f3 f3 f3 f3 f3 f3 f3 f3 f3 f3 f3 f3 f3 f3 f3 f3
f3 f3 f3 f3 f3 f3 f3 f3 f3 f3 f3 f3 f3 f3 f3 f3
10 10 10 10 10 10 10 10 10 10 10 10 10 10 10 10
10 10 10 10 10 10 10 10 10 10 10 10 10 10 10 10
7f 7f 7f 7f 7f 7f 7f 7f 7f 7f 7f 7f 7f 7f 7f 7f
7f 7f 7f 7f 7f 7f 7f 7f 7f 7f 7f 7f 7f 7f 7f 7f
fe fe fe fe fe fe fe fe fe fe fe fe fe fe fe fe
fe fe fe fe fe fe fe fe fe fe fe fe fe fe fe fe
7f 7f 7f 7f 7f 7f 7f 7f 7f 7f 7f 7f 7f 7f 7f 7f
7f 7f 7f 7f 7f 7f 7f 7f 7f 7f 7f 7f 7f 7f 7f 7f
fb fb fb fb fb fb fb fb fb fb fb fb fb fb fb fb
fb fb fb fb fb fb fb fb fb fb fb fb fb fb fb fb
7f 7f 7f 7f 7f 7f 7f 7f 7f 7f 7f 7f 7f 7f 7f 7f
7f 7f 7f 7f 7f 7f 7f 7f 7f 7f 7f 7f 7f 7f 7f 7f
f8 f8 f8 f8 f8 f8 f8 f8 f8 f8 f8 f8 f8 f8 f8 f8
f8 f8 f8 f8 f8 f8 f8 f8 f8 f8 f8 f8 f8 f8 f8 f8
60 60 60 60 60 60 60 60 60 60 60 60 60 60 60 60
60 60 60 60 60 60 60 60 60 60 60 60 60 60 60 60
f5 f5 f5 f5 f5 f5 f5 f5 f5 f5 f5 f5 f5 f5 f5 f5
f5 f5 f5 f5 f5 f5 f5 f5 f5 f5 f5 f5 f5 f5 f5 f5
30 30 30 30 30 30 30 30 30 30 30 30 30 30 30 30
30 30 30 30 30 30 30 30 30 30 30 30 30 30 30 30
f2 f2 f2 f2 f2 f2 f2 f2 f2 f2 f2 f2 f2 f2 f2 f2
f2 f2 f2 f2 f2 f2 f2 f2 f2 f2 f2 f2 f2 f2 f2 f2
00 00 00 00 00 00 00 00 00 00 00 00 00 00 00 00
00 00 00 00 00 00 00 00 00 00 00 00 00 00 00 00
7f 7f 7f 7f 7f 7f 7f 7f 7f 7f 7f 7f 7f 7f 7f 7f
7f 7f 7f 7f 7f 7f 7f 7f 7f 7f 7f 7f 7f 7f 7f 7f
fd fd fd fd fd fd fd fd fd fd fd fd fd fd fd fd
fd fd fd fd fd fd fd fd fd fd fd fd fd fd fd fd
7f 7f 7f 7f 7f 7f 7f 7f 7f 7f 7f 7f 7f 7f 7f 7f
7f 7f 7f 7f 7f 7f 7f 7f 7f 7f 7f 7f 7f 7f 7f 7f
fa fa fa fa fa fa fa fa fa fa fa fa fa fa fa fa
fa fa fa fa fa fa fa fa fa fa fa fa fa fa fa fa
7f 7f 7f 7f 7f 7f 7f 7f 7f 7f 7f 7f 7f 7f 7f 7f
7f 7f 7f 7f 7f 7f 7f 7f 7f 7f 7f 7f 7f 7f 7f 7f
f7 f7 f7 f7 f7 f7 f7 f7 f7 f7 f7 f7 f7 f7 f7 f7
f7 f7 f7 f7 f7 f7 f7 f7 f7 f7 f7 f7 f7 f7 f7 f7
50 50 50 50 50 50 50 50 50 50 50 50 50 50 50 50
50 50 50 50 50 50 50 50 50 50 50 50 50 50 50 50
f4 f4 f4 f4 f4 f4 f4 f4 f4 f4 f4 f4 f4 f4 f4 f4
f4 f4 f4 f4 f4 f4 f4 f4 f4 f4 f4 f4 f4 f4 f4 f4
20 20 20 20 20 20 20 20 20 20 20 20 20 20 20 20
20 20 20 20 20 20 20 20 20 20 20 20 20 20 20 20
f1 f1 f1 f1 f1 f1 f1 f1 f1 f1 f1 f1 f1 f1 f1 f1
f1 f1 f1 f1 f1 f1 f1 f1 f1 f1 f1 f1 f1 f1 f1 f1
ff ff ff ff ff ff ff ff ff ff ff ff ff ff ff ff
ff ff ff ff ff ff ff ff ff ff ff ff ff ff ff ff
7f 7f 7f 7f 7f 7f 7f 7f 7f 7f 7f 7f 7f 7f 7f 7f
7f 7f 7f 7f 7f 7f 7f 7f 7f 7f 7f 7f 7f 7f 7f 7f
fc fc fc fc fc fc fc fc fc fc fc fc fc fc fc fc
fc fc fc fc fc fc fc fc fc fc fc fc fc fc fc fc
7f 7f 7f 7f 7f 7f 7f 7f 7f 7f 7f 7f 7f 7f 7f 7f
7f 7f 7f 7f 7f 7f 7f 7f 7f 7f 7f 7f 7f 7f 7f 7f
f9 f9 f9 f9 f9 f9 f9 f9 f9 f9 f9 f9 f9 f9 f9 f9
f9 f9 f9 f9 f9 f9 f9 f9 f9 f9 f9 f9 f9 f9 f9 f9
70 70 70 70 70 70 70 70 70 70 70 70 70 70 70 70
70 70 70 70 70 70 70 70 70 70 70 70 70 70 70 70
f6 f6 f6 f6 f6 f6 f6 f6 f6 f6 f6 f6 f6 f6 f6 f6
f6 f6 f6 f6 f6 f6 f6 f6 f6 f6 f6 f6 f6 f6 f6 f6
40 40 40 40 40 40 40 40 40 40 40 40 40 40 40 40
40 40 40 40 40 40 40 40 40 40 40 40 40 40 40 40
f3 f3 f3 f3 f3 f3 f3 f3 f3 f3 f3 f3 f3 f3 f3 f3
f3 f3 f3 f3 f3 f3 f3 f3 f3 f3 f3 f3 f3 f3 f3 f3
10 10 10 10 10 10 10 10 10 10 10 10 10 10 10 10
10 10 10 10 10 10 10 10 10 10 10 10 10 10 10 10
7f 7f 7f 7f 7f 7f 7f 7f 7f 7f 7f 7f 7f 7f 7f 7f
7f 7f 7f 7f 7f 7f 7f 7f 7f 7f 7f 7f 7f 7f 7f 7f
fe fe fe fe fe fe fe fe fe fe fe fe fe fe fe fe
fe fe fe fe fe fe fe fe fe fe fe fe fe fe fe fe
7f 7f 7f 7f 7f 7f 7f 7f 7f 7f 7f 7f 7f 7f 7f 7f
7f 7f 7f 7f 7f 7f 7f 7f 7f 7f 7f 7f 7f 7f 7f 7f
fb fb fb fb fb fb fb fb fb fb fb fb fb fb fb fb
fb fb fb fb fb fb fb fb fb fb fb fb fb fb fb fb
7f 7f 7f 7f 7f 7f 7f 7f 7f 7f 7f 7f 7f 7f 7f 7f
7f 7f 7f 7f 7f 7f 7f 7f 7f 7f 7f 7f 7f 7f 7f 7f
f8 f8 f8 f8 f8 f8 f8 f8 f8 f8 f8 f8 f8 f8 f8 f8
f8 f8 f8 f8 f8 f8 f8 f8 f8 f8 f8 f8 f8 f8 f8 f8
60 60 60 60 60 60 60 60 60 60 60 60 60 60 60 60
60 60 60 60 60 60 60 60 60 60 60 60 60 60 60 60
f5 f5 f5 f5 f5 f5 f5 f5 f5 f5 f5 f5 f5 f5 f5 f5
f5 f5 f5 f5 f5 f5 f5 f5 f5 f5 f5 f5 f5 f5 f5 f5
30 30 30 30 30 30 30 30 30 30 30 30 30 30 30 30
30 30 30 30 30 30 30 30 30 30 30 30 30 30 30 30
f2 f2 f2 f2 f2 f2 f2 f2 f2 f2 f2 f2 f2 f2 f2 f2
f2 f2 f2 f2 f2 f2 f2 f2 f2 f2 f2 f2 f2 f2 f2 f2
00 00 00 00 00 00 00 00 00 00 00 00 00 00 00 00
00 00 00 00 00 00 00 00 00 00 00 00 00 00 00 00
7f 7f 7f 7f 7f 7f 7f 7f 7f 7f 7f 7f 7f 7f 7f 7f
7f 7f 7f 7f 7f 7f 7f 7f 7f 7f 7f 7f 7f 7f 7f 7f
fd fd fd fd fd fd fd fd fd fd fd fd fd fd fd fd
fd fd fd fd fd fd fd fd fd fd fd fd fd fd fd fd
7f 7f 7f 7f 7f 7f 7f 7f 7f 7f 7f 7f 7f 7f 7f 7f
7f 7f 7f 7f 7f 7f 7f 7f 7f 7f 7f 7f 7f 7f 7f 7f
fa fa fa fa fa fa fa fa fa fa fa fa fa fa fa fa
fa fa fa fa fa fa fa fa fa fa fa fa fa fa fa fa
7f 7f 7f 7f 7f 7f 7f 7f 7f 7f 7f 7f 7f 7f 7f 7f
7f 7f 7f 7f 7f 7f 7f 7f 7f 7f 7f 7f 7f 7f 7f 7f
f7 f7 f7 f7 f7 f7 f7 f7 f7 f7 f7 f7 f7 f7 f7 f7
f7 f7 f7 f7 f7 f7 f7 f7 f7 f7 f7 f7 f7 f7 f7 f7
50 50 50 50 50 50 50 50 50 50 50 50 50 50 50 50
50 50 50 50 50 50 50 50 50 50 50 50 50 50 50 50
f4 f4 f4 f4 f4 f4 f4 f4 f4 f4 f4 f4 f4 f4 f4 f4
f4 f4 f4 f4 f4 f4 f4 f4 f4 f4 f4 f4 f4 f4 f4 f4
20 20 20 20 20 20 20 20 20 20 20 20 20 20 20 20
20 20 20 20 20 20 20 20 20 20 20 20 20 20 20 20
f1 f1 f1 f1 f1 f1 f1 f1 f1 f1 f1 f1 f1 f1 f1 f1
f1 f1 f1 f1 f1 f1 f1 f1 f1 f1 f1 f1 f1 f1 f1 f1
ff ff ff ff ff ff ff ff ff ff ff ff ff ff ff ff
ff ff ff ff ff ff ff ff ff ff ff ff ff ff ff ff
7f 7f 7f 7f 7f 7f 7f 7f 7f 7f 7f 7f 7f 7f 7f 7f
7f 7f 7f 7f 7f 7f 7f 7f 7f 7f 7f 7f 7f 7f 7f 7f
@01a000
f4 f4 f4 f4 f4 f4 f4 f4 f4 f4 f4 f4 f4 f4 f4 f4
f4 f4 f4 f4 f4 f4 f4 f4 f4 f4 f4 f4 f4 f4 f4 f4
20 20 20 20 20 20 20 20 20 20 20 20 20 20 20 20
20 20 20 20 20 20 20 20 20 20 20 20 20 20 20 20
f1 f1 f1 f1 f1 f1 f1 f1 f1 f1 f1 f1 f1 f1 f1 f1
f1 f1 f1 f1 f1 f1 f1 f1 f1 f1 f1 f1 f1 f1 f1 f1
ff ff ff ff ff ff ff ff ff ff ff ff ff ff ff ff
ff ff ff ff ff ff ff ff ff ff ff ff ff ff ff ff
7f 7f 7f 7f 7f 7f 7f 7f 7f 7f 7f 7f 7f 7f 7f 7f
7f 7f 7f 7f 7f 7f 7f 7f 7f 7f 7f 7f 7f 7f 7f 7f
fc fc fc fc fc fc fc fc fc fc fc fc fc fc fc fc
fc fc fc fc fc fc fc fc fc fc fc fc fc fc fc fc
7f 7f 7f 7f 7f 7f 7f 7f 7f 7f 7f 7f 7f 7f 7f 7f
7f 7f 7f 7f 7f 7f 7f 7f 7f 7f 7f 7f 7f 7f 7f 7f
f9 f9 f9 f9 f9 f9 f9 f9 f9 f9 f9 f9 f9 f9 f9 f9
f9 f9 f9 f9 f9 f9 f9 f9 f9 f9 f9 f9 f9 f9 f9 f9
70 70 70 70 70 70 70 70 70 70 70 70 70 70 70 70
70 70 70 70 70 70 70 70 70 70 70 70 70 70 70 70
f6 f6 f6 f6 f6 f6 f6 f6 f6 f6 f6 f6 f6 f6 f6 f6
f6 f6 f6 f6 f6 f6 f6 f6 f6 f6 f6 f6 f6 f6 f6 f6
40 40 40 40 40 40 40 40 40 40 40 40 40 40 40 40
40 40 40 40 40 40 40 40 40 40 40 40 40 40 40 40
f3 f3 f3 f3 f3 f3 f3 f3 f3 f3 f3 f3 f3 f3 f3 f3
f3 f3 f3 f3 f3 f3 f3 f3 f3 f3 f3 f3 f3 f3 f3 f3
10 10 10 10 10 10 10 10 10 10 10 10 10 10 10 10
10 10 10 10 10 10 10 10 10 10 10 10 10 10 10 10
7f 7f 7f 7f 7f 7f 7f 7f 7f 7f 7f 7f 7f 7f 7f 7f
7f 7f 7f 7f 7f 7f 7f 7f 7f 7f 7f 7f 7f 7f 7f 7f
fe fe fe fe fe fe fe fe fe fe fe fe fe fe fe fe
fe fe fe fe fe fe fe fe fe fe fe fe fe fe fe fe
7f 7f 7f 7f 7f 7f 7f 7f 7f 7f 7f 7f 7f 7f 7f 7f
7f 7f 7f 7f 7f 7f 7f 7f 7f 7f 7f 7f 7f 7f 7f 7f
fb fb fb fb fb fb fb fb fb fb fb fb fb fb fb fb
fb fb fb fb fb fb fb fb fb fb fb fb fb fb fb fb
7f 7f 7f 7f 7f 7f 7f 7f 7f 7f 7f 7f 7f 7f 7f 7f
7f 7f 7f 7f 7f 7f 7f 7f 7f 7f 7f 7f 7f 7f 7f 7f
f8 f8 f8 f8 f8 f8 f8 f8 f8 f8 f8 f8 f8 f8 f8 f8
f8 f8 f8 f8 f8 f8 f8 f8 f8 f8 f8 f8 f8 f8 f8 f8
60 60 60 60 60 60 60 60 60 60 60 60 60 60 60 60
60 60 60 60 60 60 60 60 60 60 60 60 60 60 60 60
f5 f5 f5 f5 f5 f5 f5 f5 f5 f5 f5 f5 f5 f5 f5 f5
f5 f5 f5 f5 f5 f5 f5 f5 f5 f5 f5 f5 f5 f5 f5 f5
30 30 30 30 30 30 30 30 30 30 30 30 30 30 30 30
30 30 30 30 30 30 30 30 30 30 30 30 30 30 30 30
f2 f2 f2 f2 f2 f2 f2 f2 f2 f2 f2 f2 f2 f2 f2 f2
f2 f2 f2 f2 f2 f2 f2 f2 f2 f2 f2 f2 f2 f2 f2 f2
00 00 00 00 00 00 00 00 00 00 00 00 00 00 00 00
00 00 00 00 00 00 00 00 00 00 00 00 00 00 00 00
7f 7f 7f 7f 7f 7f 7f 7f 7f 7f 7f 7f 7f 7f 7f 7f
7f 7f 7f 7f 7f 7f 7f 7f 7f 7f 7f 7f 7f 7f 7f 7f
fd fd fd fd fd fd fd fd fd fd fd fd fd fd fd fd
fd fd fd fd fd fd fd fd fd fd fd fd fd fd fd fd
7f 7f 7f 7f 7f 7f 7f 7f 7f 7f 7f 7f 7f 7f 7f 7f
7f 7f 7f 7f 7f 7f 7f 7f 7f 7f 7f 7f 7f 7f 7f 7f
fa fa fa fa fa fa fa fa fa fa fa fa fa fa fa fa
fa fa fa fa fa fa fa fa fa fa fa fa fa fa fa fa
7f 7f 7f 7f 7f 7f 7f 7f 7f 7f 7f 7f 7f 7f 7f 7f
7f 7f 7f 7f 7f 7f 7f 7f 7f 7f 7f 7f 7f 7f 7f 7f
f7 f7 f7 f7 f7 f7 f7 f7 f7 f7 f7 f7 f7 f7 f7 f7
f7 f7 f7 f7 f7 f7 f7 f7 f7 f7 f7 f7 f7 f7 f7 f7
50 50 50 50 50 50 50 50 50 50 50 50 50 50 50 50
50 50 50 50 50 50 50 50 50 50 50 50 50 50 50 50
f4 f4 f4 f4 f4 f4 f4 f4 f4 f4 f4 f4 f4 f4 f4 f4
f4 f4 f4 f4 f4 f4 f4 f4 f4 f4 f4 f4 f4 f4 f4 f4
20 20 20 20 20 20 20 20 20 20 20 20 20 20 20 20
20 20 20 20 20 20 20 20 20 20 20 20 20 20 20 20
f1 f1 f1 f1 f1 f1 f1 f1 f1 f1 f1 f1 f1 f1 f1 f1
f1 f1 f1 f1 f1 f1 f1 f1 f1 f1 f1 f1 f1 f1 f1 f1
ff ff ff ff ff ff ff ff ff ff ff ff ff ff ff ff
ff ff ff ff ff ff ff ff ff ff ff ff ff ff ff ff
7f 7f 7f 7f 7f 7f 7f 7f 7f 7f 7f 7f 7f 7f 7f 7f
7f 7f 7f 7f 7f 7f 7f 7f 7f 7f 7f 7f 7f 7f 7f 7f
fc fc fc fc fc fc fc fc fc fc fc fc fc fc fc fc
fc fc fc fc fc fc fc fc fc fc fc fc fc fc fc fc
7f 7f 7f 7f 7f 7f 7f 7f 7f 7f 7f 7f 7f 7f 7f 7f
7f 7f 7f 7f 7f 7f 7f 7f 7f 7f 7f 7f 7f 7f 7f 7f
f9 f9 f9 f9 f9 f9 f9 f9 f9 f9 f9 f9 f9 f9 f9 f9
f9 f9 f9 f9 f9 f9 f9 f9 f9 f9 f9 f9 f9 f9 f9 f9
70 70 70 70 70 70 70 70 70 70 70 70 70 70 70 70
70 70 70 70 70 70 70 70 70 70 70 70 70 70 70 70
f6 f6 f6 f6 f6 f6 f6 f6 f6 f6 f6 f6 f6 f6 f6 f6
f6 f6 f6 f6 f6 f6 f6 f6 f6 f6 f6 f6 f6 f6 f6 f6
40 40 40 40 40 40 40 40 40 40 40 40 40 40 40 40
40 40 40 40 40 40 40 40 40 40 40 40 40 40 40 40
f3 f3 f3 f3 f3 f3 f3 f3 f3 f3 f3 f3 f3 f3 f3 f3
f3 f3 f3 f3 f3 f3 f3 f3 f3 f3 f3 f3 f3 f3 f3 f3
10 10 10 10 10 10 10 10 10 10 10 10 10 10 10 10
10 10 10 10 10 10 10 10 10 10 10 10 10 10 10 10
7f 7f 7f 7f 7f 7f 7f 7f 7f 7f 7f 7f 7f 7f 7f 7f
7f 7f 7f 7f 7f 7f 7f 7f 7f 7f 7f 7f 7f 7f 7f 7f
fe fe fe fe fe fe fe fe fe fe fe fe fe fe fe fe
fe fe fe fe fe fe fe fe fe fe fe fe fe fe fe fe
7f 7f 7f 7f 7f 7f 7f 7f 7f 7f 7f 7f 7f 7f 7f 7f
7f 7f 7f 7f 7f 7f 7f 7f 7f 7f 7f 7f 7f 7f 7f 7f
fb fb fb fb fb fb fb fb fb fb fb fb fb fb fb fb
fb fb fb fb fb fb fb fb fb fb fb fb fb fb fb fb
7f 7f 7f 7f 7f 7f 7f 7f 7f 7f 7f 7f 7f 7f 7f 7f
7f 7f 7f 7f 7f 7f 7f 7f 7f 7f 7f 7f 7f 7f 7f 7f
f8 f8 f8 f8 f8 f8 f8 f8 f8 f8 f8 f8 f8 f8 f8 f8
f8 f8 f8 f8 f8 f8 f8 f8 f8 f8 f8 f8 f8 f8 f8 f8
60 60 60 60 60 60 60 60 60 60 60 60 60 60 60 60
60 60 60 60 60 60 60 60 60 60 60 60 60 60 60 60
f5 f5 f5 f5 f5 f5 f5 f5 f5 f5 f5 f5 f5 f5 f5 f5
f5 f5 f5 f5 f5 f5 f5 f5 f5 f5 f5 f5 f5 f5 f5 f5
30 30 30 30 30 30 30 30 30 30 30 30 30 30 30 30
30 30 30 30 30 30 30 30 30 30 30 30 30 30 30 30
f2 f2 f2 f2 f2 f2 f2 f2 f2 f2 f2 f2 f2 f2 f2 f2
f2 f2 f2 f2 f2 f2 f2 f2 f2 f2 f2 f2 f2 f2 f2 f2
00 00 00 00 00 00 00 00 00 00 00 00 00 00 00 00
00 00 00 00 00 00 00 00 00 00 00 00 00 00 00 00
7f 7f 7f 7f 7f 7f 7f 7f 7f 7f 7f 7f 7f 7f 7f 7f
7f 7f 7f 7f 7f 7f 7f 7f 7f 7f 7f 7f 7f 7f 7f 7f
fd fd fd fd fd fd fd fd fd fd fd fd fd fd fd fd
fd fd fd fd fd fd fd fd fd fd fd fd fd fd fd fd
7f 7f 7f 7f 7f 7f 7f 7f 7f 7f 7f 7f 7f 7f 7f 7f
7f 7f 7f 7f 7f 7f 7f 7f 7f 7f 7f 7f 7f 7f 7f 7f
fa fa fa fa fa fa fa fa fa fa fa fa fa fa fa fa
fa fa fa fa fa fa fa fa fa fa fa fa fa fa fa fa
7f 7f 7f 7f 7f 7f 7f 7f 7f 7f 7f 7f 7f 7f 7f 7f
7f 7f 7f 7f 7f 7f 7f 7f 7f 7f 7f 7f 7f 7f 7f 7f
f7 f7 f7 f7 f7 f7 f7 f7 f7 f7 f7 f7 f7 f7 f7 f7
f7 f7 f7 f7 f7 f7 f7 f7 f7 f7 f7 f7 f7 f7 f7 f7
50 50 50 50 50 50 50 50 50 50 50 50 50 50 50 50
50 50 50 50 50 50 50 50 50 50 50 50 50 50 50 50
f4 f4 f4 f4 f4 f4 f4 f4 f4 f4 f4 f4 f4 f4 f4 f4
f4 f4 f4 f4 f4 f4 f4 f4 f4 f4 f4 f4 f4 f4 f4 f4
20 20 20 20 20 20 20 20 20 20 20 20 20 20 20 20
20 20 20 20 20 20 20 20 20 20 20 20 20 20 20 20
f1 f1 f1 f1 f1 f1 f1 f1 f1 f1 f1 f1 f1 f1 f1 f1
f1 f1 f1 f1 f1 f1 f1 f1 f1 f1 f1 f1 f1 f1 f1 f1
ff ff ff ff ff ff ff ff ff ff ff ff ff ff ff ff
ff ff ff ff ff ff ff ff ff ff ff ff ff ff ff ff
7f 7f 7f 7f 7f 7f 7f 7f 7f 7f 7f 7f 7f 7f 7f 7f
7f 7f 7f 7f 7f 7f 7f 7f 7f 7f 7f 7f 7f 7f 7f 7f
fc fc fc fc fc fc fc fc fc fc fc fc fc fc fc fc
fc fc fc fc fc fc fc fc fc fc fc fc fc fc fc fc
7f 7f 7f 7f 7f 7f 7f 7f 7f 7f 7f 7f 7f 7f 7f 7f
7f 7f 7f 7f 7f 7f 7f 7f 7f 7f 7f 7f 7f 7f 7f 7f
f9 f9 f9 f9 f9 f9 f9 f9 f9 f9 f9 f9 f9 f9 f9 f9
f9 f9 f9 f9 f9 f9 f9 f9 f9 f9 f9 f9 f9 f9 f9 f9
70 70 70 70 70 70 70 70 70 70 70 70 70 70 70 70
70 70 70 70 70 70 70 70 70 70 70 70 70 70 70 70
f6 f6 f6 f6 f6 f6 f6 f6 f6 f6 f6 f6 f6 f6 f6 f6
f6 f6 f6 f6 f6 f6 f6 f6 f6 f6 f6 f6 f6 f6 f6 f6
40 40 40 40 40 40 40 40 40 40 40 40 40 40 40 40
40 40 40 40 40 40 40 40 40 40 40 40 40 40 40 40
f3 f3 f3 f3 f3 f3 f3 f3 f3 f3 f3 f3 f3 f3 f3 f3
f3 f3 f3 f3 f3 f3 f3 f3 f3 f3 f3 f3 f3 f3 f3 f3
10 10 10 10 10 10 10 10 10 10 10 10 10 10 10 10
10 10 10 10 10 10 10 10 10 10 10 10 10 10 10 10
7f 7f 7f 7f 7f 7f 7f 7f 7f 7f 7f 7f 7f 7f 7f 7f
7f 7f 7f 7f 7f 7f 7f 7f 7f 7f 7f 7f 7f 7f 7f 7f
fe fe fe fe fe fe fe fe fe fe fe fe fe fe fe fe
fe fe fe fe fe fe fe fe fe fe fe fe fe fe fe fe
7f 7f 7f 7f 7f 7f 7f 7f 7f 7f 7f 7f 7f 7f 7f 7f
7f 7f 7f 7f 7f 7f 7f 7f 7f 7f 7f 7f 7f 7f 7f 7f
fb fb fb fb fb fb fb fb fb fb fb fb fb fb fb fb
fb fb fb fb fb fb fb fb fb fb fb fb fb fb fb fb
7f 7f 7f 7f 7f 7f 7f 7f 7f 7f 7f 7f 7f 7f 7f 7f
7f 7f 7f 7f 7f 7f 7f 7f 7f 7f 7f 7f 7f 7f 7f 7f
f8 f8 f8 f8 f8 f8 f8 f8 f8 f8 f8 f8 f8 f8 f8 f8
f8 f8 f8 f8 f8 f8 f8 f8 f8 f8 f8 f8 f8 f8 f8 f8
60 60 60 60 60 60 60 60 60 60 60 60 60 60 60 60
60 60 60 60 60 60 60 60 60 60 60 60 60 60 60 60
f5 f5 f5 f5 f5 f5 f5 f5 f5 f5 f5 f5 f5 f5 f5 f5
f5 f5 f5 f5 f5 f5 f5 f5 f5 f5 f5 f5 f5 f5 f5 f5
30 30 30 30 30 30 30 30 30 30 30 30 30 30 30 30
30 30 30 30 30 30 30 30 30 30 30 30 30 30 30 30
f2 f2 f2 f2 f2 f2 f2 f2 f2 f2 f2 f2 f2 f2 f2 f2
f2 f2 f2 f2 f2 f2 f2 f2 f2 f2 f2 f2 f2 f2 f2 f2
00 00 00 00 00 00 00 00 00 00 00 00 00 00 00 00
00 00 00 00 00 00 00 00 00 00 00 00 00 00 00 00
7f 7f 7f 7f 7f 7f 7f 7f 7f 7f 7f 7f 7f 7f 7f 7f
7f 7f 7f 7f 7f 7f 7f 7f 7f 7f 7f 7f 7f 7f 7f 7f
fd fd fd fd fd fd fd fd fd fd fd fd fd fd fd fd
fd fd fd fd fd fd fd fd fd fd fd fd fd fd fd fd
7f 7f 7f 7f 7f 7f 7f 7f 7f 7f 7f 7f 7f 7f 7f 7f
7f 7f 7f 7f 7f 7f 7f 7f 7f 7f 7f 7f 7f 7f 7f 7f
fa fa fa fa fa fa fa fa fa fa fa fa fa fa fa fa
fa fa fa fa fa fa fa fa fa fa fa fa fa fa fa fa
7f 7f 7f 7f 7f 7f 7f 7f 7f 7f 7f 7f 7f 7f 7f 7f
7f 7f 7f 7f 7f 7f 7f 7f 7f 7f 7f 7f 7f 7f 7f 7f
f7 f7 f7 f7 f7 f7 f7 f7 f7 f7 f7 f7 f7 f7 f7 f7
f7 f7 f7 f7 f7 f7 f7 f7 f7 f7 f7 f7 f7 f7 f7 f7
50 50 50 50 50 50 50 50 50 50 50 50 50 50 50 50
50 50 50 50 50 50 50 50 50 50 50 50 50 50 50 50
f4 f4 f4 f4 f4 f4 f4 f4 f4 f4 f4 f4 f4 f4 f4 f4
f4 f4 f4 f4 f4 f4 f4 f4 f4 f4 f4 f4 f4 f4 f4 f4
20 20 20 20 20 20 20 20 20 20 20 20 20 20 20 20
20 20 20 20 20 20 20 20 20 20 20 20 20 20 20 20
f1 f1 f1 f1 f1 f1 f1 f1 f1 f1 f1 f1 f1 f1 f1 f1
f1 f1 f1 f1 f1 f1 f1 f1 f1 f1 f1 f1 f1 f1 f1 f1
ff ff ff ff ff ff ff ff ff ff ff ff ff ff ff ff
ff ff ff ff ff ff ff ff ff ff ff ff ff ff ff ff
7f 7f 7f 7f 7f 7f 7f 7f 7f 7f 7f 7f 7f 7f 7f 7f
7f 7f 7f 7f 7f 7f 7f 7f 7f 7f 7f 7f 7f 7f 7f 7f
fc fc fc fc fc fc fc fc fc fc fc fc fc fc fc fc
fc fc fc fc fc fc fc fc fc fc fc fc fc fc fc fc
7f 7f 7f 7f 7f 7f 7f 7f 7f 7f 7f 7f 7f 7f 7f 7f
7f 7f 7f 7f 7f 7f 7f 7f 7f 7f 7f 7f 7f 7f 7f 7f
f9 f9 f9 f9 f9 f9 f9 f9 f9 f9 f9 f9 f9 f9 f9 f9
f9 f9 f9 f9 f9 f9 f9 f9 f9 f9 f9 f9 f9 f9 f9 f9
70 70 70 70 70 70 70 70 70 70 70 70 70 70 70 70
70 70 70 70 70 70 70 70 70 70 70 70 70 70 70 70
f6 f6 f6 f6 f6 f6 f6 f6 f6 f6 f6 f6 f6 f6 f6 f6
f6 f6 f6 f6 f6 f6 f6 f6 f6 f6 f6 f6 f6 f6 f6 f6
40 40 40 40 40 40 40 40 40 40 40 40 40 40 40 40
40 40 40 40 40 40 40 40 40 40 40 40 40 40 40 40
f3 f3 f3 f3 f3 f3 f3 f3 f3 f3 f3 f3 f3 f3 f3 f3
f3 f3 f3 f3 f3 f3 f3 f3 f3 f3 f3 f3 f3 f3 f3 f3
10 10 10 10 10 10 10 10 10 10 10 10 10 10 10 10
10 10 10 10 10 10 10 10 10 10 10 10 10 10 10 10
7f 7f 7f 7f 7f 7f 7f 7f 7f 7f 7f 7f 7f 7f 7f 7f
7f 7f 7f 7f 7f 7f 7f 7f 7f 7f 7f 7f 7f 7f 7f 7f
fe fe fe fe fe fe fe fe fe fe fe fe fe fe fe fe
fe fe fe fe fe fe fe fe fe fe fe fe fe fe fe fe
7f 7f 7f 7f 7f 7f 7f 7f 7f 7f 7f 7f 7f 7f 7f 7f
7f 7f 7f 7f 7f 7f 7f 7f 7f 7f 7f 7f 7f 7f 7f 7f
fb fb fb fb fb fb fb fb fb fb fb fb fb fb fb fb
fb fb fb fb fb fb fb fb fb fb fb fb fb fb fb fb
7f 7f 7f 7f 7f 7f 7f 7f 7f 7f 7f 7f 7f 7f 7f 7f
7f 7f 7f 7f 7f 7f 7f 7f 7f 7f 7f 7f 7f 7f 7f 7f
f8 f8 f8 f8 f8 f8 f8 f8 f8 f8 f8 f8 f8 f8 f8 f8
f8 f8 f8 f8 f8 f8 f8 f8 f8 f8 f8 f8 f8 f8 f8 f8
60 60 60 60 60 60 60 60 60 60 60 60 60 60 60 60
60 60 60 60 60 60 60 60 60 60 60 60 60 60 60 60
f5 f5 f5 f5 f5 f5 f5 f5 f5 f5 f5 f5 f5 f5 f5 f5
f5 f5 f5 f5 f5 f5 f5 f5 f5 f5 f5 f5 f5 f5 f5 f5
30 30 30 30 30 30 30 30 30 30 30 30 30 30 30 30
30 30 30 30 30 30 30 30 30 30 30 30 30 30 30 30
f2 f2 f2 f2 f2 f2 f2 f2 f2 f2 f2 f2 f2 f2 f2 f2
f2 f2 f2 f2 f2 f2 f2 f2 f2 f2 f2 f2 f2 f2 f2 f2
00 00 00 00 00 00 00 00 00 00 00 00 00 00 00 00
00 00 00 00 00 00 00 00 00 00 00 00 00 00 00 00
7f 7f 7f 7f 7f 7f 7f 7f 7f 7f 7f 7f 7f 7f 7f 7f
7f 7f 7f 7f 7f 7f 7f 7f 7f 7f 7f 7f 7f 7f 7f 7f
fd fd fd fd fd fd fd fd fd fd fd fd fd fd fd fd
fd fd fd fd fd fd fd fd fd fd fd fd fd fd fd fd
7f 7f 7f 7f 7f 7f 7f 7f 7f 7f 7f 7f 7f 7f 7f 7f
7f 7f 7f 7f 7f 7f 7f 7f 7f 7f 7f 7f 7f 7f 7f 7f
fa fa fa fa fa fa fa fa fa fa fa fa fa fa fa fa
fa fa fa fa fa fa fa fa fa fa fa fa fa fa fa fa
7f 7f 7f 7f 7f 7f 7f 7f 7f 7f 7f 7f 7f 7f 7f 7f
7f 7f 7f 7f 7f 7f 7f 7f 7f 7f 7f 7f 7f 7f 7f 7f
f7 f7 f7 f7 f7 f7 f7 f7 f7 f7 f7 f7 f7 f7 f7 f7
f7 f7 f7 f7 f7 f7 f7 f7 f7 f7 f7 f7 f7 f7 f7 f7
50 50 50 50 50 50 50 50 50 50 50 50 50 50 50 50
50 50 50 50 50 50 50 50 50 50 50 50 50 50 50 50
f4 f4 f4 f4 f4 f4 f4 f4 f4 f4 f4 f4 f4 f4 f4 f4
f4 f4 f4 f4 f4 f4 f4 f4 f4 f4 f4 f4 f4 f4 f4 f4
20 20 20 20 20 20 20 20 20 20 20 20 20 20 20 20
20 20 20 20 20 20 20 20 20 20 20 20 20 20 20 20
f1 f1 f1 f1 f1 f1 f1 f1 f1 f1 f1 f1 f1 f1 f1 f1
f1 f1 f1 f1 f1 f1 f1 f1 f1 f1 f1 f1 f1 f1 f1 f1
ff ff ff ff ff ff ff ff ff ff ff ff ff ff ff ff
ff ff ff ff ff ff ff ff ff ff ff ff ff ff ff ff
7f 7f 7f 7f 7f 7f 7f 7f 7f 7f 7f 7f 7f 7f 7f 7f
7f 7f 7f 7f 7f 7f 7f 7f 7f 7f 7f 7f 7f 7f 7f 7f
fc fc fc fc fc fc fc fc fc fc fc fc fc fc fc fc
fc fc fc fc fc fc fc fc fc fc fc fc fc fc fc fc
7f 7f 7f 7f 7f 7f 7f 7f 7f 7f 7f 7f 7f 7f 7f 7f
7f 7f 7f 7f 7f 7f 7f 7f 7f 7f 7f 7f 7f 7f 7f 7f
f9 f9 f9 f9 f9 f9 f9 f9 f9 f9 f9 f9 f9 f9 f9 f9
f9 f9 f9 f9 f9 f9 f9 f9 f9 f9 f9 f9 f9 f9 f9 f9
70 70 70 70 70 70 70 70 70 70 70 70 70 70 70 70
70 70 70 70 70 70 70 70 70 70 70 70 70 70 70 70
f6 f6 f6 f6 f6 f6 f6 f6 f6 f6 f6 f6 f6 f6 f6 f6
f6 f6 f6 f6 f6 f6 f6 f6 f6 f6 f6 f6 f6 f6 f6 f6
40 40 40 40 40 40 40 40 40 40 40 40 40 40 40 40
40 40 40 40 40 40 40 40 40 40 40 40 40 40 40 40
f3 f3 f3 f3 f3 f3 f3 f3 f3 f3 f3 f3 f3 f3 f3 f3
f3 f3 f3 f3 f3 f3 f3 f3 f3 f3 f3 f3 f3 f3 f3 f3
10 10 10 10 10 10 10 10 10 10 10 10 10 10 10 10
10 10 10 10 10 10 10 10 10 10 10 10 10 10 10 10
7f 7f 7f 7f 7f 7f 7f 7f 7f 7f 7f 7f 7f 7f 7f 7f
7f 7f 7f 7f 7f 7f 7f 7f 7f 7f 7f 7f 7f 7f 7f 7f
fe fe fe fe fe fe fe fe fe fe fe fe fe fe fe fe
fe fe fe fe fe fe fe fe fe fe fe fe fe fe fe fe
7f 7f 7f 7f 7f 7f 7f 7f 7f 7f 7f 7f 7f 7f 7f 7f
7f 7f 7f 7f 7f 7f 7f 7f 7f 7f 7f 7f 7f 7f 7f 7f
fb fb fb fb fb fb fb fb fb fb fb fb fb fb fb fb
fb fb fb fb fb fb fb fb fb fb fb fb fb fb fb fb
7f 7f 7f 7f 7f 7f 7f 7f 7f 7f 7f 7f 7f 7f 7f 7f
7f 7f 7f 7f 7f 7f 7f 7f 7f 7f 7f 7f 7f 7f 7f 7f
f8 f8 f8 f8 f8 f8 f8 f8 f8 f8 f8 f8 f8 f8 f8 f8
f8 f8 f8 f8 f8 f8 f8 f8 f8 f8 f8 f8 f8 f8 f8 f8
60 60 60 60 60 60 60 60 60 60 60 60 60 60 60 60
60 60 60 60 60 60 60 60 60 60 60 60 60 60 60 60
f5 f5 f5 f5 f5 f5 f5 f5 f5 f5 f5 f5 f5 f5 f5 f5
f5 f5 f5 f5 f5 f5 f5 f5 f5 f5 f5 f5 f5 f5 f5 f5
30 30 30 30 30 30 30 30 30 30 30 30 30 30 30 30
30 30 30 30 30 30 30 30 30 30 30 30 30 30 30 30
f2 f2 f2 f2 f2 f2 f2 f2 f2 f2 f2 f2 f2 f2 f2 f2
f2 f2 f2 f2 f2 f2 f2 f2 f2 f2 f2 f2 f2 f2 f2 f2
00 00 00 00 00 00 00 00 00 00 00 00 00 00 00 00
00 00 00 00 00 00 00 00 00 00 00 00 00 00 00 00
7f 7f 7f 7f 7f 7f 7f 7f 7f 7f 7f 7f 7f 7f 7f 7f
7f 7f 7f 7f 7f 7f 7f 7f 7f 7f 7f 7f 7f 7f 7f 7f
fd fd fd fd fd fd fd fd fd fd fd fd fd fd fd fd
fd fd fd fd fd fd fd fd fd fd fd fd fd fd fd fd
7f 7f 7f 7f 7f 7f 7f 7f 7f 7f 7f 7f 7f 7f 7f 7f
7f 7f 7f 7f 7f 7f 7f 7f 7f 7f 7f 7f 7f 7f 7f 7f
fa fa fa fa fa fa fa fa fa fa fa fa fa fa fa fa
fa fa fa fa fa fa fa fa fa fa fa fa fa fa fa fa
7f 7f 7f 7f 7f 7f 7f 7f 7f 7f 7f 7f 7f 7f 7f 7f
7f 7f 7f 7f 7f 7f 7f 7f 7f 7f 7f 7f 7f 7f 7f 7f
f7 f7 f7 f7 f7 f7 f7 f7 f7 f7 f7 f7 f7 f7 f7 f7
f7 f7 f7 f7 f7 f7 f7 f7 f7 f7 f7 f7 f7 f7 f7 f7
50 50 50 50 50 50 50 50 50 50 50 50 50 50 50 50
50 50 50 50 50 50 50 50 50 50 50 50 50 50 50 50
f4 f4 f4 f4 f4 f4 f4 f4 f4 f4 f4 f4 f4 f4 f4 f4
f4 f4 f4 f4 f4 f4 f4 f4 f4 f4 f4 f4 f4 f4 f4 f4
20 20 20 20 20 20 20 20 20 20 20 20 20 20 20 20
20 20 20 20 20 20 20 20 20 20 20 20 20 20 20 20
f1 f1 f1 f1 f1 f1 f1 f1 f1 f1 f1 f1 f1 f1 f1 f1
f1 f1 f1 f1 f1 f1 f1 f1 f1 f1 f1 f1 f1 f1 f1 f1
ff ff ff ff ff ff ff ff ff ff ff ff ff ff ff ff
ff ff ff ff ff ff ff ff ff ff ff ff ff ff ff ff
7f 7f 7f 7f 7f 7f 7f 7f 7f 7f 7f 7f 7f 7f 7f 7f
7f 7f 7f 7f 7f 7f 7f 7f 7f 7f 7f 7f 7f 7f 7f 7f
@01c000
f4 f4 f4 f4 f4 f4 f4 f4 20 20 20 20 20 20 20 20
f1 f1 f1 f1 f1 f1 f1 f1 ff ff ff ff ff ff ff ff
7f 7f 7f 7f 7f 7f 7f 7f fc fc fc fc fc fc fc fc
7f 7f 7f 7f 7f 7f 7f 7f f9 f9 f9 f9 f9 f9 f9 f9
70 70 70 70 70 70 70 70 f6 f6 f6 f6 f6 f6 f6 f6
40 40 40 40 40 40 40 40 f3 f3 f3 f3 f3 f3 f3 f3
10 10 10 10 10 10 10 10 7f 7f 7f 7f 7f 7f 7f 7f
fe fe fe fe fe fe fe fe 7f 7f 7f 7f 7f 7f 7f 7f
fb fb fb fb fb fb fb fb 7f 7f 7f 7f 7f 7f 7f 7f
f8 f8 f8 f8 f8 f8 f8 f8 60 60 60 60 60 60 60 60
f5 f5 f5 f5 f5 f5 f5 f5 30 30 30 30 30 30 30 30
f2 f2 f2 f2 f2 f2 f2 f2 00 00 00 00 00 00 00 00
7f 7f 7f 7f 7f 7f 7f 7f fd fd fd fd fd fd fd fd
7f 7f 7f 7f 7f 7f 7f 7f fa fa fa fa fa fa fa fa
7f 7f 7f 7f 7f 7f 7f 7f f7 f7 f7 f7 f7 f7 f7 f7
50 50 50 50 50 50 50 50 f4 f4 f4 f4 f4 f4 f4 f4
20 20 20 20 20 20 20 20 f1 f1 f1 f1 f1 f1 f1 f1
ff ff ff ff ff ff ff ff 7f 7f 7f 7f 7f 7f 7f 7f
fc fc fc fc fc fc fc fc 7f 7f 7f 7f 7f 7f 7f 7f
f9 f9 f9 f9 f9 f9 f9 f9 70 70 70 70 70 70 70 70
f6 f6 f6 f6 f6 f6 f6 f6 40 40 40 40 40 40 40 40
f3 f3 f3 f3 f3 f3 f3 f3 10 10 10 10 10 10 10 10
7f 7f 7f 7f 7f 7f 7f 7f fe fe fe fe fe fe fe fe
7f 7f 7f 7f 7f 7f 7f 7f fb fb fb fb fb fb fb fb
7f 7f 7f 7f 7f 7f 7f 7f f8 f8 f8 f8 f8 f8 f8 f8
60 60 60 60 60 60 60 60 f5 f5 f5 f5 f5 f5 f5 f5
30 30 30 30 30 30 30 30 f2 f2 f2 f2 f2 f2 f2 f2
00 00 00 00 00 00 00 00 7f 7f 7f 7f 7f 7f 7f 7f
fd fd fd fd fd fd fd fd 7f 7f 7f 7f 7f 7f 7f 7f
fa fa fa fa fa fa fa fa 7f 7f 7f 7f 7f 7f 7f 7f
f7 f7 f7 f7 f7 f7 f7 f7 50 50 50 50 50 50 50 50
f4 f4 f4 f4 f4 f4 f4 f4 20 20 20 20 20 20 20 20
f1 f1 f1 f1 f1 f1 f1 f1 ff ff ff ff ff ff ff ff
7f 7f 7f 7f 7f 7f 7f 7f fc fc fc fc fc fc fc fc
7f 7f 7f 7f 7f 7f 7f 7f f9 f9 f9 f9 f9 f9 f9 f9
70 70 70 70 70 70 70 70 f6 f6 f6 f6 f6 f6 f6 f6
40 40 40 40 40 40 40 40 f3 f3 f3 f3 f3 f3 f3 f3
10 10 10 10 10 10 10 10 7f 7f 7f 7f 7f 7f 7f 7f
fe fe fe fe fe fe fe fe 7f 7f 7f 7f 7f 7f 7f 7f
fb fb fb fb fb fb fb fb 7f 7f 7f 7f 7f 7f 7f 7f
f8 f8 f8 f8 f8 f8 f8 f8 60 60 60 60 60 60 60 60
f5 f5 f5 f5 f5 f5 f5 f5 30 30 30 30 30 30 30 30
f2 f2 f2 f2 f2 f2 f2 f2 00 00 00 00 00 00 00 00
7f 7f 7f 7f 7f 7f 7f 7f fd fd fd fd fd fd fd fd
7f 7f 7f 7f 7f 7f 7f 7f fa fa fa fa fa fa fa fa
7f 7f 7f 7f 7f 7f 7f 7f f7 f7 f7 f7 f7 f7 f7 f7
50 50 50 50 50 50 50 50 f4 f4 f4 f4 f4 f4 f4 f4
20 20 20 20 20 20 20 20 f1 f1 f1 f1 f1 f1 f1 f1
ff ff ff ff ff ff ff ff 7f 7f 7f 7f 7f 7f 7f 7f
fc fc fc fc fc fc fc fc 7f 7f 7f 7f 7f 7f 7f 7f
f9 f9 f9 f9 f9 f9 f9 f9 70 70 70 70 70 70 70 70
f6 f6 f6 f6 f6 f6 f6 f6 40 40 40 40 40 40 40 40
f3 f3 f3 f3 f3 f3 f3 f3 10 10 10 10 10 10 10 10
7f 7f 7f 7f 7f 7f 7f 7f fe fe fe fe fe fe fe fe
7f 7f 7f 7f 7f 7f 7f 7f fb fb fb fb fb fb fb fb
7f 7f 7f 7f 7f 7f 7f 7f f8 f8 f8 f8 f8 f8 f8 f8
60 60 60 60 60 60 60 60 f5 f5 f5 f5 f5 f5 f5 f5
30 30 30 30 30 30 30 30 f2 f2 f2 f2 f2 f2 f2 f2
00 00 00 00 00 00 00 00 7f 7f 7f 7f 7f 7f 7f 7f
fd fd fd fd fd fd fd fd 7f 7f 7f 7f 7f 7f 7f 7f
fa fa fa fa fa fa fa fa 7f 7f 7f 7f 7f 7f 7f 7f
f7 f7 f7 f7 f7 f7 f7 f7 50 50 50 50 50 50 50 50
f4 f4 f4 f4 f4 f4 f4 f4 20 20 20 20 20 20 20 20
f1 f1 f1 f1 f1 f1 f1 f1 ff ff ff ff ff ff ff ff
7f 7f 7f 7f 7f 7f 7f 7f fc fc fc fc fc fc fc fc
7f 7f 7f 7f 7f 7f 7f 7f f9 f9 f9 f9 f9 f9 f9 f9
70 70 70 70 70 70 70 70 f6 f6 f6 f6 f6 f6 f6 f6
40 40 40 40 40 40 40 40 f3 f3 f3 f3 f3 f3 f3 f3
10 10 10 10 10 10 10 10 7f 7f 7f 7f 7f 7f 7f 7f
fe fe fe fe fe fe fe fe 7f 7f 7f 7f 7f 7f 7f 7f
fb fb fb fb fb fb fb fb 7f 7f 7f 7f 7f 7f 7f 7f
f8 f8 f8 f8 f8 f8 f8 f8 60 60 60 60 60 60 60 60
f5 f5 f5 f5 f5 f5 f5 f5 30 30 30 30 30 30 30 30
f2 f2 f2 f2 f2 f2 f2 f2 00 00 00 00 00 00 00 00
7f 7f 7f 7f 7f 7f 7f 7f fd fd fd fd fd fd fd fd
7f 7f 7f 7f 7f 7f 7f 7f fa fa fa fa fa fa fa fa
7f 7f 7f 7f 7f 7f 7f 7f f7 f7 f7 f7 f7 f7 f7 f7
50 50 50 50 50 50 50 50 f4 f4 f4 f4 f4 f4 f4 f4
20 20 20 20 20 20 20 20 f1 f1 f1 f1 f1 f1 f1 f1
ff ff ff ff ff ff ff ff 7f 7f 7f 7f 7f 7f 7f 7f
@01e000
00 00 00 00 00 00 00 00 00 00 00 00 00 00 00 00
00 00 00 00 00 00 00 00 00 00 00 00 00 00 00 00
20 20 20 20 20 20 20 20 20 20 20 20 20 20 20 20
20 20 20 20 20 20 20 20 20 20 20 20 20 20 20 20
00 00 00 00 00 00 00 00 00 00 00 00 00 00 00 00
00 00 00 00 00 00 00 00 00 00 00 00 00 00 00 00
00 00 00 00 00 00 00 00 00 00 00 00 00 00 00 00
00 00 00 00 00 00 00 00 00 00 00 00 00 00 00 00
7f 7f 7f 7f 7f 7f 7f 7f 7f 7f 7f 7f 7f 7f 7f 7f
7f 7f 7f 7f 7f 7f 7f 7f 7f 7f 7f 7f 7f 7f 7f 7f
00 00 00 00 00 00 00 00 00 00 00 00 00 00 00 00
00 00 00 00 00 00 00 00 00 00 00 00 00 00 00 00
7f 7f 7f 7f 7f 7f 7f 7f 7f 7f 7f 7f 7f 7f 7f 7f
7f 7f 7f 7f 7f 7f 7f 7f 7f 7f 7f 7f 7f 7f 7f 7f
00 00 00 00 00 00 00 00 00 00 00 00 00 00 00 00
00 00 00 00 00 00 00 00 00 00 00 00 00 00 00 00
70 70 70 70 70 70 70 70 70 70 70 70 70 70 70 70
70 70 70 70 70 70 70 70 70 70 70 70 70 70 70 70
00 00 00 00 00 00 00 00 00 00 00 00 00 00 00 00
00 00 00 00 00 00 00 00 00 00 00 00 00 00 00 00
40 40 40 40 40 40 40 40 40 40 40 40 40 40 40 40
40 40 40 40 40 40 40 40 40 40 40 40 40 40 40 40
00 00 00 00 00 00 00 00 00 00 00 00 00 00 00 00
00 00 00 00 00 00 00 00 00 00 00 00 00 00 00 00
10 10 10 10 10 10 10 10 10 10 10 10 10 10 10 10
10 10 10 10 10 10 10 10 10 10 10 10 10 10 10 10
7f 7f 7f 7f 7f 7f 7f 7f 7f 7f 7f 7f 7f 7f 7f 7f
7f 7f 7f 7f 7f 7f 7f 7f 7f 7f 7f 7f 7f 7f 7f 7f
00 00 00 00 00 00 00 00 00 00 00 00 00 00 00 00
00 00 00 00 00 00 00 00 00 00 00 00 00 00 00 00
7f 7f 7f 7f 7f 7f 7f 7f 7f 7f 7f 7f 7f 7f 7f 7f
7f 7f 7f 7f 7f 7f 7f 7f 7f 7f 7f 7f 7f 7f 7f 7f
00 00 00 00 00 00 00 00 00 00 00 00 00 00 00 00
00 00 00 00 00 00 00 00 00 00 00 00 00 00 00 00
7f 7f 7f 7f 7f 7f 7f 7f 7f 7f 7f 7f 7f 7f 7f 7f
7f 7f 7f 7f 7f 7f 7f 7f 7f 7f 7f 7f 7f 7f 7f 7f
00 00 00 00 00 00 00 00 00 00 00 00 00 00 00 00
00 00 00 00 00 00 00 00 00 00 00 00 00 00 00 00
60 60 60 60 60 60 60 60 60 60 60 60 60 60 60 60
60 60 60 60 60 60 60 60 60 60 60 60 60 60 60 60
00 00 00 00 00 00 00 00 00 00 00 00 00 00 00 00
00 00 00 00 00 00 00 00 00 00 00 00 00 00 00 00
30 30 30 30 30 30 30 30 30 30 30 30 30 30 30 30
30 30 30 30 30 30 30 30 30 30 30 30 30 30 30 30
00 00 00 00 00 00 00 00 00 00 00 00 00 00 00 00
00 00 00 00 00 00 00 00 00 00 00 00 00 00 00 00
00 00 00 00 00 00 00 00 00 00 00 00 00 00 00 00
00 00 00 00 00 00 00 00 00 00 00 00 00 00 00 00
7f 7f 7f 7f 7f 7f 7f 7f 7f 7f 7f 7f 7f 7f 7f 7f
7f 7f 7f 7f 7f 7f 7f 7f 7f 7f 7f 7f 7f 7f 7f 7f
00 00 00 00 00 00 00 00 00 00 00 00 00 00 00 00
00 00 00 00 00 00 00 00 00 00 00 00 00 00 00 00
7f 7f 7f 7f 7f 7f 7f 7f 7f 7f 7f 7f 7f 7f 7f 7f
7f 7f 7f 7f 7f 7f 7f 7f 7f 7f 7f 7f 7f 7f 7f 7f
00 00 00 00 00 00 00 00 00 00 00 00 00 00 00 00
00 00 00 00 00 00 00 00 00 00 00 00 00 00 00 00
7f 7f 7f 7f 7f 7f 7f 7f 7f 7f 7f 7f 7f 7f 7f 7f
7f 7f 7f 7f 7f 7f 7f 7f 7f 7f 7f 7f 7f 7f 7f 7f
00 00 00 00 00 00 00 00 00 00 00 00 00 00 00 00
00 00 00 00 00 00 00 00 00 00 00 00 00 00 00 00
50 50 50 50 50 50 50 50 50 50 50 50 50 50 50 50
50 50 50 50 50 50 50 50 50 50 50 50 50 50 50 50
00 00 00 00 00 00 00 00 00 00 00 00 00 00 00 00
00 00 00 00 00 00 00 00 00 00 00 00 00 00 00 00
20 20 20 20 20 20 20 20 20 20 20 20 20 20 20 20
20 20 20 20 20 20 20 20 20 20 20 20 20 20 20 20
00 00 00 00 00 00 00 00 00 00 00 00 00 00 00 00
00 00 00 00 00 00 00 00 00 00 00 00 00 00 00 00
00 00 00 00 00 00 00 00 00 00 00 00 00 00 00 00
00 00 00 00 00 00 00 00 00 00 00 00 00 00 00 00
7f 7f 7f 7f 7f 7f 7f 7f 7f 7f 7f 7f 7f 7f 7f 7f
7f 7f 7f 7f 7f 7f 7f 7f 7f 7f 7f 7f 7f 7f 7f 7f
00 00 00 00 00 00 00 00 00 00 00 00 00 00 00 00
00 00 00 00 00 00 00 00 00 00 00 00 00 00 00 00
7f 7f 7f 7f 7f 7f 7f 7f 7f 7f 7f 7f 7f 7f 7f 7f
7f 7f 7f 7f 7f 7f 7f 7f 7f 7f 7f 7f 7f 7f 7f 7f
00 00 00 00 00 00 00 00 00 00 00 00 00 00 00 00
00 00 00 00 00 00 00 00 00 00 00 00 00 00 00 00
70 70 70 70 70 70 70 70 70 70 70 70 70 70 70 70
70 70 70 70 70 70 70 70 70 70 70 70 70 70 70 70
00 00 00 00 00 00 00 00 00 00 00 00 00 00 00 00
00 00 00 00 00 00 00 00 00 00 00 00 00 00 00 00
40 40 40 40 40 40 40 40 40 40 40 40 40 40 40 40
40 40 40 40 40 40 40 40 40 40 40 40 40 40 40 40
00 00 00 00 00 00 00 00 00 00 00 00 00 00 00 00
00 00 00 00 00 00 00 00 00 00 00 00 00 00 00 00
10 10 10 10 10 10 10 10 10 10 10 10 10 10 10 10
10 10 10 10 10 10 10 10 10 10 10 10 10 10 10 10
7f 7f 7f 7f 7f 7f 7f 7f 7f 7f 7f 7f 7f 7f 7f 7f
7f 7f 7f 7f 7f 7f 7f 7f 7f 7f 7f 7f 7f 7f 7f 7f
00 00 00 00 00 00 00 00 00 00 00 00 00 00 00 00
00 00 00 00 00 00 00 00 00 00 00 00 00 00 00 00
7f 7f 7f 7f 7f 7f 7f 7f 7f 7f 7f 7f 7f 7f 7f 7f
7f 7f 7f 7f 7f 7f 7f 7f 7f 7f 7f 7f 7f 7f 7f 7f
00 00 00 00 00 00 00 00 00 00 00 00 00 00 00 00
00 00 00 00 00 00 00 00 00 00 00 00 00 00 00 00
7f 7f 7f 7f 7f 7f 7f 7f 7f 7f 7f 7f 7f 7f 7f 7f
7f 7f 7f 7f 7f 7f 7f 7f 7f 7f 7f 7f 7f 7f 7f 7f
00 00 00 00 00 00 00 00 00 00 00 00 00 00 00 00
00 00 00 00 00 00 00 00 00 00 00 00 00 00 00 00
60 60 60 60 60 60 60 60 60 60 60 60 60 60 60 60
60 60 60 60 60 60 60 60 60 60 60 60 60 60 60 60
00 00 00 00 00 00 00 00 00 00 00 00 00 00 00 00
00 00 00 00 00 00 00 00 00 00 00 00 00 00 00 00
30 30 30 30 30 30 30 30 30 30 30 30 30 30 30 30
30 30 30 30 30 30 30 30 30 30 30 30 30 30 30 30
00 00 00 00 00 00 00 00 00 00 00 00 00 00 00 00
00 00 00 00 00 00 00 00 00 00 00 00 00 00 00 00
00 00 00 00 00 00 00 00 00 00 00 00 00 00 00 00
00 00 00 00 00 00 00 00 00 00 00 00 00 00 00 00
7f 7f 7f 7f 7f 7f 7f 7f 7f 7f 7f 7f 7f 7f 7f 7f
7f 7f 7f 7f 7f 7f 7f 7f 7f 7f 7f 7f 7f 7f 7f 7f
00 00 00 00 00 00 00 00 00 00 00 00 00 00 00 00
00 00 00 00 00 00 00 00 00 00 00 00 00 00 00 00
7f 7f 7f 7f 7f 7f 7f 7f 7f 7f 7f 7f 7f 7f 7f 7f
7f 7f 7f 7f 7f 7f 7f 7f 7f 7f 7f 7f 7f 7f 7f 7f
00 00 00 00 00 00 00 00 00 00 00 00 00 00 00 00
00 00 00 00 00 00 00 00 00 00 00 00 00 00 00 00
7f 7f 7f 7f 7f 7f 7f 7f 7f 7f 7f 7f 7f 7f 7f 7f
7f 7f 7f 7f 7f 7f 7f 7f 7f 7f 7f 7f 7f 7f 7f 7f
00 00 00 00 00 00 00 00 00 00 00 00 00 00 00 00
00 00 00 00 00 00 00 00 00 00 00 00 00 00 00 00
50 50 50 50 50 50 50 50 50 50 50 50 50 50 50 50
50 50 50 50 50 50 50 50 50 50 50 50 50 50 50 50
00 00 00 00 00 00 00 00 00 00 00 00 00 00 00 00
00 00 00 00 00 00 00 00 00 00 00 00 00 00 00 00
20 20 20 20 20 20 20 20 20 20 20 20 20 20 20 20
20 20 20 20 20 20 20 20 20 20 20 20 20 20 20 20
00 00 00 00 00 00 00 00 00 00 00 00 00 00 00 00
00 00 00 00 00 00 00 00 00 00 00 00 00 00 00 00
00 00 00 00 00 00 00 00 00 00 00 00 00 00 00 00
00 00 00 00 00 00 00 00 00 00 00 00 00 00 00 00
7f 7f 7f 7f 7f 7f 7f 7f 7f 7f 7f 7f 7f 7f 7f 7f
7f 7f 7f 7f 7f 7f 7f 7f 7f 7f 7f 7f 7f 7f 7f 7f
00 00 00 00 00 00 00 00 00 00 00 00 00 00 00 00
00 00 00 00 00 00 00 00 00 00 00 00 00 00 00 00
7f 7f 7f 7f 7f 7f 7f 7f 7f 7f 7f 7f 7f 7f 7f 7f
7f 7f 7f 7f 7f 7f 7f 7f 7f 7f 7f 7f 7f 7f 7f 7f
00 00 00 00 00 00 00 00 00 00 00 00 00 00 00 00
00 00 00 00 00 00 00 00 00 00 00 00 00 00 00 00
70 70 70 70 70 70 70 70 70 70 70 70 70 70 70 70
70 70 70 70 70 70 70 70 70 70 70 70 70 70 70 70
00 00 00 00 00 00 00 00 00 00 00 00 00 00 00 00
00 00 00 00 00 00 00 00 00 00 00 00 00 00 00 00
40 40 40 40 40 40 40 40 40 40 40 40 40 40 40 40
40 40 40 40 40 40 40 40 40 40 40 40 40 40 40 40
00 00 00 00 00 00 00 00 00 00 00 00 00 00 00 00
00 00 00 00 00 00 00 00 00 00 00 00 00 00 00 00
10 10 10 10 10 10 10 10 10 10 10 10 10 10 10 10
10 10 10 10 10 10 10 10 10 10 10 10 10 10 10 10
7f 7f 7f 7f 7f 7f 7f 7f 7f 7f 7f 7f 7f 7f 7f 7f
7f 7f 7f 7f 7f 7f 7f 7f 7f 7f 7f 7f 7f 7f 7f 7f
00 00 00 00 00 00 00 00 00 00 00 00 00 00 00 00
00 00 00 00 00 00 00 00 00 00 00 00 00 00 00 00
7f 7f 7f 7f 7f 7f 7f 7f 7f 7f 7f 7f 7f 7f 7f 7f
7f 7f 7f 7f 7f 7f 7f 7f 7f 7f 7f 7f 7f 7f 7f 7f
00 00 00 00 00 00 00 00 00 00 00 00 00 00 00 00
00 00 00 00 00 00 00 00 00 00 00 00 00 00 00 00
7f 7f 7f 7f 7f 7f 7f 7f 7f 7f 7f 7f 7f 7f 7f 7f
7f 7f 7f 7f 7f 7f 7f 7f 7f 7f 7f 7f 7f 7f 7f 7f
00 00 00 00 00 00 00 00 00 00 00 00 00 00 00 00
00 00 00 00 00 00 00 00 00 00 00 00 00 00 00 00
60 60 60 60 60 60 60 60 60 60 60 60 60 60 60 60
60 60 60 60 60 60 60 60 60 60 60 60 60 60 60 60
00 00 00 00 00 00 00 00 00 00 00 00 00 00 00 00
00 00 00 00 00 00 00 00 00 00 00 00 00 00 00 00
30 30 30 30 30 30 30 30 30 30 30 30 30 30 30 30
30 30 30 30 30 30 30 30 30 30 30 30 30 30 30 30
00 00 00 00 00 00 00 00 00 00 00 00 00 00 00 00
00 00 00 00 00 00 00 00 00 00 00 00 00 00 00 00
00 00 00 00 00 00 00 00 00 00 00 00 00 00 00 00
00 00 00 00 00 00 00 00 00 00 00 00 00 00 00 00
7f 7f 7f 7f 7f 7f 7f 7f 7f 7f 7f 7f 7f 7f 7f 7f
7f 7f 7f 7f 7f 7f 7f 7f 7f 7f 7f 7f 7f 7f 7f 7f
00 00 00 00 00 00 00 00 00 00 00 00 00 00 00 00
00 00 00 00 00 00 00 00 00 00 00 00 00 00 00 00
7f 7f 7f 7f 7f 7f 7f 7f 7f 7f 7f 7f 7f 7f 7f 7f
7f 7f 7f 7f 7f 7f 7f 7f 7f 7f 7f 7f 7f 7f 7f 7f
00 00 00 00 00 00 00 00 00 00 00 00 00 00 00 00
00 00 00 00 00 00 00 00 00 00 00 00 00 00 00 00
7f 7f 7f 7f 7f 7f 7f 7f 7f 7f 7f 7f 7f 7f 7f 7f
7f 7f 7f 7f 7f 7f 7f 7f 7f 7f 7f 7f 7f 7f 7f 7f
00 00 00 00 00 00 00 00 00 00 00 00 00 00 00 00
00 00 00 00 00 00 00 00 00 00 00 00 00 00 00 00
50 50 50 50 50 50 50 50 50 50 50 50 50 50 50 50
50 50 50 50 50 50 50 50 50 50 50 50 50 50 50 50
00 00 00 00 00 00 00 00 00 00 00 00 00 00 00 00
00 00 00 00 00 00 00 00 00 00 00 00 00 00 00 00
20 20 20 20 20 20 20 20 20 20 20 20 20 20 20 20
20 20 20 20 20 20 20 20 20 20 20 20 20 20 20 20
00 00 00 00 00 00 00 00 00 00 00 00 00 00 00 00
00 00 00 00 00 00 00 00 00 00 00 00 00 00 00 00
00 00 00 00 00 00 00 00 00 00 00 00 00 00 00 00
00 00 00 00 00 00 00 00 00 00 00 00 00 00 00 00
7f 7f 7f 7f 7f 7f 7f 7f 7f 7f 7f 7f 7f 7f 7f 7f
7f 7f 7f 7f 7f 7f 7f 7f 7f 7f 7f 7f 7f 7f 7f 7f
00 00 00 00 00 00 00 00 00 00 00 00 00 00 00 00
00 00 00 00 00 00 00 00 00 00 00 00 00 00 00 00
7f 7f 7f 7f 7f 7f 7f 7f 7f 7f 7f 7f 7f 7f 7f 7f
7f 7f 7f 7f 7f 7f 7f 7f 7f 7f 7f 7f 7f 7f 7f 7f
00 00 00 00 00 00 00 00 00 00 00 00 00 00 00 00
00 00 00 00 00 00 00 00 00 00 00 00 00 00 00 00
70 70 70 70 70 70 70 70 70 70 70 70 70 70 70 70
70 70 70 70 70 70 70 70 70 70 70 70 70 70 70 70
00 00 00 00 00 00 00 00 00 00 00 00 00 00 00 00
00 00 00 00 00 00 00 00 00 00 00 00 00 00 00 00
40 40 40 40 40 40 40 40 40 40 40 40 40 40 40 40
40 40 40 40 40 40 40 40 40 40 40 40 40 40 40 40
00 00 00 00 00 00 00 00 00 00 00 00 00 00 00 00
00 00 00 00 00 00 00 00 00 00 00 00 00 00 00 00
10 10 10 10 10 10 10 10 10 10 10 10 10 10 10 10
10 10 10 10 10 10 10 10 10 10 10 10 10 10 10 10
7f 7f 7f 7f 7f 7f 7f 7f 7f 7f 7f 7f 7f 7f 7f 7f
7f 7f 7f 7f 7f 7f 7f 7f 7f 7f 7f 7f 7f 7f 7f 7f
00 00 00 00 00 00 00 00 00 00 00 00 00 00 00 00
00 00 00 00 00 00 00 00 00 00 00 00 00 00 00 00
7f 7f 7f 7f 7f 7f 7f 7f 7f 7f 7f 7f 7f 7f 7f 7f
7f 7f 7f 7f 7f 7f 7f 7f 7f 7f 7f 7f 7f 7f 7f 7f
00 00 00 00 00 00 00 00 00 00 00 00 00 00 00 00
00 00 00 00 00 00 00 00 00 00 00 00 00 00 00 00
7f 7f 7f 7f 7f 7f 7f 7f 7f 7f 7f 7f 7f 7f 7f 7f
7f 7f 7f 7f 7f 7f 7f 7f 7f 7f 7f 7f 7f 7f 7f 7f
00 00 00 00 00 00 00 00 00 00 00 00 00 00 00 00
00 00 00 00 00 00 00 00 00 00 00 00 00 00 00 00
60 60 60 60 60 60 60 60 60 60 60 60 60 60 60 60
60 60 60 60 60 60 60 60 60 60 60 60 60 60 60 60
00 00 00 00 00 00 00 00 00 00 00 00 00 00 00 00
00 00 00 00 00 00 00 00 00 00 00 00 00 00 00 00
30 30 30 30 30 30 30 30 30 30 30 30 30 30 30 30
30 30 30 30 30 30 30 30 30 30 30 30 30 30 30 30
00 00 00 00 00 00 00 00 00 00 00 00 00 00 00 00
00 00 00 00 00 00 00 00 00 00 00 00 00 00 00 00
00 00 00 00 00 00 00 00 00 00 00 00 00 00 00 00
00 00 00 00 00 00 00 00 00 00 00 00 00 00 00 00
7f 7f 7f 7f 7f 7f 7f 7f 7f 7f 7f 7f 7f 7f 7f 7f
7f 7f 7f 7f 7f 7f 7f 7f 7f 7f 7f 7f 7f 7f 7f 7f
00 00 00 00 00 00 00 00 00 00 00 00 00 00 00 00
00 00 00 00 00 00 00 00 00 00 00 00 00 00 00 00
7f 7f 7f 7f 7f 7f 7f 7f 7f 7f 7f 7f 7f 7f 7f 7f
7f 7f 7f 7f 7f 7f 7f 7f 7f 7f 7f 7f 7f 7f 7f 7f
00 00 00 00 00 00 00 00 00 00 00 00 00 00 00 00
00 00 00 00 00 00 00 00 00 00 00 00 00 00 00 00
7f 7f 7f 7f 7f 7f 7f 7f 7f 7f 7f 7f 7f 7f 7f 7f
7f 7f 7f 7f 7f 7f 7f 7f 7f 7f 7f 7f 7f 7f 7f 7f
00 00 00 00 00 00 00 00 00 00 00 00 00 00 00 00
00 00 00 00 00 00 00 00 00 00 00 00 00 00 00 00
50 50 50 50 50 50 50 50 50 50 50 50 50 50 50 50
50 50 50 50 50 50 50 50 50 50 50 50 50 50 50 50
00 00 00 00 00 00 00 00 00 00 00 00 00 00 00 00
00 00 00 00 00 00 00 00 00 00 00 00 00 00 00 00
20 20 20 20 20 20 20 20 20 20 20 20 20 20 20 20
20 20 20 20 20 20 20 20 20 20 20 20 20 20 20 20
00 00 00 00 00 00 00 00 00 00 00 00 00 00 00 00
00 00 00 00 00 00 00 00 00 00 00 00 00 00 00 00
00 00 00 00 00 00 00 00 00 00 00 00 00 00 00 00
00 00 00 00 00 00 00 00 00 00 00 00 00 00 00 00
7f 7f 7f 7f 7f 7f 7f 7f 7f 7f 7f 7f 7f 7f 7f 7f
7f 7f 7f 7f 7f 7f 7f 7f 7f 7f 7f 7f 7f 7f 7f 7f
00 00 00 00 00 00 00 00 00 00 00 00 00 00 00 00
00 00 00 00 00 00 00 00 00 00 00 00 00 00 00 00
7f 7f 7f 7f 7f 7f 7f 7f 7f 7f 7f 7f 7f 7f 7f 7f
7f 7f 7f 7f 7f 7f 7f 7f 7f 7f 7f 7f 7f 7f 7f 7f
00 00 00 00 00 00 00 00 00 00 00 00 00 00 00 00
00 00 00 00 00 00 00 00 00 00 00 00 00 00 00 00
70 70 70 70 70 70 70 70 70 70 70 70 70 70 70 70
70 70 70 70 70 70 70 70 70 70 70 70 70 70 70 70
00 00 00 00 00 00 00 00 00 00 00 00 00 00 00 00
00 00 00 00 00 00 00 00 00 00 00 00 00 00 00 00
40 40 40 40 40 40 40 40 40 40 40 40 40 40 40 40
40 40 40 40 40 40 40 40 40 40 40 40 40 40 40 40
00 00 00 00 00 00 00 00 00 00 00 00 00 00 00 00
00 00 00 00 00 00 00 00 00 00 00 00 00 00 00 00
10 10 10 10 10 10 10 10 10 10 10 10 10 10 10 10
10 10 10 10 10 10 10 10 10 10 10 10 10 10 10 10
7f 7f 7f 7f 7f 7f 7f 7f 7f 7f 7f 7f 7f 7f 7f 7f
7f 7f 7f 7f 7f 7f 7f 7f 7f 7f 7f 7f 7f 7f 7f 7f
00 00 00 00 00 00 00 00 00 00 00 00 00 00 00 00
00 00 00 00 00 00 00 00 00 00 00 00 00 00 00 00
7f 7f 7f 7f 7f 7f 7f 7f 7f 7f 7f 7f 7f 7f 7f 7f
7f 7f 7f 7f 7f 7f 7f 7f 7f 7f 7f 7f 7f 7f 7f 7f
00 00 00 00 00 00 00 00 00 00 00 00 00 00 00 00
00 00 00 00 00 00 00 00 00 00 00 00 00 00 00 00
7f 7f 7f 7f 7f 7f 7f 7f 7f 7f 7f 7f 7f 7f 7f 7f
7f 7f 7f 7f 7f 7f 7f 7f 7f 7f 7f 7f 7f 7f 7f 7f
00 00 00 00 00 00 00 00 00 00 00 00 00 00 00 00
00 00 00 00 00 00 00 00 00 00 00 00 00 00 00 00
60 60 60 60 60 60 60 60 60 60 60 60 60 60 60 60
60 60 60 60 60 60 60 60 60 60 60 60 60 60 60 60
00 00 00 00 00 00 00 00 00 00 00 00 00 00 00 00
00 00 00 00 00 00 00 00 00 00 00 00 00 00 00 00
30 30 30 30 30 30 30 30 30 30 30 30 30 30 30 30
30 30 30 30 30 30 30 30 30 30 30 30 30 30 30 30
00 00 00 00 00 00 00 00 00 00 00 00 00 00 00 00
00 00 00 00 00 00 00 00 00 00 00 00 00 00 00 00
00 00 00 00 00 00 00 00 00 00 00 00 00 00 00 00
00 00 00 00 00 00 00 00 00 00 00 00 00 00 00 00
7f 7f 7f 7f 7f 7f 7f 7f 7f 7f 7f 7f 7f 7f 7f 7f
7f 7f 7f 7f 7f 7f 7f 7f 7f 7f 7f 7f 7f 7f 7f 7f
00 00 00 00 00 00 00 00 00 00 00 00 00 00 00 00
00 00 00 00 00 00 00 00 00 00 00 00 00 00 00 00
7f 7f 7f 7f 7f 7f 7f 7f 7f 7f 7f 7f 7f 7f 7f 7f
7f 7f 7f 7f 7f 7f 7f 7f 7f 7f 7f 7f 7f 7f 7f 7f
00 00 00 00 00 00 00 00 00 00 00 00 00 00 00 00
00 00 00 00 00 00 00 00 00 00 00 00 00 00 00 00
7f 7f 7f 7f 7f 7f 7f 7f 7f 7f 7f 7f 7f 7f 7f 7f
7f 7f 7f 7f 7f 7f 7f 7f 7f 7f 7f 7f 7f 7f 7f 7f
00 00 00 00 00 00 00 00 00 00 00 00 00 00 00 00
00 00 00 00 00 00 00 00 00 00 00 00 00 00 00 00
50 50 50 50 50 50 50 50 50 50 50 50 50 50 50 50
50 50 50 50 50 50 50 50 50 50 50 50 50 50 50 50
00 00 00 00 00 00 00 00 00 00 00 00 00 00 00 00
00 00 00 00 00 00 00 00 00 00 00 00 00 00 00 00
20 20 20 20 20 20 20 20 20 20 20 20 20 20 20 20
20 20 20 20 20 20 20 20 20 20 20 20 20 20 20 20
00 00 00 00 00 00 00 00 00 00 00 00 00 00 00 00
00 00 00 00 00 00 00 00 00 00 00 00 00 00 00 00
00 00 00 00 00 00 00 00 00 00 00 00 00 00 00 00
00 00 00 00 00 00 00 00 00 00 00 00 00 00 00 00
7f 7f 7f 7f 7f 7f 7f 7f 7f 7f 7f 7f 7f 7f 7f 7f
7f 7f 7f 7f 7f 7f 7f 7f 7f 7f 7f 7f 7f 7f 7f 7f
@020000
00 00 00 00 00 00 00 00 20 20 20 20 20 20 20 20
00 00 00 00 00 00 00 00 00 00 00 00 00 00 00 00
7f 7f 7f 7f 7f 7f 7f 7f 00 00 00 00 00 00 00 00
7f 7f 7f 7f 7f 7f 7f 7f 00 00 00 00 00 00 00 00
70 70 70 70 70 70 70 70 00 00 00 00 00 00 00 00
40 40 40 40 40 40 40 40 00 00 00 00 00 00 00 00
10 10 10 10 10 10 10 10 7f 7f 7f 7f 7f 7f 7f 7f
00 00 00 00 00 00 00 00 7f 7f 7f 7f 7f 7f 7f 7f
00 00 00 00 00 00 00 00 7f 7f 7f 7f 7f 7f 7f 7f
00 00 00 00 00 00 00 00 60 60 60 60 60 60 60 60
00 00 00 00 00 00 00 00 30 30 30 30 30 30 30 30
00 00 00 00 00 00 00 00 00 00 00 00 00 00 00 00
7f 7f 7f 7f 7f 7f 7f 7f 00 00 00 00 00 00 00 00
7f 7f 7f 7f 7f 7f 7f 7f 00 00 00 00 00 00 00 00
7f 7f 7f 7f 7f 7f 7f 7f 00 00 00 00 00 00 00 00
50 50 50 50 50 50 50 50 00 00 00 00 00 00 00 00
20 20 20 20 20 20 20 20 00 00 00 00 00 00 00 00
00 00 00 00 00 00 00 00 7f 7f 7f 7f 7f 7f 7f 7f
00 00 00 00 00 00 00 00 7f 7f 7f 7f 7f 7f 7f 7f
00 00 00 00 00 00 00 00 70 70 70 70 70 70 70 70
00 00 00 00 00 00 00 00 40 40 40 40 40 40 40 40
00 00 00 00 00 00 00 00 10 10 10 10 10 10 10 10
7f 7f 7f 7f 7f 7f 7f 7f 00 00 00 00 00 00 00 00
7f 7f 7f 7f 7f 7f 7f 7f 00 00 00 00 00 00 00 00
7f 7f 7f 7f 7f 7f 7f 7f 00 00 00 00 00 00 00 00
60 60 60 60 60 60 60 60 00 00 00 00 00 00 00 00
30 30 30 30 30 30 30 30 00 00 00 00 00 00 00 00
00 00 00 00 00 00 00 00 7f 7f 7f 7f 7f 7f 7f 7f
00 00 00 00 00 00 00 00 7f 7f 7f 7f 7f 7f 7f 7f
00 00 00 00 00 00 00 00 7f 7f 7f 7f 7f 7f 7f 7f
00 00 00 00 00 00 00 00 50 50 50 50 50 50 50 50
00 00 00 00 00 00 00 00 20 20 20 20 20 20 20 20
00 00 00 00 00 00 00 00 00 00 00 00 00 00 00 00
7f 7f 7f 7f 7f 7f 7f 7f 00 00 00 00 00 00 00 00
7f 7f 7f 7f 7f 7f 7f 7f 00 00 00 00 00 00 00 00
70 70 70 70 70 70 70 70 00 00 00 00 00 00 00 00
40 40 40 40 40 40 40 40 00 00 00 00 00 00 00 00
10 10 10 10 10 10 10 10 7f 7f 7f 7f 7f 7f 7f 7f
00 00 00 00 00 00 00 00 7f 7f 7f 7f 7f 7f 7f 7f
00 00 00 00 00 00 00 00 7f 7f 7f 7f 7f 7f 7f 7f
00 00 00 00 00 00 00 00 60 60 60 60 60 60 60 60
00 00 00 00 00 00 00 00 30 30 30 30 30 30 30 30
00 00 00 00 00 00 00 00 00 00 00 00 00 00 00 00
7f 7f 7f 7f 7f 7f 7f 7f 00 00 00 00 00 00 00 00
7f 7f 7f 7f 7f 7f 7f 7f 00 00 00 00 00 00 00 00
7f 7f 7f 7f 7f 7f 7f 7f 00 00 00 00 00 00 00 00
50 50 50 50 50 50 50 50 00 00 00 00 00 00 00 00
20 20 20 20 20 20 20 20 00 00 00 00 00 00 00 00
00 00 00 00 00 00 00 00 7f 7f 7f 7f 7f 7f 7f 7f
00 00 00 00 00 00 00 00 7f 7f 7f 7f 7f 7f 7f 7f
00 00 00 00 00 00 00 00 70 70 70 70 70 70 70 70
00 00 00 00 00 00 00 00 40 40 40 40 40 40 40 40
00 00 00 00 00 00 00 00 10 10 10 10 10 10 10 10
7f 7f 7f 7f 7f 7f 7f 7f 00 00 00 00 00 00 00 00
7f 7f 7f 7f 7f 7f 7f 7f 00 00 00 00 00 00 00 00
7f 7f 7f 7f 7f 7f 7f 7f 00 00 00 00 00 00 00 00
60 60 60 60 60 60 60 60 00 00 00 00 00 00 00 00
30 30 30 30 30 30 30 30 00 00 00 00 00 00 00 00
00 00 00 00 00 00 00 00 7f 7f 7f 7f 7f 7f 7f 7f
00 00 00 00 00 00 00 00 7f 7f 7f 7f 7f 7f 7f 7f
00 00 00 00 00 00 00 00 7f 7f 7f 7f 7f 7f 7f 7f
00 00 00 00 00 00 00 00 50 50 50 50 50 50 50 50
00 00 00 00 00 00 00 00 20 20 20 20 20 20 20 20
00 00 00 00 00 00 00 00 00 00 00 00 00 00 00 00
7f 7f 7f 7f 7f 7f 7f 7f 00 00 00 00 00 00 00 00
7f 7f 7f 7f 7f 7f 7f 7f 00 00 00 00 00 00 00 00
70 70 70 70 70 70 70 70 00 00 00 00 00 00 00 00
40 40 40 40 40 40 40 40 00 00 00 00 00 00 00 00
10 10 10 10 10 10 10 10 7f 7f 7f 7f 7f 7f 7f 7f
00 00 00 00 00 00 00 00 7f 7f 7f 7f 7f 7f 7f 7f
00 00 00 00 00 00 00 00 7f 7f 7f 7f 7f 7f 7f 7f
00 00 00 00 00 00 00 00 60 60 60 60 60 60 60 60
00 00 00 00 00 00 00 00 30 30 30 30 30 30 30 30
00 00 00 00 00 00 00 00 00 00 00 00 00 00 00 00
7f 7f 7f 7f 7f 7f 7f 7f 00 00 00 00 00 00 00 00
7f 7f 7f 7f 7f 7f 7f 7f 00 00 00 00 00 00 00 00
7f 7f 7f 7f 7f 7f 7f 7f 00 00 00 00 00 00 00 00
50 50 50 50 50 50 50 50 00 00 00 00 00 00 00 00
20 20 20 20 20 20 20 20 00 00 00 00 00 00 00 00
00 00 00 00 00 00 00 00 7f 7f 7f 7f 7f 7f 7f 7f
@022000
f4 f4 f4 f4 f4 f4 f4 f4 f4 f4 f4 f4 f4 f4 f4 f4
f4 f4 f4 f4 f4 f4 f4 f4 f4 f4 f4 f4 f4 f4 f4 f4
40 40 40 40 40 40 40 40 40 40 40 40 40 40 40 40
40 40 40 40 40 40 40 40 40 40 40 40 40 40 40 40
f1 f1 f1 f1 f1 f1 f1 f1 f1 f1 f1 f1 f1 f1 f1 f1
f1 f1 f1 f1 f1 f1 f1 f1 f1 f1 f1 f1 f1 f1 f1 f1
ff ff ff ff ff ff ff ff ff ff ff ff ff ff ff ff
ff ff ff ff ff ff ff ff ff ff ff ff ff ff ff ff
7f 7f 7f 7f 7f 7f 7f 7f 7f 7f 7f 7f 7f 7f 7f 7f
7f 7f 7f 7f 7f 7f 7f 7f 7f 7f 7f 7f 7f 7f 7f 7f
fc fc fc fc fc fc fc fc fc fc fc fc fc fc fc fc
fc fc fc fc fc fc fc fc fc fc fc fc fc fc fc fc
7f 7f 7f 7f 7f 7f 7f 7f 7f 7f 7f 7f 7f 7f 7f 7f
7f 7f 7f 7f 7f 7f 7f 7f 7f 7f 7f 7f 7f 7f 7f 7f
f9 f9 f9 f9 f9 f9 f9 f9 f9 f9 f9 f9 f9 f9 f9 f9
f9 f9 f9 f9 f9 f9 f9 f9 f9 f9 f9 f9 f9 f9 f9 f9
7f 7f 7f 7f 7f 7f 7f 7f 7f 7f 7f 7f 7f 7f 7f 7f
7f 7f 7f 7f 7f 7f 7f 7f 7f 7f 7f 7f 7f 7f 7f 7f
f6 f6 f6 f6 f6 f6 f6 f6 f6 f6 f6 f6 f6 f6 f6 f6
f6 f6 f6 f6 f6 f6 f6 f6 f6 f6 f6 f6 f6 f6 f6 f6
7f 7f 7f 7f 7f 7f 7f 7f 7f 7f 7f 7f 7f 7f 7f 7f
7f 7f 7f 7f 7f 7f 7f 7f 7f 7f 7f 7f 7f 7f 7f 7f
f3 f3 f3 f3 f3 f3 f3 f3 f3 f3 f3 f3 f3 f3 f3 f3
f3 f3 f3 f3 f3 f3 f3 f3 f3 f3 f3 f3 f3 f3 f3 f3
20 20 20 20 20 20 20 20 20 20 20 20 20 20 20 20
20 20 20 20 20 20 20 20 20 20 20 20 20 20 20 20
7f 7f 7f 7f 7f 7f 7f 7f 7f 7f 7f 7f 7f 7f 7f 7f
7f 7f 7f 7f 7f 7f 7f 7f 7f 7f 7f 7f 7f 7f 7f 7f
fe fe fe fe fe fe fe fe fe fe fe fe fe fe fe fe
fe fe fe fe fe fe fe fe fe fe fe fe fe fe fe fe
7f 7f 7f 7f 7f 7f 7f 7f 7f 7f 7f 7f 7f 7f 7f 7f
7f 7f 7f 7f 7f 7f 7f 7f 7f 7f 7f 7f 7f 7f 7f 7f
fb fb fb fb fb fb fb fb fb fb fb fb fb fb fb fb
fb fb fb fb fb fb fb fb fb fb fb fb fb fb fb fb
7f 7f 7f 7f 7f 7f 7f 7f 7f 7f 7f 7f 7f 7f 7f 7f
7f 7f 7f 7f 7f 7f 7f 7f 7f 7f 7f 7f 7f 7f 7f 7f
f8 f8 f8 f8 f8 f8 f8 f8 f8 f8 f8 f8 f8 f8 f8 f8
f8 f8 f8 f8 f8 f8 f8 f8 f8 f8 f8 f8 f8 f8 f8 f8
7f 7f 7f 7f 7f 7f 7f 7f 7f 7f 7f 7f 7f 7f 7f 7f
7f 7f 7f 7f 7f 7f 7f 7f 7f 7f 7f 7f 7f 7f 7f 7f
f5 f5 f5 f5 f5 f5 f5 f5 f5 f5 f5 f5 f5 f5 f5 f5
f5 f5 f5 f5 f5 f5 f5 f5 f5 f5 f5 f5 f5 f5 f5 f5
60 60 60 60 60 60 60 60 60 60 60 60 60 60 60 60
60 60 60 60 60 60 60 60 60 60 60 60 60 60 60 60
f2 f2 f2 f2 f2 f2 f2 f2 f2 f2 f2 f2 f2 f2 f2 f2
f2 f2 f2 f2 f2 f2 f2 f2 f2 f2 f2 f2 f2 f2 f2 f2
00 00 00 00 00 00 00 00 00 00 00 00 00 00 00 00
00 00 00 00 00 00 00 00 00 00 00 00 00 00 00 00
7f 7f 7f 7f 7f 7f 7f 7f 7f 7f 7f 7f 7f 7f 7f 7f
7f 7f 7f 7f 7f 7f 7f 7f 7f 7f 7f 7f 7f 7f 7f 7f
fd fd fd fd fd fd fd fd fd fd fd fd fd fd fd fd
fd fd fd fd fd fd fd fd fd fd fd fd fd fd fd fd
7f 7f 7f 7f 7f 7f 7f 7f 7f 7f 7f 7f 7f 7f 7f 7f
7f 7f 7f 7f 7f 7f 7f 7f 7f 7f 7f 7f 7f 7f 7f 7f
fa fa fa fa fa fa fa fa fa fa fa fa fa fa fa fa
fa fa fa fa fa fa fa fa fa fa fa fa fa fa fa fa
7f 7f 7f 7f 7f 7f 7f 7f 7f 7f 7f 7f 7f 7f 7f 7f
7f 7f 7f 7f 7f 7f 7f 7f 7f 7f 7f 7f 7f 7f 7f 7f
f7 f7 f7 f7 f7 f7 f7 f7 f7 f7 f7 f7 f7 f7 f7 f7
f7 f7 f7 f7 f7 f7 f7 f7 f7 f7 f7 f7 f7 f7 f7 f7
7f 7f 7f 7f 7f 7f 7f 7f 7f 7f 7f 7f 7f 7f 7f 7f
7f 7f 7f 7f 7f 7f 7f 7f 7f 7f 7f 7f 7f 7f 7f 7f
f4 f4 f4 f4 f4 f4 f4 f4 f4 f4 f4 f4 f4 f4 f4 f4
f4 f4 f4 f4 f4 f4 f4 f4 f4 f4 f4 f4 f4 f4 f4 f4
40 40 40 40 40 40 40 40 40 40 40 40 40 40 40 40
40 40 40 40 40 40 40 40 40 40 40 40 40 40 40 40
f1 f1 f1 f1 f1 f1 f1 f1 f1 f1 f1 f1 f1 f1 f1 f1
f1 f1 f1 f1 f1 f1 f1 f1 f1 f1 f1 f1 f1 f1 f1 f1
ff ff ff ff ff ff ff ff ff ff ff ff ff ff ff ff
ff ff ff ff ff ff ff ff ff ff ff ff ff ff ff ff
7f 7f 7f 7f 7f 7f 7f 7f 7f 7f 7f 7f 7f 7f 7f 7f
7f 7f 7f 7f 7f 7f 7f 7f 7f 7f 7f 7f 7f 7f 7f 7f
fc fc fc fc fc fc fc fc fc fc fc fc fc fc fc fc
fc fc fc fc fc fc fc fc fc fc fc fc fc fc fc fc
7f 7f 7f 7f 7f 7f 7f 7f 7f 7f 7f 7f 7f 7f 7f 7f
7f 7f 7f 7f 7f 7f 7f 7f 7f 7f 7f 7f 7f 7f 7f 7f
f9 f9 f9 f9 f9 f9 f9 f9 f9 f9 f9 f9 f9 f9 f9 f9
f9 f9 f9 f9 f9 f9 f9 f9 f9 f9 f9 f9 f9 f9 f9 f9
7f 7f 7f 7f 7f 7f 7f 7f 7f 7f 7f 7f 7f 7f 7f 7f
7f 7f 7f 7f 7f 7f 7f 7f 7f 7f 7f 7f 7f 7f 7f 7f
f6 f6 f6 f6 f6 f6 f6 f6 f6 f6 f6 f6 f6 f6 f6 f6
f6 f6 f6 f6 f6 f6 f6 f6 f6 f6 f6 f6 f6 f6 f6 f6
7f 7f 7f 7f 7f 7f 7f 7f 7f 7f 7f 7f 7f 7f 7f 7f
7f 7f 7f 7f 7f 7f 7f 7f 7f 7f 7f 7f 7f 7f 7f 7f
f3 f3 f3 f3 f3 f3 f3 f3 f3 f3 f3 f3 f3 f3 f3 f3
f3 f3 f3 f3 f3 f3 f3 f3 f3 f3 f3 f3 f3 f3 f3 f3
20 20 20 20 20 20 20 20 20 20 20 20 20 20 20 20
20 20 20 20 20 20 20 20 20 20 20 20 20 20 20 20
7f 7f 7f 7f 7f 7f 7f 7f 7f 7f 7f 7f 7f 7f 7f 7f
7f 7f 7f 7f 7f 7f 7f 7f 7f 7f 7f 7f 7f 7f 7f 7f
fe fe fe fe fe fe fe fe fe fe fe fe fe fe fe fe
fe fe fe fe fe fe fe fe fe fe fe fe fe fe fe fe
7f 7f 7f 7f 7f 7f 7f 7f 7f 7f 7f 7f 7f 7f 7f 7f
7f 7f 7f 7f 7f 7f 7f 7f 7f 7f 7f 7f 7f 7f 7f 7f
fb fb fb fb fb fb fb fb fb fb fb fb fb fb fb fb
fb fb fb fb fb fb fb fb fb fb fb fb fb fb fb fb
7f 7f 7f 7f 7f 7f 7f 7f 7f 7f 7f 7f 7f 7f 7f 7f
7f 7f 7f 7f 7f 7f 7f 7f 7f 7f 7f 7f 7f 7f 7f 7f
f8 f8 f8 f8 f8 f8 f8 f8 f8 f8 f8 f8 f8 f8 f8 f8
f8 f8 f8 f8 f8 f8 f8 f8 f8 f8 f8 f8 f8 f8 f8 f8
7f 7f 7f 7f 7f 7f 7f 7f 7f 7f 7f 7f 7f 7f 7f 7f
7f 7f 7f 7f 7f 7f 7f 7f 7f 7f 7f 7f 7f 7f 7f 7f
f5 f5 f5 f5 f5 f5 f5 f5 f5 f5 f5 f5 f5 f5 f5 f5
f5 f5 f5 f5 f5 f5 f5 f5 f5 f5 f5 f5 f5 f5 f5 f5
60 60 60 60 60 60 60 60 60 60 60 60 60 60 60 60
60 60 60 60 60 60 60 60 60 60 60 60 60 60 60 60
f2 f2 f2 f2 f2 f2 f2 f2 f2 f2 f2 f2 f2 f2 f2 f2
f2 f2 f2 f2 f2 f2 f2 f2 f2 f2 f2 f2 f2 f2 f2 f2
00 00 00 00 00 00 00 00 00 00 00 00 00 00 00 00
00 00 00 00 00 00 00 00 00 00 00 00 00 00 00 00
7f 7f 7f 7f 7f 7f 7f 7f 7f 7f 7f 7f 7f 7f 7f 7f
7f 7f 7f 7f 7f 7f 7f 7f 7f 7f 7f 7f 7f 7f 7f 7f
fd fd fd fd fd fd fd fd fd fd fd fd fd fd fd fd
fd fd fd fd fd fd fd fd fd fd fd fd fd fd fd fd
7f 7f 7f 7f 7f 7f 7f 7f 7f 7f 7f 7f 7f 7f 7f 7f
7f 7f 7f 7f 7f 7f 7f 7f 7f 7f 7f 7f 7f 7f 7f 7f
fa fa fa fa fa fa fa fa fa fa fa fa fa fa fa fa
fa fa fa fa fa fa fa fa fa fa fa fa fa fa fa fa
7f 7f 7f 7f 7f 7f 7f 7f 7f 7f 7f 7f 7f 7f 7f 7f
7f 7f 7f 7f 7f 7f 7f 7f 7f 7f 7f 7f 7f 7f 7f 7f
f7 f7 f7 f7 f7 f7 f7 f7 f7 f7 f7 f7 f7 f7 f7 f7
f7 f7 f7 f7 f7 f7 f7 f7 f7 f7 f7 f7 f7 f7 f7 f7
7f 7f 7f 7f 7f 7f 7f 7f 7f 7f 7f 7f 7f 7f 7f 7f
7f 7f 7f 7f 7f 7f 7f 7f 7f 7f 7f 7f 7f 7f 7f 7f
f4 f4 f4 f4 f4 f4 f4 f4 f4 f4 f4 f4 f4 f4 f4 f4
f4 f4 f4 f4 f4 f4 f4 f4 f4 f4 f4 f4 f4 f4 f4 f4
40 40 40 40 40 40 40 40 40 40 40 40 40 40 40 40
40 40 40 40 40 40 40 40 40 40 40 40 40 40 40 40
f1 f1 f1 f1 f1 f1 f1 f1 f1 f1 f1 f1 f1 f1 f1 f1
f1 f1 f1 f1 f1 f1 f1 f1 f1 f1 f1 f1 f1 f1 f1 f1
ff ff ff ff ff ff ff ff ff ff ff ff ff ff ff ff
ff ff ff ff ff ff ff ff ff ff ff ff ff ff ff ff
7f 7f 7f 7f 7f 7f 7f 7f 7f 7f 7f 7f 7f 7f 7f 7f
7f 7f 7f 7f 7f 7f 7f 7f 7f 7f 7f 7f 7f 7f 7f 7f
fc fc fc fc fc fc fc fc fc fc fc fc fc fc fc fc
fc fc fc fc fc fc fc fc fc fc fc fc fc fc fc fc
7f 7f 7f 7f 7f 7f 7f 7f 7f 7f 7f 7f 7f 7f 7f 7f
7f 7f 7f 7f 7f 7f 7f 7f 7f 7f 7f 7f 7f 7f 7f 7f
f9 f9 f9 f9 f9 f9 f9 f9 f9 f9 f9 f9 f9 f9 f9 f9
f9 f9 f9 f9 f9 f9 f9 f9 f9 f9 f9 f9 f9 f9 f9 f9
7f 7f 7f 7f 7f 7f 7f 7f 7f 7f 7f 7f 7f 7f 7f 7f
7f 7f 7f 7f 7f 7f 7f 7f 7f 7f 7f 7f 7f 7f 7f 7f
f6 f6 f6 f6 f6 f6 f6 f6 f6 f6 f6 f6 f6 f6 f6 f6
f6 f6 f6 f6 f6 f6 f6 f6 f6 f6 f6 f6 f6 f6 f6 f6
7f 7f 7f 7f 7f 7f 7f 7f 7f 7f 7f 7f 7f 7f 7f 7f
7f 7f 7f 7f 7f 7f 7f 7f 7f 7f 7f 7f 7f 7f 7f 7f
f3 f3 f3 f3 f3 f3 f3 f3 f3 f3 f3 f3 f3 f3 f3 f3
f3 f3 f3 f3 f3 f3 f3 f3 f3 f3 f3 f3 f3 f3 f3 f3
20 20 20 20 20 20 20 20 20 20 20 20 20 20 20 20
20 20 20 20 20 20 20 20 20 20 20 20 20 20 20 20
7f 7f 7f 7f 7f 7f 7f 7f 7f 7f 7f 7f 7f 7f 7f 7f
7f 7f 7f 7f 7f 7f 7f 7f 7f 7f 7f 7f 7f 7f 7f 7f
fe fe fe fe fe fe fe fe fe fe fe fe fe fe fe fe
fe fe fe fe fe fe fe fe fe fe fe fe fe fe fe fe
7f 7f 7f 7f 7f 7f 7f 7f 7f 7f 7f 7f 7f 7f 7f 7f
7f 7f 7f 7f 7f 7f 7f 7f 7f 7f 7f 7f 7f 7f 7f 7f
fb fb fb fb fb fb fb fb fb fb fb fb fb fb fb fb
fb fb fb fb fb fb fb fb fb fb fb fb fb fb fb fb
7f 7f 7f 7f 7f 7f 7f 7f 7f 7f 7f 7f 7f 7f 7f 7f
7f 7f 7f 7f 7f 7f 7f 7f 7f 7f 7f 7f 7f 7f 7f 7f
f8 f8 f8 f8 f8 f8 f8 f8 f8 f8 f8 f8 f8 f8 f8 f8
f8 f8 f8 f8 f8 f8 f8 f8 f8 f8 f8 f8 f8 f8 f8 f8
7f 7f 7f 7f 7f 7f 7f 7f 7f 7f 7f 7f 7f 7f 7f 7f
7f 7f 7f 7f 7f 7f 7f 7f 7f 7f 7f 7f 7f 7f 7f 7f
f5 f5 f5 f5 f5 f5 f5 f5 f5 f5 f5 f5 f5 f5 f5 f5
f5 f5 f5 f5 f5 f5 f5 f5 f5 f5 f5 f5 f5 f5 f5 f5
60 60 60 60 60 60 60 60 60 60 60 60 60 60 60 60
60 60 60 60 60 60 60 60 60 60 60 60 60 60 60 60
f2 f2 f2 f2 f2 f2 f2 f2 f2 f2 f2 f2 f2 f2 f2 f2
f2 f2 f2 f2 f2 f2 f2 f2 f2 f2 f2 f2 f2 f2 f2 f2
00 00 00 00 00 00 00 00 00 00 00 00 00 00 00 00
00 00 00 00 00 00 00 00 00 00 00 00 00 00 00 00
7f 7f 7f 7f 7f 7f 7f 7f 7f 7f 7f 7f 7f 7f 7f 7f
7f 7f 7f 7f 7f 7f 7f 7f 7f 7f 7f 7f 7f 7f 7f 7f
fd fd fd fd fd fd fd fd fd fd fd fd fd fd fd fd
fd fd fd fd fd fd fd fd fd fd fd fd fd fd fd fd
7f 7f 7f 7f 7f 7f 7f 7f 7f 7f 7f 7f 7f 7f 7f 7f
7f 7f 7f 7f 7f 7f 7f 7f 7f 7f 7f 7f 7f 7f 7f 7f
fa fa fa fa fa fa fa fa fa fa fa fa fa fa fa fa
fa fa fa fa fa fa fa fa fa fa fa fa fa fa fa fa
7f 7f 7f 7f 7f 7f 7f 7f 7f 7f 7f 7f 7f 7f 7f 7f
7f 7f 7f 7f 7f 7f 7f 7f 7f 7f 7f 7f 7f 7f 7f 7f
f7 f7 f7 f7 f7 f7 f7 f7 f7 f7 f7 f7 f7 f7 f7 f7
f7 f7 f7 f7 f7 f7 f7 f7 f7 f7 f7 f7 f7 f7 f7 f7
7f 7f 7f 7f 7f 7f 7f 7f 7f 7f 7f 7f 7f 7f 7f 7f
7f 7f 7f 7f 7f 7f 7f 7f 7f 7f 7f 7f 7f 7f 7f 7f
f4 f4 f4 f4 f4 f4 f4 f4 f4 f4 f4 f4 f4 f4 f4 f4
f4 f4 f4 f4 f4 f4 f4 f4 f4 f4 f4 f4 f4 f4 f4 f4
40 40 40 40 40 40 40 40 40 40 40 40 40 40 40 40
40 40 40 40 40 40 40 40 40 40 40 40 40 40 40 40
f1 f1 f1 f1 f1 f1 f1 f1 f1 f1 f1 f1 f1 f1 f1 f1
f1 f1 f1 f1 f1 f1 f1 f1 f1 f1 f1 f1 f1 f1 f1 f1
ff ff ff ff ff ff ff ff ff ff ff ff ff ff ff ff
ff ff ff ff ff ff ff ff ff ff ff ff ff ff ff ff
7f 7f 7f 7f 7f 7f 7f 7f 7f 7f 7f 7f 7f 7f 7f 7f
7f 7f 7f 7f 7f 7f 7f 7f 7f 7f 7f 7f 7f 7f 7f 7f
fc fc fc fc fc fc fc fc fc fc fc fc fc fc fc fc
fc fc fc fc fc fc fc fc fc fc fc fc fc fc fc fc
7f 7f 7f 7f 7f 7f 7f 7f 7f 7f 7f 7f 7f 7f 7f 7f
7f 7f 7f 7f 7f 7f 7f 7f 7f 7f 7f 7f 7f 7f 7f 7f
f9 f9 f9 f9 f9 f9 f9 f9 f9 f9 f9 f9 f9 f9 f9 f9
f9 f9 f9 f9 f9 f9 f9 f9 f9 f9 f9 f9 f9 f9 f9 f9
7f 7f 7f 7f 7f 7f 7f 7f 7f 7f 7f 7f 7f 7f 7f 7f
7f 7f 7f 7f 7f 7f 7f 7f 7f 7f 7f 7f 7f 7f 7f 7f
f6 f6 f6 f6 f6 f6 f6 f6 f6 f6 f6 f6 f6 f6 f6 f6
f6 f6 f6 f6 f6 f6 f6 f6 f6 f6 f6 f6 f6 f6 f6 f6
7f 7f 7f 7f 7f 7f 7f 7f 7f 7f 7f 7f 7f 7f 7f 7f
7f 7f 7f 7f 7f 7f 7f 7f 7f 7f 7f 7f 7f 7f 7f 7f
f3 f3 f3 f3 f3 f3 f3 f3 f3 f3 f3 f3 f3 f3 f3 f3
f3 f3 f3 f3 f3 f3 f3 f3 f3 f3 f3 f3 f3 f3 f3 f3
20 20 20 20 20 20 20 20 20 20 20 20 20 20 20 20
20 20 20 20 20 20 20 20 20 20 20 20 20 20 20 20
7f 7f 7f 7f 7f 7f 7f 7f 7f 7f 7f 7f 7f 7f 7f 7f
7f 7f 7f 7f 7f 7f 7f 7f 7f 7f 7f 7f 7f 7f 7f 7f
fe fe fe fe fe fe fe fe fe fe fe fe fe fe fe fe
fe fe fe fe fe fe fe fe fe fe fe fe fe fe fe fe
7f 7f 7f 7f 7f 7f 7f 7f 7f 7f 7f 7f 7f 7f 7f 7f
7f 7f 7f 7f 7f 7f 7f 7f 7f 7f 7f 7f 7f 7f 7f 7f
fb fb fb fb fb fb fb fb fb fb fb fb fb fb fb fb
fb fb fb fb fb fb fb fb fb fb fb fb fb fb fb fb
7f 7f 7f 7f 7f 7f 7f 7f 7f 7f 7f 7f 7f 7f 7f 7f
7f 7f 7f 7f 7f 7f 7f 7f 7f 7f 7f 7f 7f 7f 7f 7f
f8 f8 f8 f8 f8 f8 f8 f8 f8 f8 f8 f8 f8 f8 f8 f8
f8 f8 f8 f8 f8 f8 f8 f8 f8 f8 f8 f8 f8 f8 f8 f8
7f 7f 7f 7f 7f 7f 7f 7f 7f 7f 7f 7f 7f 7f 7f 7f
7f 7f 7f 7f 7f 7f 7f 7f 7f 7f 7f 7f 7f 7f 7f 7f
f5 f5 f5 f5 f5 f5 f5 f5 f5 f5 f5 f5 f5 f5 f5 f5
f5 f5 f5 f5 f5 f5 f5 f5 f5 f5 f5 f5 f5 f5 f5 f5
60 60 60 60 60 60 60 60 60 60 60 60 60 60 60 60
60 60 60 60 60 60 60 60 60 60 60 60 60 60 60 60
f2 f2 f2 f2 f2 f2 f2 f2 f2 f2 f2 f2 f2 f2 f2 f2
f2 f2 f2 f2 f2 f2 f2 f2 f2 f2 f2 f2 f2 f2 f2 f2
00 00 00 00 00 00 00 00 00 00 00 00 00 00 00 00
00 00 00 00 00 00 00 00 00 00 00 00 00 00 00 00
7f 7f 7f 7f 7f 7f 7f 7f 7f 7f 7f 7f 7f 7f 7f 7f
7f 7f 7f 7f 7f 7f 7f 7f 7f 7f 7f 7f 7f 7f 7f 7f
fd fd fd fd fd fd fd fd fd fd fd fd fd fd fd fd
fd fd fd fd fd fd fd fd fd fd fd fd fd fd fd fd
7f 7f 7f 7f 7f 7f 7f 7f 7f 7f 7f 7f 7f 7f 7f 7f
7f 7f 7f 7f 7f 7f 7f 7f 7f 7f 7f 7f 7f 7f 7f 7f
fa fa fa fa fa fa fa fa fa fa fa fa fa fa fa fa
fa fa fa fa fa fa fa fa fa fa fa fa fa fa fa fa
7f 7f 7f 7f 7f 7f 7f 7f 7f 7f 7f 7f 7f 7f 7f 7f
7f 7f 7f 7f 7f 7f 7f 7f 7f 7f 7f 7f 7f 7f 7f 7f
f7 f7 f7 f7 f7 f7 f7 f7 f7 f7 f7 f7 f7 f7 f7 f7
f7 f7 f7 f7 f7 f7 f7 f7 f7 f7 f7 f7 f7 f7 f7 f7
7f 7f 7f 7f 7f 7f 7f 7f 7f 7f 7f 7f 7f 7f 7f 7f
7f 7f 7f 7f 7f 7f 7f 7f 7f 7f 7f 7f 7f 7f 7f 7f
f4 f4 f4 f4 f4 f4 f4 f4 f4 f4 f4 f4 f4 f4 f4 f4
f4 f4 f4 f4 f4 f4 f4 f4 f4 f4 f4 f4 f4 f4 f4 f4
40 40 40 40 40 40 40 40 40 40 40 40 40 40 40 40
40 40 40 40 40 40 40 40 40 40 40 40 40 40 40 40
f1 f1 f1 f1 f1 f1 f1 f1 f1 f1 f1 f1 f1 f1 f1 f1
f1 f1 f1 f1 f1 f1 f1 f1 f1 f1 f1 f1 f1 f1 f1 f1
ff ff ff ff ff ff ff ff ff ff ff ff ff ff ff ff
ff ff ff ff ff ff ff ff ff ff ff ff ff ff ff ff
7f 7f 7f 7f 7f 7f 7f 7f 7f 7f 7f 7f 7f 7f 7f 7f
7f 7f 7f 7f 7f 7f 7f 7f 7f 7f 7f 7f 7f 7f 7f 7f
fc fc fc fc fc fc fc fc fc fc fc fc fc fc fc fc
fc fc fc fc fc fc fc fc fc fc fc fc fc fc fc fc
7f 7f 7f 7f 7f 7f 7f 7f 7f 7f 7f 7f 7f 7f 7f 7f
7f 7f 7f 7f 7f 7f 7f 7f 7f 7f 7f 7f 7f 7f 7f 7f
f9 f9 f9 f9 f9 f9 f9 f9 f9 f9 f9 f9 f9 f9 f9 f9
f9 f9 f9 f9 f9 f9 f9 f9 f9 f9 f9 f9 f9 f9 f9 f9
7f 7f 7f 7f 7f 7f 7f 7f 7f 7f 7f 7f 7f 7f 7f 7f
7f 7f 7f 7f 7f 7f 7f 7f 7f 7f 7f 7f 7f 7f 7f 7f
f6 f6 f6 f6 f6 f6 f6 f6 f6 f6 f6 f6 f6 f6 f6 f6
f6 f6 f6 f6 f6 f6 f6 f6 f6 f6 f6 f6 f6 f6 f6 f6
7f 7f 7f 7f 7f 7f 7f 7f 7f 7f 7f 7f 7f 7f 7f 7f
7f 7f 7f 7f 7f 7f 7f 7f 7f 7f 7f 7f 7f 7f 7f 7f
f3 f3 f3 f3 f3 f3 f3 f3 f3 f3 f3 f3 f3 f3 f3 f3
f3 f3 f3 f3 f3 f3 f3 f3 f3 f3 f3 f3 f3 f3 f3 f3
20 20 20 20 20 20 20 20 20 20 20 20 20 20 20 20
20 20 20 20 20 20 20 20 20 20 20 20 20 20 20 20
7f 7f 7f 7f 7f 7f 7f 7f 7f 7f 7f 7f 7f 7f 7f 7f
7f 7f 7f 7f 7f 7f 7f 7f 7f 7f 7f 7f 7f 7f 7f 7f
fe fe fe fe fe fe fe fe fe fe fe fe fe fe fe fe
fe fe fe fe fe fe fe fe fe fe fe fe fe fe fe fe
7f 7f 7f 7f 7f 7f 7f 7f 7f 7f 7f 7f 7f 7f 7f 7f
7f 7f 7f 7f 7f 7f 7f 7f 7f 7f 7f 7f 7f 7f 7f 7f
fb fb fb fb fb fb fb fb fb fb fb fb fb fb fb fb
fb fb fb fb fb fb fb fb fb fb fb fb fb fb fb fb
7f 7f 7f 7f 7f 7f 7f 7f 7f 7f 7f 7f 7f 7f 7f 7f
7f 7f 7f 7f 7f 7f 7f 7f 7f 7f 7f 7f 7f 7f 7f 7f
f8 f8 f8 f8 f8 f8 f8 f8 f8 f8 f8 f8 f8 f8 f8 f8
f8 f8 f8 f8 f8 f8 f8 f8 f8 f8 f8 f8 f8 f8 f8 f8
7f 7f 7f 7f 7f 7f 7f 7f 7f 7f 7f 7f 7f 7f 7f 7f
7f 7f 7f 7f 7f 7f 7f 7f 7f 7f 7f 7f 7f 7f 7f 7f
f5 f5 f5 f5 f5 f5 f5 f5 f5 f5 f5 f5 f5 f5 f5 f5
f5 f5 f5 f5 f5 f5 f5 f5 f5 f5 f5 f5 f5 f5 f5 f5
60 60 60 60 60 60 60 60 60 60 60 60 60 60 60 60
60 60 60 60 60 60 60 60 60 60 60 60 60 60 60 60
f2 f2 f2 f2 f2 f2 f2 f2 f2 f2 f2 f2 f2 f2 f2 f2
f2 f2 f2 f2 f2 f2 f2 f2 f2 f2 f2 f2 f2 f2 f2 f2
00 00 00 00 00 00 00 00 00 00 00 00 00 00 00 00
00 00 00 00 00 00 00 00 00 00 00 00 00 00 00 00
7f 7f 7f 7f 7f 7f 7f 7f 7f 7f 7f 7f 7f 7f 7f 7f
7f 7f 7f 7f 7f 7f 7f 7f 7f 7f 7f 7f 7f 7f 7f 7f
fd fd fd fd fd fd fd fd fd fd fd fd fd fd fd fd
fd fd fd fd fd fd fd fd fd fd fd fd fd fd fd fd
7f 7f 7f 7f 7f 7f 7f 7f 7f 7f 7f 7f 7f 7f 7f 7f
7f 7f 7f 7f 7f 7f 7f 7f 7f 7f 7f 7f 7f 7f 7f 7f
fa fa fa fa fa fa fa fa fa fa fa fa fa fa fa fa
fa fa fa fa fa fa fa fa fa fa fa fa fa fa fa fa
7f 7f 7f 7f 7f 7f 7f 7f 7f 7f 7f 7f 7f 7f 7f 7f
7f 7f 7f 7f 7f 7f 7f 7f 7f 7f 7f 7f 7f 7f 7f 7f
f7 f7 f7 f7 f7 f7 f7 f7 f7 f7 f7 f7 f7 f7 f7 f7
f7 f7 f7 f7 f7 f7 f7 f7 f7 f7 f7 f7 f7 f7 f7 f7
7f 7f 7f 7f 7f 7f 7f 7f 7f 7f 7f 7f 7f 7f 7f 7f
7f 7f 7f 7f 7f 7f 7f 7f 7f 7f 7f 7f 7f 7f 7f 7f
f4 f4 f4 f4 f4 f4 f4 f4 f4 f4 f4 f4 f4 f4 f4 f4
f4 f4 f4 f4 f4 f4 f4 f4 f4 f4 f4 f4 f4 f4 f4 f4
40 40 40 40 40 40 40 40 40 40 40 40 40 40 40 40
40 40 40 40 40 40 40 40 40 40 40 40 40 40 40 40
f1 f1 f1 f1 f1 f1 f1 f1 f1 f1 f1 f1 f1 f1 f1 f1
f1 f1 f1 f1 f1 f1 f1 f1 f1 f1 f1 f1 f1 f1 f1 f1
ff ff ff ff ff ff ff ff ff ff ff ff ff ff ff ff
ff ff ff ff ff ff ff ff ff ff ff ff ff ff ff ff
7f 7f 7f 7f 7f 7f 7f 7f 7f 7f 7f 7f 7f 7f 7f 7f
7f 7f 7f 7f 7f 7f 7f 7f 7f 7f 7f 7f 7f 7f 7f 7f
@024000
f4 f4 f4 f4 f4 f4 f4 f4 f4 f4 f4 f4 f4 f4 f4 f4
f4 f4 f4 f4 f4 f4 f4 f4 f4 f4 f4 f4 f4 f4 f4 f4
40 40 40 40 40 40 40 40 40 40 40 40 40 40 40 40
40 40 40 40 40 40 40 40 40 40 40 40 40 40 40 40
f1 f1 f1 f1 f1 f1 f1 f1 f1 f1 f1 f1 f1 f1 f1 f1
f1 f1 f1 f1 f1 f1 f1 f1 f1 f1 f1 f1 f1 f1 f1 f1
ff ff ff ff ff ff ff ff ff ff ff ff ff ff ff ff
ff ff ff ff ff ff ff ff ff ff ff ff ff ff ff ff
7f 7f 7f 7f 7f 7f 7f 7f 7f 7f 7f 7f 7f 7f 7f 7f
7f 7f 7f 7f 7f 7f 7f 7f 7f 7f 7f 7f 7f 7f 7f 7f
fc fc fc fc fc fc fc fc fc fc fc fc fc fc fc fc
fc fc fc fc fc fc fc fc fc fc fc fc fc fc fc fc
7f 7f 7f 7f 7f 7f 7f 7f 7f 7f 7f 7f 7f 7f 7f 7f
7f 7f 7f 7f 7f 7f 7f 7f 7f 7f 7f 7f 7f 7f 7f 7f
f9 f9 f9 f9 f9 f9 f9 f9 f9 f9 f9 f9 f9 f9 f9 f9
f9 f9 f9 f9 f9 f9 f9 f9 f9 f9 f9 f9 f9 f9 f9 f9
7f 7f 7f 7f 7f 7f 7f 7f 7f 7f 7f 7f 7f 7f 7f 7f
7f 7f 7f 7f 7f 7f 7f 7f 7f 7f 7f 7f 7f 7f 7f 7f
f6 f6 f6 f6 f6 f6 f6 f6 f6 f6 f6 f6 f6 f6 f6 f6
f6 f6 f6 f6 f6 f6 f6 f6 f6 f6 f6 f6 f6 f6 f6 f6
7f 7f 7f 7f 7f 7f 7f 7f 7f 7f 7f 7f 7f 7f 7f 7f
7f 7f 7f 7f 7f 7f 7f 7f 7f 7f 7f 7f 7f 7f 7f 7f
f3 f3 f3 f3 f3 f3 f3 f3 f3 f3 f3 f3 f3 f3 f3 f3
f3 f3 f3 f3 f3 f3 f3 f3 f3 f3 f3 f3 f3 f3 f3 f3
20 20 20 20 20 20 20 20 20 20 20 20 20 20 20 20
20 20 20 20 20 20 20 20 20 20 20 20 20 20 20 20
7f 7f 7f 7f 7f 7f 7f 7f 7f 7f 7f 7f 7f 7f 7f 7f
7f 7f 7f 7f 7f 7f 7f 7f 7f 7f 7f 7f 7f 7f 7f 7f
fe fe fe fe fe fe fe fe fe fe fe fe fe fe fe fe
fe fe fe fe fe fe fe fe fe fe fe fe fe fe fe fe
7f 7f 7f 7f 7f 7f 7f 7f 7f 7f 7f 7f 7f 7f 7f 7f
7f 7f 7f 7f 7f 7f 7f 7f 7f 7f 7f 7f 7f 7f 7f 7f
fb fb fb fb fb fb fb fb fb fb fb fb fb fb fb fb
fb fb fb fb fb fb fb fb fb fb fb fb fb fb fb fb
7f 7f 7f 7f 7f 7f 7f 7f 7f 7f 7f 7f 7f 7f 7f 7f
7f 7f 7f 7f 7f 7f 7f 7f 7f 7f 7f 7f 7f 7f 7f 7f
f8 f8 f8 f8 f8 f8 f8 f8 f8 f8 f8 f8 f8 f8 f8 f8
f8 f8 f8 f8 f8 f8 f8 f8 f8 f8 f8 f8 f8 f8 f8 f8
7f 7f 7f 7f 7f 7f 7f 7f 7f 7f 7f 7f 7f 7f 7f 7f
7f 7f 7f 7f 7f 7f 7f 7f 7f 7f 7f 7f 7f 7f 7f 7f
f5 f5 f5 f5 f5 f5 f5 f5 f5 f5 f5 f5 f5 f5 f5 f5
f5 f5 f5 f5 f5 f5 f5 f5 f5 f5 f5 f5 f5 f5 f5 f5
60 60 60 60 60 60 60 60 60 60 60 60 60 60 60 60
60 60 60 60 60 60 60 60 60 60 60 60 60 60 60 60
f2 f2 f2 f2 f2 f2 f2 f2 f2 f2 f2 f2 f2 f2 f2 f2
f2 f2 f2 f2 f2 f2 f2 f2 f2 f2 f2 f2 f2 f2 f2 f2
00 00 00 00 00 00 00 00 00 00 00 00 00 00 00 00
00 00 00 00 00 00 00 00 00 00 00 00 00 00 00 00
7f 7f 7f 7f 7f 7f 7f 7f 7f 7f 7f 7f 7f 7f 7f 7f
7f 7f 7f 7f 7f 7f 7f 7f 7f 7f 7f 7f 7f 7f 7f 7f
fd fd fd fd fd fd fd fd fd fd fd fd fd fd fd fd
fd fd fd fd fd fd fd fd fd fd fd fd fd fd fd fd
7f 7f 7f 7f 7f 7f 7f 7f 7f 7f 7f 7f 7f 7f 7f 7f
7f 7f 7f 7f 7f 7f 7f 7f 7f 7f 7f 7f 7f 7f 7f 7f
fa fa fa fa fa fa fa fa fa fa fa fa fa fa fa fa
fa fa fa fa fa fa fa fa fa fa fa fa fa fa fa fa
7f 7f 7f 7f 7f 7f 7f 7f 7f 7f 7f 7f 7f 7f 7f 7f
7f 7f 7f 7f 7f 7f 7f 7f 7f 7f 7f 7f 7f 7f 7f 7f
f7 f7 f7 f7 f7 f7 f7 f7 f7 f7 f7 f7 f7 f7 f7 f7
f7 f7 f7 f7 f7 f7 f7 f7 f7 f7 f7 f7 f7 f7 f7 f7
7f 7f 7f 7f 7f 7f 7f 7f 7f 7f 7f 7f 7f 7f 7f 7f
7f 7f 7f 7f 7f 7f 7f 7f 7f 7f 7f 7f 7f 7f 7f 7f
f4 f4 f4 f4 f4 f4 f4 f4 f4 f4 f4 f4 f4 f4 f4 f4
f4 f4 f4 f4 f4 f4 f4 f4 f4 f4 f4 f4 f4 f4 f4 f4
40 40 40 40 40 40 40 40 40 40 40 40 40 40 40 40
40 40 40 40 40 40 40 40 40 40 40 40 40 40 40 40
f1 f1 f1 f1 f1 f1 f1 f1 f1 f1 f1 f1 f1 f1 f1 f1
f1 f1 f1 f1 f1 f1 f1 f1 f1 f1 f1 f1 f1 f1 f1 f1
ff ff ff ff ff ff ff ff ff ff ff ff ff ff ff ff
ff ff ff ff ff ff ff ff ff ff ff ff ff ff ff ff
7f 7f 7f 7f 7f 7f 7f 7f 7f 7f 7f 7f 7f 7f 7f 7f
7f 7f 7f 7f 7f 7f 7f 7f 7f 7f 7f 7f 7f 7f 7f 7f
fc fc fc fc fc fc fc fc fc fc fc fc fc fc fc fc
fc fc fc fc fc fc fc fc fc fc fc fc fc fc fc fc
7f 7f 7f 7f 7f 7f 7f 7f 7f 7f 7f 7f 7f 7f 7f 7f
7f 7f 7f 7f 7f 7f 7f 7f 7f 7f 7f 7f 7f 7f 7f 7f
f9 f9 f9 f9 f9 f9 f9 f9 f9 f9 f9 f9 f9 f9 f9 f9
f9 f9 f9 f9 f9 f9 f9 f9 f9 f9 f9 f9 f9 f9 f9 f9
7f 7f 7f 7f 7f 7f 7f 7f 7f 7f 7f 7f 7f 7f 7f 7f
7f 7f 7f 7f 7f 7f 7f 7f 7f 7f 7f 7f 7f 7f 7f 7f
f6 f6 f6 f6 f6 f6 f6 f6 f6 f6 f6 f6 f6 f6 f6 f6
f6 f6 f6 f6 f6 f6 f6 f6 f6 f6 f6 f6 f6 f6 f6 f6
7f 7f 7f 7f 7f 7f 7f 7f 7f 7f 7f 7f 7f 7f 7f 7f
7f 7f 7f 7f 7f 7f 7f 7f 7f 7f 7f 7f 7f 7f 7f 7f
f3 f3 f3 f3 f3 f3 f3 f3 f3 f3 f3 f3 f3 f3 f3 f3
f3 f3 f3 f3 f3 f3 f3 f3 f3 f3 f3 f3 f3 f3 f3 f3
20 20 20 20 20 20 20 20 20 20 20 20 20 20 20 20
20 20 20 20 20 20 20 20 20 20 20 20 20 20 20 20
7f 7f 7f 7f 7f 7f 7f 7f 7f 7f 7f 7f 7f 7f 7f 7f
7f 7f 7f 7f 7f 7f 7f 7f 7f 7f 7f 7f 7f 7f 7f 7f
fe fe fe fe fe fe fe fe fe fe fe fe fe fe fe fe
fe fe fe fe fe fe fe fe fe fe fe fe fe fe fe fe
7f 7f 7f 7f 7f 7f 7f 7f 7f 7f 7f 7f 7f 7f 7f 7f
7f 7f 7f 7f 7f 7f 7f 7f 7f 7f 7f 7f 7f 7f 7f 7f
fb fb fb fb fb fb fb fb fb fb fb fb fb fb fb fb
fb fb fb fb fb fb fb fb fb fb fb fb fb fb fb fb
7f 7f 7f 7f 7f 7f 7f 7f 7f 7f 7f 7f 7f 7f 7f 7f
7f 7f 7f 7f 7f 7f 7f 7f 7f 7f 7f 7f 7f 7f 7f 7f
f8 f8 f8 f8 f8 f8 f8 f8 f8 f8 f8 f8 f8 f8 f8 f8
f8 f8 f8 f8 f8 f8 f8 f8 f8 f8 f8 f8 f8 f8 f8 f8
7f 7f 7f 7f 7f 7f 7f 7f 7f 7f 7f 7f 7f 7f 7f 7f
7f 7f 7f 7f 7f 7f 7f 7f 7f 7f 7f 7f 7f 7f 7f 7f
f5 f5 f5 f5 f5 f5 f5 f5 f5 f5 f5 f5 f5 f5 f5 f5
f5 f5 f5 f5 f5 f5 f5 f5 f5 f5 f5 f5 f5 f5 f5 f5
60 60 60 60 60 60 60 60 60 60 60 60 60 60 60 60
60 60 60 60 60 60 60 60 60 60 60 60 60 60 60 60
f2 f2 f2 f2 f2 f2 f2 f2 f2 f2 f2 f2 f2 f2 f2 f2
f2 f2 f2 f2 f2 f2 f2 f2 f2 f2 f2 f2 f2 f2 f2 f2
00 00 00 00 00 00 00 00 00 00 00 00 00 00 00 00
00 00 00 00 00 00 00 00 00 00 00 00 00 00 00 00
7f 7f 7f 7f 7f 7f 7f 7f 7f 7f 7f 7f 7f 7f 7f 7f
7f 7f 7f 7f 7f 7f 7f 7f 7f 7f 7f 7f 7f 7f 7f 7f
fd fd fd fd fd fd fd fd fd fd fd fd fd fd fd fd
fd fd fd fd fd fd fd fd fd fd fd fd fd fd fd fd
7f 7f 7f 7f 7f 7f 7f 7f 7f 7f 7f 7f 7f 7f 7f 7f
7f 7f 7f 7f 7f 7f 7f 7f 7f 7f 7f 7f 7f 7f 7f 7f
fa fa fa fa fa fa fa fa fa fa fa fa fa fa fa fa
fa fa fa fa fa fa fa fa fa fa fa fa fa fa fa fa
7f 7f 7f 7f 7f 7f 7f 7f 7f 7f 7f 7f 7f 7f 7f 7f
7f 7f 7f 7f 7f 7f 7f 7f 7f 7f 7f 7f 7f 7f 7f 7f
f7 f7 f7 f7 f7 f7 f7 f7 f7 f7 f7 f7 f7 f7 f7 f7
f7 f7 f7 f7 f7 f7 f7 f7 f7 f7 f7 f7 f7 f7 f7 f7
7f 7f 7f 7f 7f 7f 7f 7f 7f 7f 7f 7f 7f 7f 7f 7f
7f 7f 7f 7f 7f 7f 7f 7f 7f 7f 7f 7f 7f 7f 7f 7f
f4 f4 f4 f4 f4 f4 f4 f4 f4 f4 f4 f4 f4 f4 f4 f4
f4 f4 f4 f4 f4 f4 f4 f4 f4 f4 f4 f4 f4 f4 f4 f4
40 40 40 40 40 40 40 40 40 40 40 40 40 40 40 40
40 40 40 40 40 40 40 40 40 40 40 40 40 40 40 40
f1 f1 f1 f1 f1 f1 f1 f1 f1 f1 f1 f1 f1 f1 f1 f1
f1 f1 f1 f1 f1 f1 f1 f1 f1 f1 f1 f1 f1 f1 f1 f1
ff ff ff ff ff ff ff ff ff ff ff ff ff ff ff ff
ff ff ff ff ff ff ff ff ff ff ff ff ff ff ff ff
7f 7f 7f 7f 7f 7f 7f 7f 7f 7f 7f 7f 7f 7f 7f 7f
7f 7f 7f 7f 7f 7f 7f 7f 7f 7f 7f 7f 7f 7f 7f 7f
fc fc fc fc fc fc fc fc fc fc fc fc fc fc fc fc
fc fc fc fc fc fc fc fc fc fc fc fc fc fc fc fc
7f 7f 7f 7f 7f 7f 7f 7f 7f 7f 7f 7f 7f 7f 7f 7f
7f 7f 7f 7f 7f 7f 7f 7f 7f 7f 7f 7f 7f 7f 7f 7f
f9 f9 f9 f9 f9 f9 f9 f9 f9 f9 f9 f9 f9 f9 f9 f9
f9 f9 f9 f9 f9 f9 f9 f9 f9 f9 f9 f9 f9 f9 f9 f9
7f 7f 7f 7f 7f 7f 7f 7f 7f 7f 7f 7f 7f 7f 7f 7f
7f 7f 7f 7f 7f 7f 7f 7f 7f 7f 7f 7f 7f 7f 7f 7f
f6 f6 f6 f6 f6 f6 f6 f6 f6 f6 f6 f6 f6 f6 f6 f6
f6 f6 f6 f6 f6 f6 f6 f6 f6 f6 f6 f6 f6 f6 f6 f6
7f 7f 7f 7f 7f 7f 7f 7f 7f 7f 7f 7f 7f 7f 7f 7f
7f 7f 7f 7f 7f 7f 7f 7f 7f 7f 7f 7f 7f 7f 7f 7f
f3 f3 f3 f3 f3 f3 f3 f3 f3 f3 f3 f3 f3 f3 f3 f3
f3 f3 f3 f3 f3 f3 f3 f3 f3 f3 f3 f3 f3 f3 f3 f3
20 20 20 20 20 20 20 20 20 20 20 20 20 20 20 20
20 20 20 20 20 20 20 20 20 20 20 20 20 20 20 20
7f 7f 7f 7f 7f 7f 7f 7f 7f 7f 7f 7f 7f 7f 7f 7f
7f 7f 7f 7f 7f 7f 7f 7f 7f 7f 7f 7f 7f 7f 7f 7f
fe fe fe fe fe fe fe fe fe fe fe fe fe fe fe fe
fe fe fe fe fe fe fe fe fe fe fe fe fe fe fe fe
7f 7f 7f 7f 7f 7f 7f 7f 7f 7f 7f 7f 7f 7f 7f 7f
7f 7f 7f 7f 7f 7f 7f 7f 7f 7f 7f 7f 7f 7f 7f 7f
fb fb fb fb fb fb fb fb fb fb fb fb fb fb fb fb
fb fb fb fb fb fb fb fb fb fb fb fb fb fb fb fb
7f 7f 7f 7f 7f 7f 7f 7f 7f 7f 7f 7f 7f 7f 7f 7f
7f 7f 7f 7f 7f 7f 7f 7f 7f 7f 7f 7f 7f 7f 7f 7f
f8 f8 f8 f8 f8 f8 f8 f8 f8 f8 f8 f8 f8 f8 f8 f8
f8 f8 f8 f8 f8 f8 f8 f8 f8 f8 f8 f8 f8 f8 f8 f8
7f 7f 7f 7f 7f 7f 7f 7f 7f 7f 7f 7f 7f 7f 7f 7f
7f 7f 7f 7f 7f 7f 7f 7f 7f 7f 7f 7f 7f 7f 7f 7f
f5 f5 f5 f5 f5 f5 f5 f5 f5 f5 f5 f5 f5 f5 f5 f5
f5 f5 f5 f5 f5 f5 f5 f5 f5 f5 f5 f5 f5 f5 f5 f5
60 60 60 60 60 60 60 60 60 60 60 60 60 60 60 60
60 60 60 60 60 60 60 60 60 60 60 60 60 60 60 60
f2 f2 f2 f2 f2 f2 f2 f2 f2 f2 f2 f2 f2 f2 f2 f2
f2 f2 f2 f2 f2 f2 f2 f2 f2 f2 f2 f2 f2 f2 f2 f2
00 00 00 00 00 00 00 00 00 00 00 00 00 00 00 00
00 00 00 00 00 00 00 00 00 00 00 00 00 00 00 00
7f 7f 7f 7f 7f 7f 7f 7f 7f 7f 7f 7f 7f 7f 7f 7f
7f 7f 7f 7f 7f 7f 7f 7f 7f 7f 7f 7f 7f 7f 7f 7f
fd fd fd fd fd fd fd fd fd fd fd fd fd fd fd fd
fd fd fd fd fd fd fd fd fd fd fd fd fd fd fd fd
7f 7f 7f 7f 7f 7f 7f 7f 7f 7f 7f 7f 7f 7f 7f 7f
7f 7f 7f 7f 7f 7f 7f 7f 7f 7f 7f 7f 7f 7f 7f 7f
fa fa fa fa fa fa fa fa fa fa fa fa fa fa fa fa
fa fa fa fa fa fa fa fa fa fa fa fa fa fa fa fa
7f 7f 7f 7f 7f 7f 7f 7f 7f 7f 7f 7f 7f 7f 7f 7f
7f 7f 7f 7f 7f 7f 7f 7f 7f 7f 7f 7f 7f 7f 7f 7f
f7 f7 f7 f7 f7 f7 f7 f7 f7 f7 f7 f7 f7 f7 f7 f7
f7 f7 f7 f7 f7 f7 f7 f7 f7 f7 f7 f7 f7 f7 f7 f7
7f 7f 7f 7f 7f 7f 7f 7f 7f 7f 7f 7f 7f 7f 7f 7f
7f 7f 7f 7f 7f 7f 7f 7f 7f 7f 7f 7f 7f 7f 7f 7f
f4 f4 f4 f4 f4 f4 f4 f4 f4 f4 f4 f4 f4 f4 f4 f4
f4 f4 f4 f4 f4 f4 f4 f4 f4 f4 f4 f4 f4 f4 f4 f4
40 40 40 40 40 40 40 40 40 40 40 40 40 40 40 40
40 40 40 40 40 40 40 40 40 40 40 40 40 40 40 40
f1 f1 f1 f1 f1 f1 f1 f1 f1 f1 f1 f1 f1 f1 f1 f1
f1 f1 f1 f1 f1 f1 f1 f1 f1 f1 f1 f1 f1 f1 f1 f1
ff ff ff ff ff ff ff ff ff ff ff ff ff ff ff ff
ff ff ff ff ff ff ff ff ff ff ff ff ff ff ff ff
7f 7f 7f 7f 7f 7f 7f 7f 7f 7f 7f 7f 7f 7f 7f 7f
7f 7f 7f 7f 7f 7f 7f 7f 7f 7f 7f 7f 7f 7f 7f 7f
fc fc fc fc fc fc fc fc fc fc fc fc fc fc fc fc
fc fc fc fc fc fc fc fc fc fc fc fc fc fc fc fc
7f 7f 7f 7f 7f 7f 7f 7f 7f 7f 7f 7f 7f 7f 7f 7f
7f 7f 7f 7f 7f 7f 7f 7f 7f 7f 7f 7f 7f 7f 7f 7f
f9 f9 f9 f9 f9 f9 f9 f9 f9 f9 f9 f9 f9 f9 f9 f9
f9 f9 f9 f9 f9 f9 f9 f9 f9 f9 f9 f9 f9 f9 f9 f9
7f 7f 7f 7f 7f 7f 7f 7f 7f 7f 7f 7f 7f 7f 7f 7f
7f 7f 7f 7f 7f 7f 7f 7f 7f 7f 7f 7f 7f 7f 7f 7f
f6 f6 f6 f6 f6 f6 f6 f6 f6 f6 f6 f6 f6 f6 f6 f6
f6 f6 f6 f6 f6 f6 f6 f6 f6 f6 f6 f6 f6 f6 f6 f6
7f 7f 7f 7f 7f 7f 7f 7f 7f 7f 7f 7f 7f 7f 7f 7f
7f 7f 7f 7f 7f 7f 7f 7f 7f 7f 7f 7f 7f 7f 7f 7f
f3 f3 f3 f3 f3 f3 f3 f3 f3 f3 f3 f3 f3 f3 f3 f3
f3 f3 f3 f3 f3 f3 f3 f3 f3 f3 f3 f3 f3 f3 f3 f3
20 20 20 20 20 20 20 20 20 20 20 20 20 20 20 20
20 20 20 20 20 20 20 20 20 20 20 20 20 20 20 20
7f 7f 7f 7f 7f 7f 7f 7f 7f 7f 7f 7f 7f 7f 7f 7f
7f 7f 7f 7f 7f 7f 7f 7f 7f 7f 7f 7f 7f 7f 7f 7f
fe fe fe fe fe fe fe fe fe fe fe fe fe fe fe fe
fe fe fe fe fe fe fe fe fe fe fe fe fe fe fe fe
7f 7f 7f 7f 7f 7f 7f 7f 7f 7f 7f 7f 7f 7f 7f 7f
7f 7f 7f 7f 7f 7f 7f 7f 7f 7f 7f 7f 7f 7f 7f 7f
fb fb fb fb fb fb fb fb fb fb fb fb fb fb fb fb
fb fb fb fb fb fb fb fb fb fb fb fb fb fb fb fb
7f 7f 7f 7f 7f 7f 7f 7f 7f 7f 7f 7f 7f 7f 7f 7f
7f 7f 7f 7f 7f 7f 7f 7f 7f 7f 7f 7f 7f 7f 7f 7f
f8 f8 f8 f8 f8 f8 f8 f8 f8 f8 f8 f8 f8 f8 f8 f8
f8 f8 f8 f8 f8 f8 f8 f8 f8 f8 f8 f8 f8 f8 f8 f8
7f 7f 7f 7f 7f 7f 7f 7f 7f 7f 7f 7f 7f 7f 7f 7f
7f 7f 7f 7f 7f 7f 7f 7f 7f 7f 7f 7f 7f 7f 7f 7f
f5 f5 f5 f5 f5 f5 f5 f5 f5 f5 f5 f5 f5 f5 f5 f5
f5 f5 f5 f5 f5 f5 f5 f5 f5 f5 f5 f5 f5 f5 f5 f5
60 60 60 60 60 60 60 60 60 60 60 60 60 60 60 60
60 60 60 60 60 60 60 60 60 60 60 60 60 60 60 60
f2 f2 f2 f2 f2 f2 f2 f2 f2 f2 f2 f2 f2 f2 f2 f2
f2 f2 f2 f2 f2 f2 f2 f2 f2 f2 f2 f2 f2 f2 f2 f2
00 00 00 00 00 00 00 00 00 00 00 00 00 00 00 00
00 00 00 00 00 00 00 00 00 00 00 00 00 00 00 00
7f 7f 7f 7f 7f 7f 7f 7f 7f 7f 7f 7f 7f 7f 7f 7f
7f 7f 7f 7f 7f 7f 7f 7f 7f 7f 7f 7f 7f 7f 7f 7f
fd fd fd fd fd fd fd fd fd fd fd fd fd fd fd fd
fd fd fd fd fd fd fd fd fd fd fd fd fd fd fd fd
7f 7f 7f 7f 7f 7f 7f 7f 7f 7f 7f 7f 7f 7f 7f 7f
7f 7f 7f 7f 7f 7f 7f 7f 7f 7f 7f 7f 7f 7f 7f 7f
fa fa fa fa fa fa fa fa fa fa fa fa fa fa fa fa
fa fa fa fa fa fa fa fa fa fa fa fa fa fa fa fa
7f 7f 7f 7f 7f 7f 7f 7f 7f 7f 7f 7f 7f 7f 7f 7f
7f 7f 7f 7f 7f 7f 7f 7f 7f 7f 7f 7f 7f 7f 7f 7f
f7 f7 f7 f7 f7 f7 f7 f7 f7 f7 f7 f7 f7 f7 f7 f7
f7 f7 f7 f7 f7 f7 f7 f7 f7 f7 f7 f7 f7 f7 f7 f7
7f 7f 7f 7f 7f 7f 7f 7f 7f 7f 7f 7f 7f 7f 7f 7f
7f 7f 7f 7f 7f 7f 7f 7f 7f 7f 7f 7f 7f 7f 7f 7f
f4 f4 f4 f4 f4 f4 f4 f4 f4 f4 f4 f4 f4 f4 f4 f4
f4 f4 f4 f4 f4 f4 f4 f4 f4 f4 f4 f4 f4 f4 f4 f4
40 40 40 40 40 40 40 40 40 40 40 40 40 40 40 40
40 40 40 40 40 40 40 40 40 40 40 40 40 40 40 40
f1 f1 f1 f1 f1 f1 f1 f1 f1 f1 f1 f1 f1 f1 f1 f1
f1 f1 f1 f1 f1 f1 f1 f1 f1 f1 f1 f1 f1 f1 f1 f1
ff ff ff ff ff ff ff ff ff ff ff ff ff ff ff ff
ff ff ff ff ff ff ff ff ff ff ff ff ff ff ff ff
7f 7f 7f 7f 7f 7f 7f 7f 7f 7f 7f 7f 7f 7f 7f 7f
7f 7f 7f 7f 7f 7f 7f 7f 7f 7f 7f 7f 7f 7f 7f 7f
fc fc fc fc fc fc fc fc fc fc fc fc fc fc fc fc
fc fc fc fc fc fc fc fc fc fc fc fc fc fc fc fc
7f 7f 7f 7f 7f 7f 7f 7f 7f 7f 7f 7f 7f 7f 7f 7f
7f 7f 7f 7f 7f 7f 7f 7f 7f 7f 7f 7f 7f 7f 7f 7f
f9 f9 f9 f9 f9 f9 f9 f9 f9 f9 f9 f9 f9 f9 f9 f9
f9 f9 f9 f9 f9 f9 f9 f9 f9 f9 f9 f9 f9 f9 f9 f9
7f 7f 7f 7f 7f 7f 7f 7f 7f 7f 7f 7f 7f 7f 7f 7f
7f 7f 7f 7f 7f 7f 7f 7f 7f 7f 7f 7f 7f 7f 7f 7f
f6 f6 f6 f6 f6 f6 f6 f6 f6 f6 f6 f6 f6 f6 f6 f6
f6 f6 f6 f6 f6 f6 f6 f6 f6 f6 f6 f6 f6 f6 f6 f6
7f 7f 7f 7f 7f 7f 7f 7f 7f 7f 7f 7f 7f 7f 7f 7f
7f 7f 7f 7f 7f 7f 7f 7f 7f 7f 7f 7f 7f 7f 7f 7f
f3 f3 f3 f3 f3 f3 f3 f3 f3 f3 f3 f3 f3 f3 f3 f3
f3 f3 f3 f3 f3 f3 f3 f3 f3 f3 f3 f3 f3 f3 f3 f3
20 20 20 20 20 20 20 20 20 20 20 20 20 20 20 20
20 20 20 20 20 20 20 20 20 20 20 20 20 20 20 20
7f 7f 7f 7f 7f 7f 7f 7f 7f 7f 7f 7f 7f 7f 7f 7f
7f 7f 7f 7f 7f 7f 7f 7f 7f 7f 7f 7f 7f 7f 7f 7f
fe fe fe fe fe fe fe fe fe fe fe fe fe fe fe fe
fe fe fe fe fe fe fe fe fe fe fe fe fe fe fe fe
7f 7f 7f 7f 7f 7f 7f 7f 7f 7f 7f 7f 7f 7f 7f 7f
7f 7f 7f 7f 7f 7f 7f 7f 7f 7f 7f 7f 7f 7f 7f 7f
fb fb fb fb fb fb fb fb fb fb fb fb fb fb fb fb
fb fb fb fb fb fb fb fb fb fb fb fb fb fb fb fb
7f 7f 7f 7f 7f 7f 7f 7f 7f 7f 7f 7f 7f 7f 7f 7f
7f 7f 7f 7f 7f 7f 7f 7f 7f 7f 7f 7f 7f 7f 7f 7f
f8 f8 f8 f8 f8 f8 f8 f8 f8 f8 f8 f8 f8 f8 f8 f8
f8 f8 f8 f8 f8 f8 f8 f8 f8 f8 f8 f8 f8 f8 f8 f8
7f 7f 7f 7f 7f 7f 7f 7f 7f 7f 7f 7f 7f 7f 7f 7f
7f 7f 7f 7f 7f 7f 7f 7f 7f 7f 7f 7f 7f 7f 7f 7f
f5 f5 f5 f5 f5 f5 f5 f5 f5 f5 f5 f5 f5 f5 f5 f5
f5 f5 f5 f5 f5 f5 f5 f5 f5 f5 f5 f5 f5 f5 f5 f5
60 60 60 60 60 60 60 60 60 60 60 60 60 60 60 60
60 60 60 60 60 60 60 60 60 60 60 60 60 60 60 60
f2 f2 f2 f2 f2 f2 f2 f2 f2 f2 f2 f2 f2 f2 f2 f2
f2 f2 f2 f2 f2 f2 f2 f2 f2 f2 f2 f2 f2 f2 f2 f2
00 00 00 00 00 00 00 00 00 00 00 00 00 00 00 00
00 00 00 00 00 00 00 00 00 00 00 00 00 00 00 00
7f 7f 7f 7f 7f 7f 7f 7f 7f 7f 7f 7f 7f 7f 7f 7f
7f 7f 7f 7f 7f 7f 7f 7f 7f 7f 7f 7f 7f 7f 7f 7f
fd fd fd fd fd fd fd fd fd fd fd fd fd fd fd fd
fd fd fd fd fd fd fd fd fd fd fd fd fd fd fd fd
7f 7f 7f 7f 7f 7f 7f 7f 7f 7f 7f 7f 7f 7f 7f 7f
7f 7f 7f 7f 7f 7f 7f 7f 7f 7f 7f 7f 7f 7f 7f 7f
fa fa fa fa fa fa fa fa fa fa fa fa fa fa fa fa
fa fa fa fa fa fa fa fa fa fa fa fa fa fa fa fa
7f 7f 7f 7f 7f 7f 7f 7f 7f 7f 7f 7f 7f 7f 7f 7f
7f 7f 7f 7f 7f 7f 7f 7f 7f 7f 7f 7f 7f 7f 7f 7f
f7 f7 f7 f7 f7 f7 f7 f7 f7 f7 f7 f7 f7 f7 f7 f7
f7 f7 f7 f7 f7 f7 f7 f7 f7 f7 f7 f7 f7 f7 f7 f7
7f 7f 7f 7f 7f 7f 7f 7f 7f 7f 7f 7f 7f 7f 7f 7f
7f 7f 7f 7f 7f 7f 7f 7f 7f 7f 7f 7f 7f 7f 7f 7f
f4 f4 f4 f4 f4 f4 f4 f4 f4 f4 f4 f4 f4 f4 f4 f4
f4 f4 f4 f4 f4 f4 f4 f4 f4 f4 f4 f4 f4 f4 f4 f4
40 40 40 40 40 40 40 40 40 40 40 40 40 40 40 40
40 40 40 40 40 40 40 40 40 40 40 40 40 40 40 40
f1 f1 f1 f1 f1 f1 f1 f1 f1 f1 f1 f1 f1 f1 f1 f1
f1 f1 f1 f1 f1 f1 f1 f1 f1 f1 f1 f1 f1 f1 f1 f1
ff ff ff ff ff ff ff ff ff ff ff ff ff ff ff ff
ff ff ff ff ff ff ff ff ff ff ff ff ff ff ff ff
7f 7f 7f 7f 7f 7f 7f 7f 7f 7f 7f 7f 7f 7f 7f 7f
7f 7f 7f 7f 7f 7f 7f 7f 7f 7f 7f 7f 7f 7f 7f 7f
@026000
f4 f4 f4 f4 f4 f4 f4 f4 40 40 40 40 40 40 40 40
f1 f1 f1 f1 f1 f1 f1 f1 ff ff ff ff ff ff ff ff
7f 7f 7f 7f 7f 7f 7f 7f fc fc fc fc fc fc fc fc
7f 7f 7f 7f 7f 7f 7f 7f f9 f9 f9 f9 f9 f9 f9 f9
7f 7f 7f 7f 7f 7f 7f 7f f6 f6 f6 f6 f6 f6 f6 f6
7f 7f 7f 7f 7f 7f 7f 7f f3 f3 f3 f3 f3 f3 f3 f3
20 20 20 20 20 20 20 20 7f 7f 7f 7f 7f 7f 7f 7f
fe fe fe fe fe fe fe fe 7f 7f 7f 7f 7f 7f 7f 7f
fb fb fb fb fb fb fb fb 7f 7f 7f 7f 7f 7f 7f 7f
f8 f8 f8 f8 f8 f8 f8 f8 7f 7f 7f 7f 7f 7f 7f 7f
f5 f5 f5 f5 f5 f5 f5 f5 60 60 60 60 60 60 60 60
f2 f2 f2 f2 f2 f2 f2 f2 00 00 00 00 00 00 00 00
7f 7f 7f 7f 7f 7f 7f 7f fd fd fd fd fd fd fd fd
7f 7f 7f 7f 7f 7f 7f 7f fa fa fa fa fa fa fa fa
7f 7f 7f 7f 7f 7f 7f 7f f7 f7 f7 f7 f7 f7 f7 f7
7f 7f 7f 7f 7f 7f 7f 7f f4 f4 f4 f4 f4 f4 f4 f4
40 40 40 40 40 40 40 40 f1 f1 f1 f1 f1 f1 f1 f1
ff ff ff ff ff ff ff ff 7f 7f 7f 7f 7f 7f 7f 7f
fc fc fc fc fc fc fc fc 7f 7f 7f 7f 7f 7f 7f 7f
f9 f9 f9 f9 f9 f9 f9 f9 7f 7f 7f 7f 7f 7f 7f 7f
f6 f6 f6 f6 f6 f6 f6 f6 7f 7f 7f 7f 7f 7f 7f 7f
f3 f3 f3 f3 f3 f3 f3 f3 20 20 20 20 20 20 20 20
7f 7f 7f 7f 7f 7f 7f 7f fe fe fe fe fe fe fe fe
7f 7f 7f 7f 7f 7f 7f 7f fb fb fb fb fb fb fb fb
7f 7f 7f 7f 7f 7f 7f 7f f8 f8 f8 f8 f8 f8 f8 f8
7f 7f 7f 7f 7f 7f 7f 7f f5 f5 f5 f5 f5 f5 f5 f5
60 60 60 60 60 60 60 60 f2 f2 f2 f2 f2 f2 f2 f2
00 00 00 00 00 00 00 00 7f 7f 7f 7f 7f 7f 7f 7f
fd fd fd fd fd fd fd fd 7f 7f 7f 7f 7f 7f 7f 7f
fa fa fa fa fa fa fa fa 7f 7f 7f 7f 7f 7f 7f 7f
f7 f7 f7 f7 f7 f7 f7 f7 7f 7f 7f 7f 7f 7f 7f 7f
f4 f4 f4 f4 f4 f4 f4 f4 40 40 40 40 40 40 40 40
f1 f1 f1 f1 f1 f1 f1 f1 ff ff ff ff ff ff ff ff
7f 7f 7f 7f 7f 7f 7f 7f fc fc fc fc fc fc fc fc
7f 7f 7f 7f 7f 7f 7f 7f f9 f9 f9 f9 f9 f9 f9 f9
7f 7f 7f 7f 7f 7f 7f 7f f6 f6 f6 f6 f6 f6 f6 f6
7f 7f 7f 7f 7f 7f 7f 7f f3 f3 f3 f3 f3 f3 f3 f3
20 20 20 20 20 20 20 20 7f 7f 7f 7f 7f 7f 7f 7f
fe fe fe fe fe fe fe fe 7f 7f 7f 7f 7f 7f 7f 7f
fb fb fb fb fb fb fb fb 7f 7f 7f 7f 7f 7f 7f 7f
f8 f8 f8 f8 f8 f8 f8 f8 7f 7f 7f 7f 7f 7f 7f 7f
f5 f5 f5 f5 f5 f5 f5 f5 60 60 60 60 60 60 60 60
f2 f2 f2 f2 f2 f2 f2 f2 00 00 00 00 00 00 00 00
7f 7f 7f 7f 7f 7f 7f 7f fd fd fd fd fd fd fd fd
7f 7f 7f 7f 7f 7f 7f 7f fa fa fa fa fa fa fa fa
7f 7f 7f 7f 7f 7f 7f 7f f7 f7 f7 f7 f7 f7 f7 f7
7f 7f 7f 7f 7f 7f 7f 7f f4 f4 f4 f4 f4 f4 f4 f4
40 40 40 40 40 40 40 40 f1 f1 f1 f1 f1 f1 f1 f1
ff ff ff ff ff ff ff ff 7f 7f 7f 7f 7f 7f 7f 7f
fc fc fc fc fc fc fc fc 7f 7f 7f 7f 7f 7f 7f 7f
f9 f9 f9 f9 f9 f9 f9 f9 7f 7f 7f 7f 7f 7f 7f 7f
f6 f6 f6 f6 f6 f6 f6 f6 7f 7f 7f 7f 7f 7f 7f 7f
f3 f3 f3 f3 f3 f3 f3 f3 20 20 20 20 20 20 20 20
7f 7f 7f 7f 7f 7f 7f 7f fe fe fe fe fe fe fe fe
7f 7f 7f 7f 7f 7f 7f 7f fb fb fb fb fb fb fb fb
7f 7f 7f 7f 7f 7f 7f 7f f8 f8 f8 f8 f8 f8 f8 f8
7f 7f 7f 7f 7f 7f 7f 7f f5 f5 f5 f5 f5 f5 f5 f5
60 60 60 60 60 60 60 60 f2 f2 f2 f2 f2 f2 f2 f2
00 00 00 00 00 00 00 00 7f 7f 7f 7f 7f 7f 7f 7f
fd fd fd fd fd fd fd fd 7f 7f 7f 7f 7f 7f 7f 7f
fa fa fa fa fa fa fa fa 7f 7f 7f 7f 7f 7f 7f 7f
f7 f7 f7 f7 f7 f7 f7 f7 7f 7f 7f 7f 7f 7f 7f 7f
f4 f4 f4 f4 f4 f4 f4 f4 40 40 40 40 40 40 40 40
f1 f1 f1 f1 f1 f1 f1 f1 ff ff ff ff ff ff ff ff
7f 7f 7f 7f 7f 7f 7f 7f fc fc fc fc fc fc fc fc
7f 7f 7f 7f 7f 7f 7f 7f f9 f9 f9 f9 f9 f9 f9 f9
7f 7f 7f 7f 7f 7f 7f 7f f6 f6 f6 f6 f6 f6 f6 f6
7f 7f 7f 7f 7f 7f 7f 7f f3 f3 f3 f3 f3 f3 f3 f3
20 20 20 20 20 20 20 20 7f 7f 7f 7f 7f 7f 7f 7f
fe fe fe fe fe fe fe fe 7f 7f 7f 7f 7f 7f 7f 7f
fb fb fb fb fb fb fb fb 7f 7f 7f 7f 7f 7f 7f 7f
f8 f8 f8 f8 f8 f8 f8 f8 7f 7f 7f 7f 7f 7f 7f 7f
f5 f5 f5 f5 f5 f5 f5 f5 60 60 60 60 60 60 60 60
f2 f2 f2 f2 f2 f2 f2 f2 00 00 00 00 00 00 00 00
7f 7f 7f 7f 7f 7f 7f 7f fd fd fd fd fd fd fd fd
7f 7f 7f 7f 7f 7f 7f 7f fa fa fa fa fa fa fa fa
7f 7f 7f 7f 7f 7f 7f 7f f7 f7 f7 f7 f7 f7 f7 f7
7f 7f 7f 7f 7f 7f 7f 7f f4 f4 f4 f4 f4 f4 f4 f4
40 40 40 40 40 40 40 40 f1 f1 f1 f1 f1 f1 f1 f1
ff ff ff ff ff ff ff ff 7f 7f 7f 7f 7f 7f 7f 7f
@028000
00 00 00 00 00 00 00 00 00 00 00 00 00 00 00 00
00 00 00 00 00 00 00 00 00 00 00 00 00 00 00 00
40 40 40 40 40 40 40 40 40 40 40 40 40 40 40 40
40 40 40 40 40 40 40 40 40 40 40 40 40 40 40 40
00 00 00 00 00 00 00 00 00 00 00 00 00 00 00 00
00 00 00 00 00 00 00 00 00 00 00 00 00 00 00 00
00 00 00 00 00 00 00 00 00 00 00 00 00 00 00 00
00 00 00 00 00 00 00 00 00 00 00 00 00 00 00 00
7f 7f 7f 7f 7f 7f 7f 7f 7f 7f 7f 7f 7f 7f 7f 7f
7f 7f 7f 7f 7f 7f 7f 7f 7f 7f 7f 7f 7f 7f 7f 7f
00 00 00 00 00 00 00 00 00 00 00 00 00 00 00 00
00 00 00 00 00 00 00 00 00 00 00 00 00 00 00 00
7f 7f 7f 7f 7f 7f 7f 7f 7f 7f 7f 7f 7f 7f 7f 7f
7f 7f 7f 7f 7f 7f 7f 7f 7f 7f 7f 7f 7f 7f 7f 7f
00 00 00 00 00 00 00 00 00 00 00 00 00 00 00 00
00 00 00 00 00 00 00 00 00 00 00 00 00 00 00 00
7f 7f 7f 7f 7f 7f 7f 7f 7f 7f 7f 7f 7f 7f 7f 7f
7f 7f 7f 7f 7f 7f 7f 7f 7f 7f 7f 7f 7f 7f 7f 7f
00 00 00 00 00 00 00 00 00 00 00 00 00 00 00 00
00 00 00 00 00 00 00 00 00 00 00 00 00 00 00 00
7f 7f 7f 7f 7f 7f 7f 7f 7f 7f 7f 7f 7f 7f 7f 7f
7f 7f 7f 7f 7f 7f 7f 7f 7f 7f 7f 7f 7f 7f 7f 7f
00 00 00 00 00 00 00 00 00 00 00 00 00 00 00 00
00 00 00 00 00 00 00 00 00 00 00 00 00 00 00 00
20 20 20 20 20 20 20 20 20 20 20 20 20 20 20 20
20 20 20 20 20 20 20 20 20 20 20 20 20 20 20 20
7f 7f 7f 7f 7f 7f 7f 7f 7f 7f 7f 7f 7f 7f 7f 7f
7f 7f 7f 7f 7f 7f 7f 7f 7f 7f 7f 7f 7f 7f 7f 7f
00 00 00 00 00 00 00 00 00 00 00 00 00 00 00 00
00 00 00 00 00 00 00 00 00 00 00 00 00 00 00 00
7f 7f 7f 7f 7f 7f 7f 7f 7f 7f 7f 7f 7f 7f 7f 7f
7f 7f 7f 7f 7f 7f 7f 7f 7f 7f 7f 7f 7f 7f 7f 7f
00 00 00 00 00 00 00 00 00 00 00 00 00 00 00 00
00 00 00 00 00 00 00 00 00 00 00 00 00 00 00 00
7f 7f 7f 7f 7f 7f 7f 7f 7f 7f 7f 7f 7f 7f 7f 7f
7f 7f 7f 7f 7f 7f 7f 7f 7f 7f 7f 7f 7f 7f 7f 7f
00 00 00 00 00 00 00 00 00 00 00 00 00 00 00 00
00 00 00 00 00 00 00 00 00 00 00 00 00 00 00 00
7f 7f 7f 7f 7f 7f 7f 7f 7f 7f 7f 7f 7f 7f 7f 7f
7f 7f 7f 7f 7f 7f 7f 7f 7f 7f 7f 7f 7f 7f 7f 7f
00 00 00 00 00 00 00 00 00 00 00 00 00 00 00 00
00 00 00 00 00 00 00 00 00 00 00 00 00 00 00 00
60 60 60 60 60 60 60 60 60 60 60 60 60 60 60 60
60 60 60 60 60 60 60 60 60 60 60 60 60 60 60 60
00 00 00 00 00 00 00 00 00 00 00 00 00 00 00 00
00 00 00 00 00 00 00 00 00 00 00 00 00 00 00 00
00 00 00 00 00 00 00 00 00 00 00 00 00 00 00 00
00 00 00 00 00 00 00 00 00 00 00 00 00 00 00 00
7f 7f 7f 7f 7f 7f 7f 7f 7f 7f 7f 7f 7f 7f 7f 7f
7f 7f 7f 7f 7f 7f 7f 7f 7f 7f 7f 7f 7f 7f 7f 7f
00 00 00 00 00 00 00 00 00 00 00 00 00 00 00 00
00 00 00 00 00 00 00 00 00 00 00 00 00 00 00 00
7f 7f 7f 7f 7f 7f 7f 7f 7f 7f 7f 7f 7f 7f 7f 7f
7f 7f 7f 7f 7f 7f 7f 7f 7f 7f 7f 7f 7f 7f 7f 7f
00 00 00 00 00 00 00 00 00 00 00 00 00 00 00 00
00 00 00 00 00 00 00 00 00 00 00 00 00 00 00 00
7f 7f 7f 7f 7f 7f 7f 7f 7f 7f 7f 7f 7f 7f 7f 7f
7f 7f 7f 7f 7f 7f 7f 7f 7f 7f 7f 7f 7f 7f 7f 7f
00 00 00 00 00 00 00 00 00 00 00 00 00 00 00 00
00 00 00 00 00 00 00 00 00 00 00 00 00 00 00 00
7f 7f 7f 7f 7f 7f 7f 7f 7f 7f 7f 7f 7f 7f 7f 7f
7f 7f 7f 7f 7f 7f 7f 7f 7f 7f 7f 7f 7f 7f 7f 7f
00 00 00 00 00 00 00 00 00 00 00 00 00 00 00 00
00 00 00 00 00 00 00 00 00 00 00 00 00 00 00 00
40 40 40 40 40 40 40 40 40 40 40 40 40 40 40 40
40 40 40 40 40 40 40 40 40 40 40 40 40 40 40 40
00 00 00 00 00 00 00 00 00 00 00 00 00 00 00 00
00 00 00 00 00 00 00 00 00 00 00 00 00 00 00 00
00 00 00 00 00 00 00 00 00 00 00 00 00 00 00 00
00 00 00 00 00 00 00 00 00 00 00 00 00 00 00 00
7f 7f 7f 7f 7f 7f 7f 7f 7f 7f 7f 7f 7f 7f 7f 7f
7f 7f 7f 7f 7f 7f 7f 7f 7f 7f 7f 7f 7f 7f 7f 7f
00 00 00 00 00 00 00 00 00 00 00 00 00 00 00 00
00 00 00 00 00 00 00 00 00 00 00 00 00 00 00 00
7f 7f 7f 7f 7f 7f 7f 7f 7f 7f 7f 7f 7f 7f 7f 7f
7f 7f 7f 7f 7f 7f 7f 7f 7f 7f 7f 7f 7f 7f 7f 7f
00 00 00 00 00 00 00 00 00 00 00 00 00 00 00 00
00 00 00 00 00 00 00 00 00 00 00 00 00 00 00 00
7f 7f 7f 7f 7f 7f 7f 7f 7f 7f 7f 7f 7f 7f 7f 7f
7f 7f 7f 7f 7f 7f 7f 7f 7f 7f 7f 7f 7f 7f 7f 7f
00 00 00 00 00 00 00 00 00 00 00 00 00 00 00 00
00 00 00 00 00 00 00 00 00 00 00 00 00 00 00 00
7f 7f 7f 7f 7f 7f 7f 7f 7f 7f 7f 7f 7f 7f 7f 7f
7f 7f 7f 7f 7f 7f 7f 7f 7f 7f 7f 7f 7f 7f 7f 7f
00 00 00 00 00 00 00 00 00 00 00 00 00 00 00 00
00 00 00 00 00 00 00 00 00 00 00 00 00 00 00 00
20 20 20 20 20 20 20 20 20 20 20 20 20 20 20 20
20 20 20 20 20 20 20 20 20 20 20 20 20 20 20 20
7f 7f 7f 7f 7f 7f 7f 7f 7f 7f 7f 7f 7f 7f 7f 7f
7f 7f 7f 7f 7f 7f 7f 7f 7f 7f 7f 7f 7f 7f 7f 7f
00 00 00 00 00 00 00 00 00 00 00 00 00 00 00 00
00 00 00 00 00 00 00 00 00 00 00 00 00 00 00 00
7f 7f 7f 7f 7f 7f 7f 7f 7f 7f 7f 7f 7f 7f 7f 7f
7f 7f 7f 7f 7f 7f 7f 7f 7f 7f 7f 7f 7f 7f 7f 7f
00 00 00 00 00 00 00 00 00 00 00 00 00 00 00 00
00 00 00 00 00 00 00 00 00 00 00 00 00 00 00 00
7f 7f 7f 7f 7f 7f 7f 7f 7f 7f 7f 7f 7f 7f 7f 7f
7f 7f 7f 7f 7f 7f 7f 7f 7f 7f 7f 7f 7f 7f 7f 7f
00 00 00 00 00 00 00 00 00 00 00 00 00 00 00 00
00 00 00 00 00 00 00 00 00 00 00 00 00 00 00 00
7f 7f 7f 7f 7f 7f 7f 7f 7f 7f 7f 7f 7f 7f 7f 7f
7f 7f 7f 7f 7f 7f 7f 7f 7f 7f 7f 7f 7f 7f 7f 7f
00 00 00 00 00 00 00 00 00 00 00 00 00 00 00 00
00 00 00 00 00 00 00 00 00 00 00 00 00 00 00 00
60 60 60 60 60 60 60 60 60 60 60 60 60 60 60 60
60 60 60 60 60 60 60 60 60 60 60 60 60 60 60 60
00 00 00 00 00 00 00 00 00 00 00 00 00 00 00 00
00 00 00 00 00 00 00 00 00 00 00 00 00 00 00 00
00 00 00 00 00 00 00 00 00 00 00 00 00 00 00 00
00 00 00 00 00 00 00 00 00 00 00 00 00 00 00 00
7f 7f 7f 7f 7f 7f 7f 7f 7f 7f 7f 7f 7f 7f 7f 7f
7f 7f 7f 7f 7f 7f 7f 7f 7f 7f 7f 7f 7f 7f 7f 7f
00 00 00 00 00 00 00 00 00 00 00 00 00 00 00 00
00 00 00 00 00 00 00 00 00 00 00 00 00 00 00 00
7f 7f 7f 7f 7f 7f 7f 7f 7f 7f 7f 7f 7f 7f 7f 7f
7f 7f 7f 7f 7f 7f 7f 7f 7f 7f 7f 7f 7f 7f 7f 7f
00 00 00 00 00 00 00 00 00 00 00 00 00 00 00 00
00 00 00 00 00 00 00 00 00 00 00 00 00 00 00 00
7f 7f 7f 7f 7f 7f 7f 7f 7f 7f 7f 7f 7f 7f 7f 7f
7f 7f 7f 7f 7f 7f 7f 7f 7f 7f 7f 7f 7f 7f 7f 7f
00 00 00 00 00 00 00 00 00 00 00 00 00 00 00 00
00 00 00 00 00 00 00 00 00 00 00 00 00 00 00 00
7f 7f 7f 7f 7f 7f 7f 7f 7f 7f 7f 7f 7f 7f 7f 7f
7f 7f 7f 7f 7f 7f 7f 7f 7f 7f 7f 7f 7f 7f 7f 7f
00 00 00 00 00 00 00 00 00 00 00 00 00 00 00 00
00 00 00 00 00 00 00 00 00 00 00 00 00 00 00 00
40 40 40 40 40 40 40 40 40 40 40 40 40 40 40 40
40 40 40 40 40 40 40 40 40 40 40 40 40 40 40 40
00 00 00 00 00 00 00 00 00 00 00 00 00 00 00 00
00 00 00 00 00 00 00 00 00 00 00 00 00 00 00 00
00 00 00 00 00 00 00 00 00 00 00 00 00 00 00 00
00 00 00 00 00 00 00 00 00 00 00 00 00 00 00 00
7f 7f 7f 7f 7f 7f 7f 7f 7f 7f 7f 7f 7f 7f 7f 7f
7f 7f 7f 7f 7f 7f 7f 7f 7f 7f 7f 7f 7f 7f 7f 7f
00 00 00 00 00 00 00 00 00 00 00 00 00 00 00 00
00 00 00 00 00 00 00 00 00 00 00 00 00 00 00 00
7f 7f 7f 7f 7f 7f 7f 7f 7f 7f 7f 7f 7f 7f 7f 7f
7f 7f 7f 7f 7f 7f 7f 7f 7f 7f 7f 7f 7f 7f 7f 7f
00 00 00 00 00 00 00 00 00 00 00 00 00 00 00 00
00 00 00 00 00 00 00 00 00 00 00 00 00 00 00 00
7f 7f 7f 7f 7f 7f 7f 7f 7f 7f 7f 7f 7f 7f 7f 7f
7f 7f 7f 7f 7f 7f 7f 7f 7f 7f 7f 7f 7f 7f 7f 7f
00 00 00 00 00 00 00 00 00 00 00 00 00 00 00 00
00 00 00 00 00 00 00 00 00 00 00 00 00 00 00 00
7f 7f 7f 7f 7f 7f 7f 7f 7f 7f 7f 7f 7f 7f 7f 7f
7f 7f 7f 7f 7f 7f 7f 7f 7f 7f 7f 7f 7f 7f 7f 7f
00 00 00 00 00 00 00 00 00 00 00 00 00 00 00 00
00 00 00 00 00 00 00 00 00 00 00 00 00 00 00 00
20 20 20 20 20 20 20 20 20 20 20 20 20 20 20 20
20 20 20 20 20 20 20 20 20 20 20 20 20 20 20 20
7f 7f 7f 7f 7f 7f 7f 7f 7f 7f 7f 7f 7f 7f 7f 7f
7f 7f 7f 7f 7f 7f 7f 7f 7f 7f 7f 7f 7f 7f 7f 7f
00 00 00 00 00 00 00 00 00 00 00 00 00 00 00 00
00 00 00 00 00 00 00 00 00 00 00 00 00 00 00 00
7f 7f 7f 7f 7f 7f 7f 7f 7f 7f 7f 7f 7f 7f 7f 7f
7f 7f 7f 7f 7f 7f 7f 7f 7f 7f 7f 7f 7f 7f 7f 7f
00 00 00 00 00 00 00 00 00 00 00 00 00 00 00 00
00 00 00 00 00 00 00 00 00 00 00 00 00 00 00 00
7f 7f 7f 7f 7f 7f 7f 7f 7f 7f 7f 7f 7f 7f 7f 7f
7f 7f 7f 7f 7f 7f 7f 7f 7f 7f 7f 7f 7f 7f 7f 7f
00 00 00 00 00 00 00 00 00 00 00 00 00 00 00 00
00 00 00 00 00 00 00 00 00 00 00 00 00 00 00 00
7f 7f 7f 7f 7f 7f 7f 7f 7f 7f 7f 7f 7f 7f 7f 7f
7f 7f 7f 7f 7f 7f 7f 7f 7f 7f 7f 7f 7f 7f 7f 7f
00 00 00 00 00 00 00 00 00 00 00 00 00 00 00 00
00 00 00 00 00 00 00 00 00 00 00 00 00 00 00 00
60 60 60 60 60 60 60 60 60 60 60 60 60 60 60 60
60 60 60 60 60 60 60 60 60 60 60 60 60 60 60 60
00 00 00 00 00 00 00 00 00 00 00 00 00 00 00 00
00 00 00 00 00 00 00 00 00 00 00 00 00 00 00 00
00 00 00 00 00 00 00 00 00 00 00 00 00 00 00 00
00 00 00 00 00 00 00 00 00 00 00 00 00 00 00 00
7f 7f 7f 7f 7f 7f 7f 7f 7f 7f 7f 7f 7f 7f 7f 7f
7f 7f 7f 7f 7f 7f 7f 7f 7f 7f 7f 7f 7f 7f 7f 7f
00 00 00 00 00 00 00 00 00 00 00 00 00 00 00 00
00 00 00 00 00 00 00 00 00 00 00 00 00 00 00 00
7f 7f 7f 7f 7f 7f 7f 7f 7f 7f 7f 7f 7f 7f 7f 7f
7f 7f 7f 7f 7f 7f 7f 7f 7f 7f 7f 7f 7f 7f 7f 7f
00 00 00 00 00 00 00 00 00 00 00 00 00 00 00 00
00 00 00 00 00 00 00 00 00 00 00 00 00 00 00 00
7f 7f 7f 7f 7f 7f 7f 7f 7f 7f 7f 7f 7f 7f 7f 7f
7f 7f 7f 7f 7f 7f 7f 7f 7f 7f 7f 7f 7f 7f 7f 7f
00 00 00 00 00 00 00 00 00 00 00 00 00 00 00 00
00 00 00 00 00 00 00 00 00 00 00 00 00 00 00 00
7f 7f 7f 7f 7f 7f 7f 7f 7f 7f 7f 7f 7f 7f 7f 7f
7f 7f 7f 7f 7f 7f 7f 7f 7f 7f 7f 7f 7f 7f 7f 7f
00 00 00 00 00 00 00 00 00 00 00 00 00 00 00 00
00 00 00 00 00 00 00 00 00 00 00 00 00 00 00 00
40 40 40 40 40 40 40 40 40 40 40 40 40 40 40 40
40 40 40 40 40 40 40 40 40 40 40 40 40 40 40 40
00 00 00 00 00 00 00 00 00 00 00 00 00 00 00 00
00 00 00 00 00 00 00 00 00 00 00 00 00 00 00 00
00 00 00 00 00 00 00 00 00 00 00 00 00 00 00 00
00 00 00 00 00 00 00 00 00 00 00 00 00 00 00 00
7f 7f 7f 7f 7f 7f 7f 7f 7f 7f 7f 7f 7f 7f 7f 7f
7f 7f 7f 7f 7f 7f 7f 7f 7f 7f 7f 7f 7f 7f 7f 7f
00 00 00 00 00 00 00 00 00 00 00 00 00 00 00 00
00 00 00 00 00 00 00 00 00 00 00 00 00 00 00 00
7f 7f 7f 7f 7f 7f 7f 7f 7f 7f 7f 7f 7f 7f 7f 7f
7f 7f 7f 7f 7f 7f 7f 7f 7f 7f 7f 7f 7f 7f 7f 7f
00 00 00 00 00 00 00 00 00 00 00 00 00 00 00 00
00 00 00 00 00 00 00 00 00 00 00 00 00 00 00 00
7f 7f 7f 7f 7f 7f 7f 7f 7f 7f 7f 7f 7f 7f 7f 7f
7f 7f 7f 7f 7f 7f 7f 7f 7f 7f 7f 7f 7f 7f 7f 7f
00 00 00 00 00 00 00 00 00 00 00 00 00 00 00 00
00 00 00 00 00 00 00 00 00 00 00 00 00 00 00 00
7f 7f 7f 7f 7f 7f 7f 7f 7f 7f 7f 7f 7f 7f 7f 7f
7f 7f 7f 7f 7f 7f 7f 7f 7f 7f 7f 7f 7f 7f 7f 7f
00 00 00 00 00 00 00 00 00 00 00 00 00 00 00 00
00 00 00 00 00 00 00 00 00 00 00 00 00 00 00 00
20 20 20 20 20 20 20 20 20 20 20 20 20 20 20 20
20 20 20 20 20 20 20 20 20 20 20 20 20 20 20 20
7f 7f 7f 7f 7f 7f 7f 7f 7f 7f 7f 7f 7f 7f 7f 7f
7f 7f 7f 7f 7f 7f 7f 7f 7f 7f 7f 7f 7f 7f 7f 7f
00 00 00 00 00 00 00 00 00 00 00 00 00 00 00 00
00 00 00 00 00 00 00 00 00 00 00 00 00 00 00 00
7f 7f 7f 7f 7f 7f 7f 7f 7f 7f 7f 7f 7f 7f 7f 7f
7f 7f 7f 7f 7f 7f 7f 7f 7f 7f 7f 7f 7f 7f 7f 7f
00 00 00 00 00 00 00 00 00 00 00 00 00 00 00 00
00 00 00 00 00 00 00 00 00 00 00 00 00 00 00 00
7f 7f 7f 7f 7f 7f 7f 7f 7f 7f 7f 7f 7f 7f 7f 7f
7f 7f 7f 7f 7f 7f 7f 7f 7f 7f 7f 7f 7f 7f 7f 7f
00 00 00 00 00 00 00 00 00 00 00 00 00 00 00 00
00 00 00 00 00 00 00 00 00 00 00 00 00 00 00 00
7f 7f 7f 7f 7f 7f 7f 7f 7f 7f 7f 7f 7f 7f 7f 7f
7f 7f 7f 7f 7f 7f 7f 7f 7f 7f 7f 7f 7f 7f 7f 7f
00 00 00 00 00 00 00 00 00 00 00 00 00 00 00 00
00 00 00 00 00 00 00 00 00 00 00 00 00 00 00 00
60 60 60 60 60 60 60 60 60 60 60 60 60 60 60 60
60 60 60 60 60 60 60 60 60 60 60 60 60 60 60 60
00 00 00 00 00 00 00 00 00 00 00 00 00 00 00 00
00 00 00 00 00 00 00 00 00 00 00 00 00 00 00 00
00 00 00 00 00 00 00 00 00 00 00 00 00 00 00 00
00 00 00 00 00 00 00 00 00 00 00 00 00 00 00 00
7f 7f 7f 7f 7f 7f 7f 7f 7f 7f 7f 7f 7f 7f 7f 7f
7f 7f 7f 7f 7f 7f 7f 7f 7f 7f 7f 7f 7f 7f 7f 7f
00 00 00 00 00 00 00 00 00 00 00 00 00 00 00 00
00 00 00 00 00 00 00 00 00 00 00 00 00 00 00 00
7f 7f 7f 7f 7f 7f 7f 7f 7f 7f 7f 7f 7f 7f 7f 7f
7f 7f 7f 7f 7f 7f 7f 7f 7f 7f 7f 7f 7f 7f 7f 7f
00 00 00 00 00 00 00 00 00 00 00 00 00 00 00 00
00 00 00 00 00 00 00 00 00 00 00 00 00 00 00 00
7f 7f 7f 7f 7f 7f 7f 7f 7f 7f 7f 7f 7f 7f 7f 7f
7f 7f 7f 7f 7f 7f 7f 7f 7f 7f 7f 7f 7f 7f 7f 7f
00 00 00 00 00 00 00 00 00 00 00 00 00 00 00 00
00 00 00 00 00 00 00 00 00 00 00 00 00 00 00 00
7f 7f 7f 7f 7f 7f 7f 7f 7f 7f 7f 7f 7f 7f 7f 7f
7f 7f 7f 7f 7f 7f 7f 7f 7f 7f 7f 7f 7f 7f 7f 7f
00 00 00 00 00 00 00 00 00 00 00 00 00 00 00 00
00 00 00 00 00 00 00 00 00 00 00 00 00 00 00 00
40 40 40 40 40 40 40 40 40 40 40 40 40 40 40 40
40 40 40 40 40 40 40 40 40 40 40 40 40 40 40 40
00 00 00 00 00 00 00 00 00 00 00 00 00 00 00 00
00 00 00 00 00 00 00 00 00 00 00 00 00 00 00 00
00 00 00 00 00 00 00 00 00 00 00 00 00 00 00 00
00 00 00 00 00 00 00 00 00 00 00 00 00 00 00 00
7f 7f 7f 7f 7f 7f 7f 7f 7f 7f 7f 7f 7f 7f 7f 7f
7f 7f 7f 7f 7f 7f 7f 7f 7f 7f 7f 7f 7f 7f 7f 7f
00 00 00 00 00 00 00 00 00 00 00 00 00 00 00 00
00 00 00 00 00 00 00 00 00 00 00 00 00 00 00 00
7f 7f 7f 7f 7f 7f 7f 7f 7f 7f 7f 7f 7f 7f 7f 7f
7f 7f 7f 7f 7f 7f 7f 7f 7f 7f 7f 7f 7f 7f 7f 7f
00 00 00 00 00 00 00 00 00 00 00 00 00 00 00 00
00 00 00 00 00 00 00 00 00 00 00 00 00 00 00 00
7f 7f 7f 7f 7f 7f 7f 7f 7f 7f 7f 7f 7f 7f 7f 7f
7f 7f 7f 7f 7f 7f 7f 7f 7f 7f 7f 7f 7f 7f 7f 7f
00 00 00 00 00 00 00 00 00 00 00 00 00 00 00 00
00 00 00 00 00 00 00 00 00 00 00 00 00 00 00 00
7f 7f 7f 7f 7f 7f 7f 7f 7f 7f 7f 7f 7f 7f 7f 7f
7f 7f 7f 7f 7f 7f 7f 7f 7f 7f 7f 7f 7f 7f 7f 7f
00 00 00 00 00 00 00 00 00 00 00 00 00 00 00 00
00 00 00 00 00 00 00 00 00 00 00 00 00 00 00 00
20 20 20 20 20 20 20 20 20 20 20 20 20 20 20 20
20 20 20 20 20 20 20 20 20 20 20 20 20 20 20 20
7f 7f 7f 7f 7f 7f 7f 7f 7f 7f 7f 7f 7f 7f 7f 7f
7f 7f 7f 7f 7f 7f 7f 7f 7f 7f 7f 7f 7f 7f 7f 7f
00 00 00 00 00 00 00 00 00 00 00 00 00 00 00 00
00 00 00 00 00 00 00 00 00 00 00 00 00 00 00 00
7f 7f 7f 7f 7f 7f 7f 7f 7f 7f 7f 7f 7f 7f 7f 7f
7f 7f 7f 7f 7f 7f 7f 7f 7f 7f 7f 7f 7f 7f 7f 7f
00 00 00 00 00 00 00 00 00 00 00 00 00 00 00 00
00 00 00 00 00 00 00 00 00 00 00 00 00 00 00 00
7f 7f 7f 7f 7f 7f 7f 7f 7f 7f 7f 7f 7f 7f 7f 7f
7f 7f 7f 7f 7f 7f 7f 7f 7f 7f 7f 7f 7f 7f 7f 7f
00 00 00 00 00 00 00 00 00 00 00 00 00 00 00 00
00 00 00 00 00 00 00 00 00 00 00 00 00 00 00 00
7f 7f 7f 7f 7f 7f 7f 7f 7f 7f 7f 7f 7f 7f 7f 7f
7f 7f 7f 7f 7f 7f 7f 7f 7f 7f 7f 7f 7f 7f 7f 7f
00 00 00 00 00 00 00 00 00 00 00 00 00 00 00 00
00 00 00 00 00 00 00 00 00 00 00 00 00 00 00 00
60 60 60 60 60 60 60 60 60 60 60 60 60 60 60 60
60 60 60 60 60 60 60 60 60 60 60 60 60 60 60 60
00 00 00 00 00 00 00 00 00 00 00 00 00 00 00 00
00 00 00 00 00 00 00 00 00 00 00 00 00 00 00 00
00 00 00 00 00 00 00 00 00 00 00 00 00 00 00 00
00 00 00 00 00 00 00 00 00 00 00 00 00 00 00 00
7f 7f 7f 7f 7f 7f 7f 7f 7f 7f 7f 7f 7f 7f 7f 7f
7f 7f 7f 7f 7f 7f 7f 7f 7f 7f 7f 7f 7f 7f 7f 7f
00 00 00 00 00 00 00 00 00 00 00 00 00 00 00 00
00 00 00 00 00 00 00 00 00 00 00 00 00 00 00 00
7f 7f 7f 7f 7f 7f 7f 7f 7f 7f 7f 7f 7f 7f 7f 7f
7f 7f 7f 7f 7f 7f 7f 7f 7f 7f 7f 7f 7f 7f 7f 7f
00 00 00 00 00 00 00 00 00 00 00 00 00 00 00 00
00 00 00 00 00 00 00 00 00 00 00 00 00 00 00 00
7f 7f 7f 7f 7f 7f 7f 7f 7f 7f 7f 7f 7f 7f 7f 7f
7f 7f 7f 7f 7f 7f 7f 7f 7f 7f 7f 7f 7f 7f 7f 7f
00 00 00 00 00 00 00 00 00 00 00 00 00 00 00 00
00 00 00 00 00 00 00 00 00 00 00 00 00 00 00 00
7f 7f 7f 7f 7f 7f 7f 7f 7f 7f 7f 7f 7f 7f 7f 7f
7f 7f 7f 7f 7f 7f 7f 7f 7f 7f 7f 7f 7f 7f 7f 7f
00 00 00 00 00 00 00 00 00 00 00 00 00 00 00 00
00 00 00 00 00 00 00 00 00 00 00 00 00 00 00 00
40 40 40 40 40 40 40 40 40 40 40 40 40 40 40 40
40 40 40 40 40 40 40 40 40 40 40 40 40 40 40 40
00 00 00 00 00 00 00 00 00 00 00 00 00 00 00 00
00 00 00 00 00 00 00 00 00 00 00 00 00 00 00 00
00 00 00 00 00 00 00 00 00 00 00 00 00 00 00 00
00 00 00 00 00 00 00 00 00 00 00 00 00 00 00 00
7f 7f 7f 7f 7f 7f 7f 7f 7f 7f 7f 7f 7f 7f 7f 7f
7f 7f 7f 7f 7f 7f 7f 7f 7f 7f 7f 7f 7f 7f 7f 7f
@02a000
00 00 00 00 00 00 00 00 40 40 40 40 40 40 40 40
00 00 00 00 00 00 00 00 00 00 00 00 00 00 00 00
7f 7f 7f 7f 7f 7f 7f 7f 00 00 00 00 00 00 00 00
7f 7f 7f 7f 7f 7f 7f 7f 00 00 00 00 00 00 00 00
7f 7f 7f 7f 7f 7f 7f 7f 00 00 00 00 00 00 00 00
7f 7f 7f 7f 7f 7f 7f 7f 00 00 00 00 00 00 00 00
20 20 20 20 20 20 20 20 7f 7f 7f 7f 7f 7f 7f 7f
00 00 00 00 00 00 00 00 7f 7f 7f 7f 7f 7f 7f 7f
00 00 00 00 00 00 00 00 7f 7f 7f 7f 7f 7f 7f 7f
00 00 00 00 00 00 00 00 7f 7f 7f 7f 7f 7f 7f 7f
00 00 00 00 00 00 00 00 60 60 60 60 60 60 60 60
00 00 00 00 00 00 00 00 00 00 00 00 00 00 00 00
7f 7f 7f 7f 7f 7f 7f 7f 00 00 00 00 00 00 00 00
7f 7f 7f 7f 7f 7f 7f 7f 00 00 00 00 00 00 00 00
7f 7f 7f 7f 7f 7f 7f 7f 00 00 00 00 00 00 00 00
7f 7f 7f 7f 7f 7f 7f 7f 00 00 00 00 00 00 00 00
40 40 40 40 40 40 40 40 00 00 00 00 00 00 00 00
00 00 00 00 00 00 00 00 7f 7f 7f 7f 7f 7f 7f 7f
00 00 00 00 00 00 00 00 7f 7f 7f 7f 7f 7f 7f 7f
00 00 00 00 00 00 00 00 7f 7f 7f 7f 7f 7f 7f 7f
00 00 00 00 00 00 00 00 7f 7f 7f 7f 7f 7f 7f 7f
00 00 00 00 00 00 00 00 20 20 20 20 20 20 20 20
7f 7f 7f 7f 7f 7f 7f 7f 00 00 00 00 00 00 00 00
7f 7f 7f 7f 7f 7f 7f 7f 00 00 00 00 00 00 00 00
7f 7f 7f 7f 7f 7f 7f 7f 00 00 00 00 00 00 00 00
7f 7f 7f 7f 7f 7f 7f 7f 00 00 00 00 00 00 00 00
60 60 60 60 60 60 60 60 00 00 00 00 00 00 00 00
00 00 00 00 00 00 00 00 7f 7f 7f 7f 7f 7f 7f 7f
00 00 00 00 00 00 00 00 7f 7f 7f 7f 7f 7f 7f 7f
00 00 00 00 00 00 00 00 7f 7f 7f 7f 7f 7f 7f 7f
00 00 00 00 00 00 00 00 7f 7f 7f 7f 7f 7f 7f 7f
00 00 00 00 00 00 00 00 40 40 40 40 40 40 40 40
00 00 00 00 00 00 00 00 00 00 00 00 00 00 00 00
7f 7f 7f 7f 7f 7f 7f 7f 00 00 00 00 00 00 00 00
7f 7f 7f 7f 7f 7f 7f 7f 00 00 00 00 00 00 00 00
7f 7f 7f 7f 7f 7f 7f 7f 00 00 00 00 00 00 00 00
7f 7f 7f 7f 7f 7f 7f 7f 00 00 00 00 00 00 00 00
20 20 20 20 20 20 20 20 7f 7f 7f 7f 7f 7f 7f 7f
00 00 00 00 00 00 00 00 7f 7f 7f 7f 7f 7f 7f 7f
00 00 00 00 00 00 00 00 7f 7f 7f 7f 7f 7f 7f 7f
00 00 00 00 00 00 00 00 7f 7f 7f 7f 7f 7f 7f 7f
00 00 00 00 00 00 00 00 60 60 60 60 60 60 60 60
00 00 00 00 00 00 00 00 00 00 00 00 00 00 00 00
7f 7f 7f 7f 7f 7f 7f 7f 00 00 00 00 00 00 00 00
7f 7f 7f 7f 7f 7f 7f 7f 00 00 00 00 00 00 00 00
7f 7f 7f 7f 7f 7f 7f 7f 00 00 00 00 00 00 00 00
7f 7f 7f 7f 7f 7f 7f 7f 00 00 00 00 00 00 00 00
40 40 40 40 40 40 40 40 00 00 00 00 00 00 00 00
00 00 00 00 00 00 00 00 7f 7f 7f 7f 7f 7f 7f 7f
00 00 00 00 00 00 00 00 7f 7f 7f 7f 7f 7f 7f 7f
00 00 00 00 00 00 00 00 7f 7f 7f 7f 7f 7f 7f 7f
00 00 00 00 00 00 00 00 7f 7f 7f 7f 7f 7f 7f 7f
00 00 00 00 00 00 00 00 20 20 20 20 20 20 20 20
7f 7f 7f 7f 7f 7f 7f 7f 00 00 00 00 00 00 00 00
7f 7f 7f 7f 7f 7f 7f 7f 00 00 00 00 00 00 00 00
7f 7f 7f 7f 7f 7f 7f 7f 00 00 00 00 00 00 00 00
7f 7f 7f 7f 7f 7f 7f 7f 00 00 00 00 00 00 00 00
60 60 60 60 60 60 60 60 00 00 00 00 00 00 00 00
00 00 00 00 00 00 00 00 7f 7f 7f 7f 7f 7f 7f 7f
00 00 00 00 00 00 00 00 7f 7f 7f 7f 7f 7f 7f 7f
00 00 00 00 00 00 00 00 7f 7f 7f 7f 7f 7f 7f 7f
00 00 00 00 00 00 00 00 7f 7f 7f 7f 7f 7f 7f 7f
00 00 00 00 00 00 00 00 40 40 40 40 40 40 40 40
00 00 00 00 00 00 00 00 00 00 00 00 00 00 00 00
7f 7f 7f 7f 7f 7f 7f 7f 00 00 00 00 00 00 00 00
7f 7f 7f 7f 7f 7f 7f 7f 00 00 00 00 00 00 00 00
7f 7f 7f 7f 7f 7f 7f 7f 00 00 00 00 00 00 00 00
7f 7f 7f 7f 7f 7f 7f 7f 00 00 00 00 00 00 00 00
20 20 20 20 20 20 20 20 7f 7f 7f 7f 7f 7f 7f 7f
00 00 00 00 00 00 00 00 7f 7f 7f 7f 7f 7f 7f 7f
00 00 00 00 00 00 00 00 7f 7f 7f 7f 7f 7f 7f 7f
00 00 00 00 00 00 00 00 7f 7f 7f 7f 7f 7f 7f 7f
00 00 00 00 00 00 00 00 60 60 60 60 60 60 60 60
00 00 00 00 00 00 00 00 00 00 00 00 00 00 00 00
7f 7f 7f 7f 7f 7f 7f 7f 00 00 00 00 00 00 00 00
7f 7f 7f 7f 7f 7f 7f 7f 00 00 00 00 00 00 00 00
7f 7f 7f 7f 7f 7f 7f 7f 00 00 00 00 00 00 00 00
7f 7f 7f 7f 7f 7f 7f 7f 00 00 00 00 00 00 00 00
40 40 40 40 40 40 40 40 00 00 00 00 00 00 00 00
00 00 00 00 00 00 00 00 7f 7f 7f 7f 7f 7f 7f 7f
@02c000
f4 f4 f4 f4 f4 f4 f4 f4 f4 f4 f4 f4 f4 f4 f4 f4
f4 f4 f4 f4 f4 f4 f4 f4 f4 f4 f4 f4 f4 f4 f4 f4
7f 7f 7f 7f 7f 7f 7f 7f 7f 7f 7f 7f 7f 7f 7f 7f
7f 7f 7f 7f 7f 7f 7f 7f 7f 7f 7f 7f 7f 7f 7f 7f
f1 f1 f1 f1 f1 f1 f1 f1 f1 f1 f1 f1 f1 f1 f1 f1
f1 f1 f1 f1 f1 f1 f1 f1 f1 f1 f1 f1 f1 f1 f1 f1
ff ff ff ff ff ff ff ff ff ff ff ff ff ff ff ff
ff ff ff ff ff ff ff ff ff ff ff ff ff ff ff ff
7f 7f 7f 7f 7f 7f 7f 7f 7f 7f 7f 7f 7f 7f 7f 7f
7f 7f 7f 7f 7f 7f 7f 7f 7f 7f 7f 7f 7f 7f 7f 7f
fc fc fc fc fc fc fc fc fc fc fc fc fc fc fc fc
fc fc fc fc fc fc fc fc fc fc fc fc fc fc fc fc
7f 7f 7f 7f 7f 7f 7f 7f 7f 7f 7f 7f 7f 7f 7f 7f
7f 7f 7f 7f 7f 7f 7f 7f 7f 7f 7f 7f 7f 7f 7f 7f
f9 f9 f9 f9 f9 f9 f9 f9 f9 f9 f9 f9 f9 f9 f9 f9
f9 f9 f9 f9 f9 f9 f9 f9 f9 f9 f9 f9 f9 f9 f9 f9
7f 7f 7f 7f 7f 7f 7f 7f 7f 7f 7f 7f 7f 7f 7f 7f
7f 7f 7f 7f 7f 7f 7f 7f 7f 7f 7f 7f 7f 7f 7f 7f
f6 f6 f6 f6 f6 f6 f6 f6 f6 f6 f6 f6 f6 f6 f6 f6
f6 f6 f6 f6 f6 f6 f6 f6 f6 f6 f6 f6 f6 f6 f6 f6
7f 7f 7f 7f 7f 7f 7f 7f 7f 7f 7f 7f 7f 7f 7f 7f
7f 7f 7f 7f 7f 7f 7f 7f 7f 7f 7f 7f 7f 7f 7f 7f
f3 f3 f3 f3 f3 f3 f3 f3 f3 f3 f3 f3 f3 f3 f3 f3
f3 f3 f3 f3 f3 f3 f3 f3 f3 f3 f3 f3 f3 f3 f3 f3
40 40 40 40 40 40 40 40 40 40 40 40 40 40 40 40
40 40 40 40 40 40 40 40 40 40 40 40 40 40 40 40
7f 7f 7f 7f 7f 7f 7f 7f 7f 7f 7f 7f 7f 7f 7f 7f
7f 7f 7f 7f 7f 7f 7f 7f 7f 7f 7f 7f 7f 7f 7f 7f
fe fe fe fe fe fe fe fe fe fe fe fe fe fe fe fe
fe fe fe fe fe fe fe fe fe fe fe fe fe fe fe fe
7f 7f 7f 7f 7f 7f 7f 7f 7f 7f 7f 7f 7f 7f 7f 7f
7f 7f 7f 7f 7f 7f 7f 7f 7f 7f 7f 7f 7f 7f 7f 7f
fb fb fb fb fb fb fb fb fb fb fb fb fb fb fb fb
fb fb fb fb fb fb fb fb fb fb fb fb fb fb fb fb
7f 7f 7f 7f 7f 7f 7f 7f 7f 7f 7f 7f 7f 7f 7f 7f
7f 7f 7f 7f 7f 7f 7f 7f 7f 7f 7f 7f 7f 7f 7f 7f
f8 f8 f8 f8 f8 f8 f8 f8 f8 f8 f8 f8 f8 f8 f8 f8
f8 f8 f8 f8 f8 f8 f8 f8 f8 f8 f8 f8 f8 f8 f8 f8
7f 7f 7f 7f 7f 7f 7f 7f 7f 7f 7f 7f 7f 7f 7f 7f
7f 7f 7f 7f 7f 7f 7f 7f 7f 7f 7f 7f 7f 7f 7f 7f
f5 f5 f5 f5 f5 f5 f5 f5 f5 f5 f5 f5 f5 f5 f5 f5
f5 f5 f5 f5 f5 f5 f5 f5 f5 f5 f5 f5 f5 f5 f5 f5
7f 7f 7f 7f 7f 7f 7f 7f 7f 7f 7f 7f 7f 7f 7f 7f
7f 7f 7f 7f 7f 7f 7f 7f 7f 7f 7f 7f 7f 7f 7f 7f
f2 f2 f2 f2 f2 f2 f2 f2 f2 f2 f2 f2 f2 f2 f2 f2
f2 f2 f2 f2 f2 f2 f2 f2 f2 f2 f2 f2 f2 f2 f2 f2
00 00 00 00 00 00 00 00 00 00 00 00 00 00 00 00
00 00 00 00 00 00 00 00 00 00 00 00 00 00 00 00
7f 7f 7f 7f 7f 7f 7f 7f 7f 7f 7f 7f 7f 7f 7f 7f
7f 7f 7f 7f 7f 7f 7f 7f 7f 7f 7f 7f 7f 7f 7f 7f
fd fd fd fd fd fd fd fd fd fd fd fd fd fd fd fd
fd fd fd fd fd fd fd fd fd fd fd fd fd fd fd fd
7f 7f 7f 7f 7f 7f 7f 7f 7f 7f 7f 7f 7f 7f 7f 7f
7f 7f 7f 7f 7f 7f 7f 7f 7f 7f 7f 7f 7f 7f 7f 7f
fa fa fa fa fa fa fa fa fa fa fa fa fa fa fa fa
fa fa fa fa fa fa fa fa fa fa fa fa fa fa fa fa
7f 7f 7f 7f 7f 7f 7f 7f 7f 7f 7f 7f 7f 7f 7f 7f
7f 7f 7f 7f 7f 7f 7f 7f 7f 7f 7f 7f 7f 7f 7f 7f
f7 f7 f7 f7 f7 f7 f7 f7 f7 f7 f7 f7 f7 f7 f7 f7
f7 f7 f7 f7 f7 f7 f7 f7 f7 f7 f7 f7 f7 f7 f7 f7
7f 7f 7f 7f 7f 7f 7f 7f 7f 7f 7f 7f 7f 7f 7f 7f
7f 7f 7f 7f 7f 7f 7f 7f 7f 7f 7f 7f 7f 7f 7f 7f
f4 f4 f4 f4 f4 f4 f4 f4 f4 f4 f4 f4 f4 f4 f4 f4
f4 f4 f4 f4 f4 f4 f4 f4 f4 f4 f4 f4 f4 f4 f4 f4
7f 7f 7f 7f 7f 7f 7f 7f 7f 7f 7f 7f 7f 7f 7f 7f
7f 7f 7f 7f 7f 7f 7f 7f 7f 7f 7f 7f 7f 7f 7f 7f
f1 f1 f1 f1 f1 f1 f1 f1 f1 f1 f1 f1 f1 f1 f1 f1
f1 f1 f1 f1 f1 f1 f1 f1 f1 f1 f1 f1 f1 f1 f1 f1
ff ff ff ff ff ff ff ff ff ff ff ff ff ff ff ff
ff ff ff ff ff ff ff ff ff ff ff ff ff ff ff ff
7f 7f 7f 7f 7f 7f 7f 7f 7f 7f 7f 7f 7f 7f 7f 7f
7f 7f 7f 7f 7f 7f 7f 7f 7f 7f 7f 7f 7f 7f 7f 7f
fc fc fc fc fc fc fc fc fc fc fc fc fc fc fc fc
fc fc fc fc fc fc fc fc fc fc fc fc fc fc fc fc
7f 7f 7f 7f 7f 7f 7f 7f 7f 7f 7f 7f 7f 7f 7f 7f
7f 7f 7f 7f 7f 7f 7f 7f 7f 7f 7f 7f 7f 7f 7f 7f
f9 f9 f9 f9 f9 f9 f9 f9 f9 f9 f9 f9 f9 f9 f9 f9
f9 f9 f9 f9 f9 f9 f9 f9 f9 f9 f9 f9 f9 f9 f9 f9
7f 7f 7f 7f 7f 7f 7f 7f 7f 7f 7f 7f 7f 7f 7f 7f
7f 7f 7f 7f 7f 7f 7f 7f 7f 7f 7f 7f 7f 7f 7f 7f
f6 f6 f6 f6 f6 f6 f6 f6 f6 f6 f6 f6 f6 f6 f6 f6
f6 f6 f6 f6 f6 f6 f6 f6 f6 f6 f6 f6 f6 f6 f6 f6
7f 7f 7f 7f 7f 7f 7f 7f 7f 7f 7f 7f 7f 7f 7f 7f
7f 7f 7f 7f 7f 7f 7f 7f 7f 7f 7f 7f 7f 7f 7f 7f
f3 f3 f3 f3 f3 f3 f3 f3 f3 f3 f3 f3 f3 f3 f3 f3
f3 f3 f3 f3 f3 f3 f3 f3 f3 f3 f3 f3 f3 f3 f3 f3
40 40 40 40 40 40 40 40 40 40 40 40 40 40 40 40
40 40 40 40 40 40 40 40 40 40 40 40 40 40 40 40
7f 7f 7f 7f 7f 7f 7f 7f 7f 7f 7f 7f 7f 7f 7f 7f
7f 7f 7f 7f 7f 7f 7f 7f 7f 7f 7f 7f 7f 7f 7f 7f
fe fe fe fe fe fe fe fe fe fe fe fe fe fe fe fe
fe fe fe fe fe fe fe fe fe fe fe fe fe fe fe fe
7f 7f 7f 7f 7f 7f 7f 7f 7f 7f 7f 7f 7f 7f 7f 7f
7f 7f 7f 7f 7f 7f 7f 7f 7f 7f 7f 7f 7f 7f 7f 7f
fb fb fb fb fb fb fb fb fb fb fb fb fb fb fb fb
fb fb fb fb fb fb fb fb fb fb fb fb fb fb fb fb
7f 7f 7f 7f 7f 7f 7f 7f 7f 7f 7f 7f 7f 7f 7f 7f
7f 7f 7f 7f 7f 7f 7f 7f 7f 7f 7f 7f 7f 7f 7f 7f
f8 f8 f8 f8 f8 f8 f8 f8 f8 f8 f8 f8 f8 f8 f8 f8
f8 f8 f8 f8 f8 f8 f8 f8 f8 f8 f8 f8 f8 f8 f8 f8
7f 7f 7f 7f 7f 7f 7f 7f 7f 7f 7f 7f 7f 7f 7f 7f
7f 7f 7f 7f 7f 7f 7f 7f 7f 7f 7f 7f 7f 7f 7f 7f
f5 f5 f5 f5 f5 f5 f5 f5 f5 f5 f5 f5 f5 f5 f5 f5
f5 f5 f5 f5 f5 f5 f5 f5 f5 f5 f5 f5 f5 f5 f5 f5
7f 7f 7f 7f 7f 7f 7f 7f 7f 7f 7f 7f 7f 7f 7f 7f
7f 7f 7f 7f 7f 7f 7f 7f 7f 7f 7f 7f 7f 7f 7f 7f
f2 f2 f2 f2 f2 f2 f2 f2 f2 f2 f2 f2 f2 f2 f2 f2
f2 f2 f2 f2 f2 f2 f2 f2 f2 f2 f2 f2 f2 f2 f2 f2
00 00 00 00 00 00 00 00 00 00 00 00 00 00 00 00
00 00 00 00 00 00 00 00 00 00 00 00 00 00 00 00
7f 7f 7f 7f 7f 7f 7f 7f 7f 7f 7f 7f 7f 7f 7f 7f
7f 7f 7f 7f 7f 7f 7f 7f 7f 7f 7f 7f 7f 7f 7f 7f
fd fd fd fd fd fd fd fd fd fd fd fd fd fd fd fd
fd fd fd fd fd fd fd fd fd fd fd fd fd fd fd fd
7f 7f 7f 7f 7f 7f 7f 7f 7f 7f 7f 7f 7f 7f 7f 7f
7f 7f 7f 7f 7f 7f 7f 7f 7f 7f 7f 7f 7f 7f 7f 7f
fa fa fa fa fa fa fa fa fa fa fa fa fa fa fa fa
fa fa fa fa fa fa fa fa fa fa fa fa fa fa fa fa
7f 7f 7f 7f 7f 7f 7f 7f 7f 7f 7f 7f 7f 7f 7f 7f
7f 7f 7f 7f 7f 7f 7f 7f 7f 7f 7f 7f 7f 7f 7f 7f
f7 f7 f7 f7 f7 f7 f7 f7 f7 f7 f7 f7 f7 f7 f7 f7
f7 f7 f7 f7 f7 f7 f7 f7 f7 f7 f7 f7 f7 f7 f7 f7
7f 7f 7f 7f 7f 7f 7f 7f 7f 7f 7f 7f 7f 7f 7f 7f
7f 7f 7f 7f 7f 7f 7f 7f 7f 7f 7f 7f 7f 7f 7f 7f
f4 f4 f4 f4 f4 f4 f4 f4 f4 f4 f4 f4 f4 f4 f4 f4
f4 f4 f4 f4 f4 f4 f4 f4 f4 f4 f4 f4 f4 f4 f4 f4
7f 7f 7f 7f 7f 7f 7f 7f 7f 7f 7f 7f 7f 7f 7f 7f
7f 7f 7f 7f 7f 7f 7f 7f 7f 7f 7f 7f 7f 7f 7f 7f
f1 f1 f1 f1 f1 f1 f1 f1 f1 f1 f1 f1 f1 f1 f1 f1
f1 f1 f1 f1 f1 f1 f1 f1 f1 f1 f1 f1 f1 f1 f1 f1
ff ff ff ff ff ff ff ff ff ff ff ff ff ff ff ff
ff ff ff ff ff ff ff ff ff ff ff ff ff ff ff ff
7f 7f 7f 7f 7f 7f 7f 7f 7f 7f 7f 7f 7f 7f 7f 7f
7f 7f 7f 7f 7f 7f 7f 7f 7f 7f 7f 7f 7f 7f 7f 7f
fc fc fc fc fc fc fc fc fc fc fc fc fc fc fc fc
fc fc fc fc fc fc fc fc fc fc fc fc fc fc fc fc
7f 7f 7f 7f 7f 7f 7f 7f 7f 7f 7f 7f 7f 7f 7f 7f
7f 7f 7f 7f 7f 7f 7f 7f 7f 7f 7f 7f 7f 7f 7f 7f
f9 f9 f9 f9 f9 f9 f9 f9 f9 f9 f9 f9 f9 f9 f9 f9
f9 f9 f9 f9 f9 f9 f9 f9 f9 f9 f9 f9 f9 f9 f9 f9
7f 7f 7f 7f 7f 7f 7f 7f 7f 7f 7f 7f 7f 7f 7f 7f
7f 7f 7f 7f 7f 7f 7f 7f 7f 7f 7f 7f 7f 7f 7f 7f
f6 f6 f6 f6 f6 f6 f6 f6 f6 f6 f6 f6 f6 f6 f6 f6
f6 f6 f6 f6 f6 f6 f6 f6 f6 f6 f6 f6 f6 f6 f6 f6
7f 7f 7f 7f 7f 7f 7f 7f 7f 7f 7f 7f 7f 7f 7f 7f
7f 7f 7f 7f 7f 7f 7f 7f 7f 7f 7f 7f 7f 7f 7f 7f
f3 f3 f3 f3 f3 f3 f3 f3 f3 f3 f3 f3 f3 f3 f3 f3
f3 f3 f3 f3 f3 f3 f3 f3 f3 f3 f3 f3 f3 f3 f3 f3
40 40 40 40 40 40 40 40 40 40 40 40 40 40 40 40
40 40 40 40 40 40 40 40 40 40 40 40 40 40 40 40
7f 7f 7f 7f 7f 7f 7f 7f 7f 7f 7f 7f 7f 7f 7f 7f
7f 7f 7f 7f 7f 7f 7f 7f 7f 7f 7f 7f 7f 7f 7f 7f
fe fe fe fe fe fe fe fe fe fe fe fe fe fe fe fe
fe fe fe fe fe fe fe fe fe fe fe fe fe fe fe fe
7f 7f 7f 7f 7f 7f 7f 7f 7f 7f 7f 7f 7f 7f 7f 7f
7f 7f 7f 7f 7f 7f 7f 7f 7f 7f 7f 7f 7f 7f 7f 7f
fb fb fb fb fb fb fb fb fb fb fb fb fb fb fb fb
fb fb fb fb fb fb fb fb fb fb fb fb fb fb fb fb
7f 7f 7f 7f 7f 7f 7f 7f 7f 7f 7f 7f 7f 7f 7f 7f
7f 7f 7f 7f 7f 7f 7f 7f 7f 7f 7f 7f 7f 7f 7f 7f
f8 f8 f8 f8 f8 f8 f8 f8 f8 f8 f8 f8 f8 f8 f8 f8
f8 f8 f8 f8 f8 f8 f8 f8 f8 f8 f8 f8 f8 f8 f8 f8
7f 7f 7f 7f 7f 7f 7f 7f 7f 7f 7f 7f 7f 7f 7f 7f
7f 7f 7f 7f 7f 7f 7f 7f 7f 7f 7f 7f 7f 7f 7f 7f
f5 f5 f5 f5 f5 f5 f5 f5 f5 f5 f5 f5 f5 f5 f5 f5
f5 f5 f5 f5 f5 f5 f5 f5 f5 f5 f5 f5 f5 f5 f5 f5
7f 7f 7f 7f 7f 7f 7f 7f 7f 7f 7f 7f 7f 7f 7f 7f
7f 7f 7f 7f 7f 7f 7f 7f 7f 7f 7f 7f 7f 7f 7f 7f
f2 f2 f2 f2 f2 f2 f2 f2 f2 f2 f2 f2 f2 f2 f2 f2
f2 f2 f2 f2 f2 f2 f2 f2 f2 f2 f2 f2 f2 f2 f2 f2
00 00 00 00 00 00 00 00 00 00 00 00 00 00 00 00
00 00 00 00 00 00 00 00 00 00 00 00 00 00 00 00
7f 7f 7f 7f 7f 7f 7f 7f 7f 7f 7f 7f 7f 7f 7f 7f
7f 7f 7f 7f 7f 7f 7f 7f 7f 7f 7f 7f 7f 7f 7f 7f
fd fd fd fd fd fd fd fd fd fd fd fd fd fd fd fd
fd fd fd fd fd fd fd fd fd fd fd fd fd fd fd fd
7f 7f 7f 7f 7f 7f 7f 7f 7f 7f 7f 7f 7f 7f 7f 7f
7f 7f 7f 7f 7f 7f 7f 7f 7f 7f 7f 7f 7f 7f 7f 7f
fa fa fa fa fa fa fa fa fa fa fa fa fa fa fa fa
fa fa fa fa fa fa fa fa fa fa fa fa fa fa fa fa
7f 7f 7f 7f 7f 7f 7f 7f 7f 7f 7f 7f 7f 7f 7f 7f
7f 7f 7f 7f 7f 7f 7f 7f 7f 7f 7f 7f 7f 7f 7f 7f
f7 f7 f7 f7 f7 f7 f7 f7 f7 f7 f7 f7 f7 f7 f7 f7
f7 f7 f7 f7 f7 f7 f7 f7 f7 f7 f7 f7 f7 f7 f7 f7
7f 7f 7f 7f 7f 7f 7f 7f 7f 7f 7f 7f 7f 7f 7f 7f
7f 7f 7f 7f 7f 7f 7f 7f 7f 7f 7f 7f 7f 7f 7f 7f
f4 f4 f4 f4 f4 f4 f4 f4 f4 f4 f4 f4 f4 f4 f4 f4
f4 f4 f4 f4 f4 f4 f4 f4 f4 f4 f4 f4 f4 f4 f4 f4
7f 7f 7f 7f 7f 7f 7f 7f 7f 7f 7f 7f 7f 7f 7f 7f
7f 7f 7f 7f 7f 7f 7f 7f 7f 7f 7f 7f 7f 7f 7f 7f
f1 f1 f1 f1 f1 f1 f1 f1 f1 f1 f1 f1 f1 f1 f1 f1
f1 f1 f1 f1 f1 f1 f1 f1 f1 f1 f1 f1 f1 f1 f1 f1
ff ff ff ff ff ff ff ff ff ff ff ff ff ff ff ff
ff ff ff ff ff ff ff ff ff ff ff ff ff ff ff ff
7f 7f 7f 7f 7f 7f 7f 7f 7f 7f 7f 7f 7f 7f 7f 7f
7f 7f 7f 7f 7f 7f 7f 7f 7f 7f 7f 7f 7f 7f 7f 7f
fc fc fc fc fc fc fc fc fc fc fc fc fc fc fc fc
fc fc fc fc fc fc fc fc fc fc fc fc fc fc fc fc
7f 7f 7f 7f 7f 7f 7f 7f 7f 7f 7f 7f 7f 7f 7f 7f
7f 7f 7f 7f 7f 7f 7f 7f 7f 7f 7f 7f 7f 7f 7f 7f
f9 f9 f9 f9 f9 f9 f9 f9 f9 f9 f9 f9 f9 f9 f9 f9
f9 f9 f9 f9 f9 f9 f9 f9 f9 f9 f9 f9 f9 f9 f9 f9
7f 7f 7f 7f 7f 7f 7f 7f 7f 7f 7f 7f 7f 7f 7f 7f
7f 7f 7f 7f 7f 7f 7f 7f 7f 7f 7f 7f 7f 7f 7f 7f
f6 f6 f6 f6 f6 f6 f6 f6 f6 f6 f6 f6 f6 f6 f6 f6
f6 f6 f6 f6 f6 f6 f6 f6 f6 f6 f6 f6 f6 f6 f6 f6
7f 7f 7f 7f 7f 7f 7f 7f 7f 7f 7f 7f 7f 7f 7f 7f
7f 7f 7f 7f 7f 7f 7f 7f 7f 7f 7f 7f 7f 7f 7f 7f
f3 f3 f3 f3 f3 f3 f3 f3 f3 f3 f3 f3 f3 f3 f3 f3
f3 f3 f3 f3 f3 f3 f3 f3 f3 f3 f3 f3 f3 f3 f3 f3
40 40 40 40 40 40 40 40 40 40 40 40 40 40 40 40
40 40 40 40 40 40 40 40 40 40 40 40 40 40 40 40
7f 7f 7f 7f 7f 7f 7f 7f 7f 7f 7f 7f 7f 7f 7f 7f
7f 7f 7f 7f 7f 7f 7f 7f 7f 7f 7f 7f 7f 7f 7f 7f
fe fe fe fe fe fe fe fe fe fe fe fe fe fe fe fe
fe fe fe fe fe fe fe fe fe fe fe fe fe fe fe fe
7f 7f 7f 7f 7f 7f 7f 7f 7f 7f 7f 7f 7f 7f 7f 7f
7f 7f 7f 7f 7f 7f 7f 7f 7f 7f 7f 7f 7f 7f 7f 7f
fb fb fb fb fb fb fb fb fb fb fb fb fb fb fb fb
fb fb fb fb fb fb fb fb fb fb fb fb fb fb fb fb
7f 7f 7f 7f 7f 7f 7f 7f 7f 7f 7f 7f 7f 7f 7f 7f
7f 7f 7f 7f 7f 7f 7f 7f 7f 7f 7f 7f 7f 7f 7f 7f
f8 f8 f8 f8 f8 f8 f8 f8 f8 f8 f8 f8 f8 f8 f8 f8
f8 f8 f8 f8 f8 f8 f8 f8 f8 f8 f8 f8 f8 f8 f8 f8
7f 7f 7f 7f 7f 7f 7f 7f 7f 7f 7f 7f 7f 7f 7f 7f
7f 7f 7f 7f 7f 7f 7f 7f 7f 7f 7f 7f 7f 7f 7f 7f
f5 f5 f5 f5 f5 f5 f5 f5 f5 f5 f5 f5 f5 f5 f5 f5
f5 f5 f5 f5 f5 f5 f5 f5 f5 f5 f5 f5 f5 f5 f5 f5
7f 7f 7f 7f 7f 7f 7f 7f 7f 7f 7f 7f 7f 7f 7f 7f
7f 7f 7f 7f 7f 7f 7f 7f 7f 7f 7f 7f 7f 7f 7f 7f
f2 f2 f2 f2 f2 f2 f2 f2 f2 f2 f2 f2 f2 f2 f2 f2
f2 f2 f2 f2 f2 f2 f2 f2 f2 f2 f2 f2 f2 f2 f2 f2
00 00 00 00 00 00 00 00 00 00 00 00 00 00 00 00
00 00 00 00 00 00 00 00 00 00 00 00 00 00 00 00
7f 7f 7f 7f 7f 7f 7f 7f 7f 7f 7f 7f 7f 7f 7f 7f
7f 7f 7f 7f 7f 7f 7f 7f 7f 7f 7f 7f 7f 7f 7f 7f
fd fd fd fd fd fd fd fd fd fd fd fd fd fd fd fd
fd fd fd fd fd fd fd fd fd fd fd fd fd fd fd fd
7f 7f 7f 7f 7f 7f 7f 7f 7f 7f 7f 7f 7f 7f 7f 7f
7f 7f 7f 7f 7f 7f 7f 7f 7f 7f 7f 7f 7f 7f 7f 7f
fa fa fa fa fa fa fa fa fa fa fa fa fa fa fa fa
fa fa fa fa fa fa fa fa fa fa fa fa fa fa fa fa
7f 7f 7f 7f 7f 7f 7f 7f 7f 7f 7f 7f 7f 7f 7f 7f
7f 7f 7f 7f 7f 7f 7f 7f 7f 7f 7f 7f 7f 7f 7f 7f
f7 f7 f7 f7 f7 f7 f7 f7 f7 f7 f7 f7 f7 f7 f7 f7
f7 f7 f7 f7 f7 f7 f7 f7 f7 f7 f7 f7 f7 f7 f7 f7
7f 7f 7f 7f 7f 7f 7f 7f 7f 7f 7f 7f 7f 7f 7f 7f
7f 7f 7f 7f 7f 7f 7f 7f 7f 7f 7f 7f 7f 7f 7f 7f
f4 f4 f4 f4 f4 f4 f4 f4 f4 f4 f4 f4 f4 f4 f4 f4
f4 f4 f4 f4 f4 f4 f4 f4 f4 f4 f4 f4 f4 f4 f4 f4
7f 7f 7f 7f 7f 7f 7f 7f 7f 7f 7f 7f 7f 7f 7f 7f
7f 7f 7f 7f 7f 7f 7f 7f 7f 7f 7f 7f 7f 7f 7f 7f
f1 f1 f1 f1 f1 f1 f1 f1 f1 f1 f1 f1 f1 f1 f1 f1
f1 f1 f1 f1 f1 f1 f1 f1 f1 f1 f1 f1 f1 f1 f1 f1
ff ff ff ff ff ff ff ff ff ff ff ff ff ff ff ff
ff ff ff ff ff ff ff ff ff ff ff ff ff ff ff ff
7f 7f 7f 7f 7f 7f 7f 7f 7f 7f 7f 7f 7f 7f 7f 7f
7f 7f 7f 7f 7f 7f 7f 7f 7f 7f 7f 7f 7f 7f 7f 7f
fc fc fc fc fc fc fc fc fc fc fc fc fc fc fc fc
fc fc fc fc fc fc fc fc fc fc fc fc fc fc fc fc
7f 7f 7f 7f 7f 7f 7f 7f 7f 7f 7f 7f 7f 7f 7f 7f
7f 7f 7f 7f 7f 7f 7f 7f 7f 7f 7f 7f 7f 7f 7f 7f
f9 f9 f9 f9 f9 f9 f9 f9 f9 f9 f9 f9 f9 f9 f9 f9
f9 f9 f9 f9 f9 f9 f9 f9 f9 f9 f9 f9 f9 f9 f9 f9
7f 7f 7f 7f 7f 7f 7f 7f 7f 7f 7f 7f 7f 7f 7f 7f
7f 7f 7f 7f 7f 7f 7f 7f 7f 7f 7f 7f 7f 7f 7f 7f
f6 f6 f6 f6 f6 f6 f6 f6 f6 f6 f6 f6 f6 f6 f6 f6
f6 f6 f6 f6 f6 f6 f6 f6 f6 f6 f6 f6 f6 f6 f6 f6
7f 7f 7f 7f 7f 7f 7f 7f 7f 7f 7f 7f 7f 7f 7f 7f
7f 7f 7f 7f 7f 7f 7f 7f 7f 7f 7f 7f 7f 7f 7f 7f
f3 f3 f3 f3 f3 f3 f3 f3 f3 f3 f3 f3 f3 f3 f3 f3
f3 f3 f3 f3 f3 f3 f3 f3 f3 f3 f3 f3 f3 f3 f3 f3
40 40 40 40 40 40 40 40 40 40 40 40 40 40 40 40
40 40 40 40 40 40 40 40 40 40 40 40 40 40 40 40
7f 7f 7f 7f 7f 7f 7f 7f 7f 7f 7f 7f 7f 7f 7f 7f
7f 7f 7f 7f 7f 7f 7f 7f 7f 7f 7f 7f 7f 7f 7f 7f
fe fe fe fe fe fe fe fe fe fe fe fe fe fe fe fe
fe fe fe fe fe fe fe fe fe fe fe fe fe fe fe fe
7f 7f 7f 7f 7f 7f 7f 7f 7f 7f 7f 7f 7f 7f 7f 7f
7f 7f 7f 7f 7f 7f 7f 7f 7f 7f 7f 7f 7f 7f 7f 7f
fb fb fb fb fb fb fb fb fb fb fb fb fb fb fb fb
fb fb fb fb fb fb fb fb fb fb fb fb fb fb fb fb
7f 7f 7f 7f 7f 7f 7f 7f 7f 7f 7f 7f 7f 7f 7f 7f
7f 7f 7f 7f 7f 7f 7f 7f 7f 7f 7f 7f 7f 7f 7f 7f
f8 f8 f8 f8 f8 f8 f8 f8 f8 f8 f8 f8 f8 f8 f8 f8
f8 f8 f8 f8 f8 f8 f8 f8 f8 f8 f8 f8 f8 f8 f8 f8
7f 7f 7f 7f 7f 7f 7f 7f 7f 7f 7f 7f 7f 7f 7f 7f
7f 7f 7f 7f 7f 7f 7f 7f 7f 7f 7f 7f 7f 7f 7f 7f
f5 f5 f5 f5 f5 f5 f5 f5 f5 f5 f5 f5 f5 f5 f5 f5
f5 f5 f5 f5 f5 f5 f5 f5 f5 f5 f5 f5 f5 f5 f5 f5
7f 7f 7f 7f 7f 7f 7f 7f 7f 7f 7f 7f 7f 7f 7f 7f
7f 7f 7f 7f 7f 7f 7f 7f 7f 7f 7f 7f 7f 7f 7f 7f
f2 f2 f2 f2 f2 f2 f2 f2 f2 f2 f2 f2 f2 f2 f2 f2
f2 f2 f2 f2 f2 f2 f2 f2 f2 f2 f2 f2 f2 f2 f2 f2
00 00 00 00 00 00 00 00 00 00 00 00 00 00 00 00
00 00 00 00 00 00 00 00 00 00 00 00 00 00 00 00
7f 7f 7f 7f 7f 7f 7f 7f 7f 7f 7f 7f 7f 7f 7f 7f
7f 7f 7f 7f 7f 7f 7f 7f 7f 7f 7f 7f 7f 7f 7f 7f
fd fd fd fd fd fd fd fd fd fd fd fd fd fd fd fd
fd fd fd fd fd fd fd fd fd fd fd fd fd fd fd fd
7f 7f 7f 7f 7f 7f 7f 7f 7f 7f 7f 7f 7f 7f 7f 7f
7f 7f 7f 7f 7f 7f 7f 7f 7f 7f 7f 7f 7f 7f 7f 7f
fa fa fa fa fa fa fa fa fa fa fa fa fa fa fa fa
fa fa fa fa fa fa fa fa fa fa fa fa fa fa fa fa
7f 7f 7f 7f 7f 7f 7f 7f 7f 7f 7f 7f 7f 7f 7f 7f
7f 7f 7f 7f 7f 7f 7f 7f 7f 7f 7f 7f 7f 7f 7f 7f
f7 f7 f7 f7 f7 f7 f7 f7 f7 f7 f7 f7 f7 f7 f7 f7
f7 f7 f7 f7 f7 f7 f7 f7 f7 f7 f7 f7 f7 f7 f7 f7
7f 7f 7f 7f 7f 7f 7f 7f 7f 7f 7f 7f 7f 7f 7f 7f
7f 7f 7f 7f 7f 7f 7f 7f 7f 7f 7f 7f 7f 7f 7f 7f
f4 f4 f4 f4 f4 f4 f4 f4 f4 f4 f4 f4 f4 f4 f4 f4
f4 f4 f4 f4 f4 f4 f4 f4 f4 f4 f4 f4 f4 f4 f4 f4
7f 7f 7f 7f 7f 7f 7f 7f 7f 7f 7f 7f 7f 7f 7f 7f
7f 7f 7f 7f 7f 7f 7f 7f 7f 7f 7f 7f 7f 7f 7f 7f
f1 f1 f1 f1 f1 f1 f1 f1 f1 f1 f1 f1 f1 f1 f1 f1
f1 f1 f1 f1 f1 f1 f1 f1 f1 f1 f1 f1 f1 f1 f1 f1
ff ff ff ff ff ff ff ff ff ff ff ff ff ff ff ff
ff ff ff ff ff ff ff ff ff ff ff ff ff ff ff ff
7f 7f 7f 7f 7f 7f 7f 7f 7f 7f 7f 7f 7f 7f 7f 7f
7f 7f 7f 7f 7f 7f 7f 7f 7f 7f 7f 7f 7f 7f 7f 7f
@02e000
f4 f4 f4 f4 f4 f4 f4 f4 f4 f4 f4 f4 f4 f4 f4 f4
f4 f4 f4 f4 f4 f4 f4 f4 f4 f4 f4 f4 f4 f4 f4 f4
7f 7f 7f 7f 7f 7f 7f 7f 7f 7f 7f 7f 7f 7f 7f 7f
7f 7f 7f 7f 7f 7f 7f 7f 7f 7f 7f 7f 7f 7f 7f 7f
7f 7f 7f 7f 7f 7f 7f 7f 7f 7f 7f 7f 7f 7f 7f 7f
7f 7f 7f 7f 7f 7f 7f 7f 7f 7f 7f 7f 7f 7f 7f 7f
40 40 40 40 40 40 40 40 40 40 40 40 40 40 40 40
40 40 40 40 40 40 40 40 40 40 40 40 40 40 40 40
fb fb fb fb fb fb fb fb fb fb fb fb fb fb fb fb
fb fb fb fb fb fb fb fb fb fb fb fb fb fb fb fb
f5 f5 f5 f5 f5 f5 f5 f5 f5 f5 f5 f5 f5 f5 f5 f5
f5 f5 f5 f5 f5 f5 f5 f5 f5 f5 f5 f5 f5 f5 f5 f5
7f 7f 7f 7f 7f 7f 7f 7f 7f 7f 7f 7f 7f 7f 7f 7f
7f 7f 7f 7f 7f 7f 7f 7f 7f 7f 7f 7f 7f 7f 7f 7f
7f 7f 7f 7f 7f 7f 7f 7f 7f 7f 7f 7f 7f 7f 7f 7f
7f 7f 7f 7f 7f 7f 7f 7f 7f 7f 7f 7f 7f 7f 7f 7f
7f 7f 7f 7f 7f 7f 7f 7f 7f 7f 7f 7f 7f 7f 7f 7f
7f 7f 7f 7f 7f 7f 7f 7f 7f 7f 7f 7f 7f 7f 7f 7f
fc fc fc fc fc fc fc fc fc fc fc fc fc fc fc fc
fc fc fc fc fc fc fc fc fc fc fc fc fc fc fc fc
f6 f6 f6 f6 f6 f6 f6 f6 f6 f6 f6 f6 f6 f6 f6 f6
f6 f6 f6 f6 f6 f6 f6 f6 f6 f6 f6 f6 f6 f6 f6 f6
7f 7f 7f 7f 7f 7f 7f 7f 7f 7f 7f 7f 7f 7f 7f 7f
7f 7f 7f 7f 7f 7f 7f 7f 7f 7f 7f 7f 7f 7f 7f 7f
7f 7f 7f 7f 7f 7f 7f 7f 7f 7f 7f 7f 7f 7f 7f 7f
7f 7f 7f 7f 7f 7f 7f 7f 7f 7f 7f 7f 7f 7f 7f 7f
7f 7f 7f 7f 7f 7f 7f 7f 7f 7f 7f 7f 7f 7f 7f 7f
7f 7f 7f 7f 7f 7f 7f 7f 7f 7f 7f 7f 7f 7f 7f 7f
fd fd fd fd fd fd fd fd fd fd fd fd fd fd fd fd
fd fd fd fd fd fd fd fd fd fd fd fd fd fd fd fd
f7 f7 f7 f7 f7 f7 f7 f7 f7 f7 f7 f7 f7 f7 f7 f7
f7 f7 f7 f7 f7 f7 f7 f7 f7 f7 f7 f7 f7 f7 f7 f7
f1 f1 f1 f1 f1 f1 f1 f1 f1 f1 f1 f1 f1 f1 f1 f1
f1 f1 f1 f1 f1 f1 f1 f1 f1 f1 f1 f1 f1 f1 f1 f1
7f 7f 7f 7f 7f 7f 7f 7f 7f 7f 7f 7f 7f 7f 7f 7f
7f 7f 7f 7f 7f 7f 7f 7f 7f 7f 7f 7f 7f 7f 7f 7f
7f 7f 7f 7f 7f 7f 7f 7f 7f 7f 7f 7f 7f 7f 7f 7f
7f 7f 7f 7f 7f 7f 7f 7f 7f 7f 7f 7f 7f 7f 7f 7f
fe fe fe fe fe fe fe fe fe fe fe fe fe fe fe fe
fe fe fe fe fe fe fe fe fe fe fe fe fe fe fe fe
f8 f8 f8 f8 f8 f8 f8 f8 f8 f8 f8 f8 f8 f8 f8 f8
f8 f8 f8 f8 f8 f8 f8 f8 f8 f8 f8 f8 f8 f8 f8 f8
f2 f2 f2 f2 f2 f2 f2 f2 f2 f2 f2 f2 f2 f2 f2 f2
f2 f2 f2 f2 f2 f2 f2 f2 f2 f2 f2 f2 f2 f2 f2 f2
7f 7f 7f 7f 7f 7f 7f 7f 7f 7f 7f 7f 7f 7f 7f 7f
7f 7f 7f 7f 7f 7f 7f 7f 7f 7f 7f 7f 7f 7f 7f 7f
7f 7f 7f 7f 7f 7f 7f 7f 7f 7f 7f 7f 7f 7f 7f 7f
7f 7f 7f 7f 7f 7f 7f 7f 7f 7f 7f 7f 7f 7f 7f 7f
ff ff ff ff ff ff ff ff ff ff ff ff ff ff ff ff
ff ff ff ff ff ff ff ff ff ff ff ff ff ff ff ff
f9 f9 f9 f9 f9 f9 f9 f9 f9 f9 f9 f9 f9 f9 f9 f9
f9 f9 f9 f9 f9 f9 f9 f9 f9 f9 f9 f9 f9 f9 f9 f9
f3 f3 f3 f3 f3 f3 f3 f3 f3 f3 f3 f3 f3 f3 f3 f3
f3 f3 f3 f3 f3 f3 f3 f3 f3 f3 f3 f3 f3 f3 f3 f3
7f 7f 7f 7f 7f 7f 7f 7f 7f 7f 7f 7f 7f 7f 7f 7f
7f 7f 7f 7f 7f 7f 7f 7f 7f 7f 7f 7f 7f 7f 7f 7f
7f 7f 7f 7f 7f 7f 7f 7f 7f 7f 7f 7f 7f 7f 7f 7f
7f 7f 7f 7f 7f 7f 7f 7f 7f 7f 7f 7f 7f 7f 7f 7f
00 00 00 00 00 00 00 00 00 00 00 00 00 00 00 00
00 00 00 00 00 00 00 00 00 00 00 00 00 00 00 00
fa fa fa fa fa fa fa fa fa fa fa fa fa fa fa fa
fa fa fa fa fa fa fa fa fa fa fa fa fa fa fa fa
f4 f4 f4 f4 f4 f4 f4 f4 f4 f4 f4 f4 f4 f4 f4 f4
f4 f4 f4 f4 f4 f4 f4 f4 f4 f4 f4 f4 f4 f4 f4 f4
7f 7f 7f 7f 7f 7f 7f 7f 7f 7f 7f 7f 7f 7f 7f 7f
7f 7f 7f 7f 7f 7f 7f 7f 7f 7f 7f 7f 7f 7f 7f 7f
7f 7f 7f 7f 7f 7f 7f 7f 7f 7f 7f 7f 7f 7f 7f 7f
7f 7f 7f 7f 7f 7f 7f 7f 7f 7f 7f 7f 7f 7f 7f 7f
40 40 40 40 40 40 40 40 40 40 40 40 40 40 40 40
40 40 40 40 40 40 40 40 40 40 40 40 40 40 40 40
fb fb fb fb fb fb fb fb fb fb fb fb fb fb fb fb
fb fb fb fb fb fb fb fb fb fb fb fb fb fb fb fb
f5 f5 f5 f5 f5 f5 f5 f5 f5 f5 f5 f5 f5 f5 f5 f5
f5 f5 f5 f5 f5 f5 f5 f5 f5 f5 f5 f5 f5 f5 f5 f5
7f 7f 7f 7f 7f 7f 7f 7f 7f 7f 7f 7f 7f 7f 7f 7f
7f 7f 7f 7f 7f 7f 7f 7f 7f 7f 7f 7f 7f 7f 7f 7f
7f 7f 7f 7f 7f 7f 7f 7f 7f 7f 7f 7f 7f 7f 7f 7f
7f 7f 7f 7f 7f 7f 7f 7f 7f 7f 7f 7f 7f 7f 7f 7f
7f 7f 7f 7f 7f 7f 7f 7f 7f 7f 7f 7f 7f 7f 7f 7f
7f 7f 7f 7f 7f 7f 7f 7f 7f 7f 7f 7f 7f 7f 7f 7f
@030000
f4 f4 f4 f4 f4 f4 f4 f4 f4 f4 f4 f4 f4 f4 f4 f4
7f 7f 7f 7f 7f 7f 7f 7f 7f 7f 7f 7f 7f 7f 7f 7f
7f 7f 7f 7f 7f 7f 7f 7f 7f 7f 7f 7f 7f 7f 7f 7f
40 40 40 40 40 40 40 40 40 40 40 40 40 40 40 40
fb fb fb fb fb fb fb fb fb fb fb fb fb fb fb fb
f5 f5 f5 f5 f5 f5 f5 f5 f5 f5 f5 f5 f5 f5 f5 f5
7f 7f 7f 7f 7f 7f 7f 7f 7f 7f 7f 7f 7f 7f 7f 7f
7f 7f 7f 7f 7f 7f 7f 7f 7f 7f 7f 7f 7f 7f 7f 7f
7f 7f 7f 7f 7f 7f 7f 7f 7f 7f 7f 7f 7f 7f 7f 7f
fc fc fc fc fc fc fc fc fc fc fc fc fc fc fc fc
f6 f6 f6 f6 f6 f6 f6 f6 f6 f6 f6 f6 f6 f6 f6 f6
7f 7f 7f 7f 7f 7f 7f 7f 7f 7f 7f 7f 7f 7f 7f 7f
7f 7f 7f 7f 7f 7f 7f 7f 7f 7f 7f 7f 7f 7f 7f 7f
7f 7f 7f 7f 7f 7f 7f 7f 7f 7f 7f 7f 7f 7f 7f 7f
fd fd fd fd fd fd fd fd fd fd fd fd fd fd fd fd
f7 f7 f7 f7 f7 f7 f7 f7 f7 f7 f7 f7 f7 f7 f7 f7
f1 f1 f1 f1 f1 f1 f1 f1 f1 f1 f1 f1 f1 f1 f1 f1
7f 7f 7f 7f 7f 7f 7f 7f 7f 7f 7f 7f 7f 7f 7f 7f
7f 7f 7f 7f 7f 7f 7f 7f 7f 7f 7f 7f 7f 7f 7f 7f
fe fe fe fe fe fe fe fe fe fe fe fe fe fe fe fe
f8 f8 f8 f8 f8 f8 f8 f8 f8 f8 f8 f8 f8 f8 f8 f8
f2 f2 f2 f2 f2 f2 f2 f2 f2 f2 f2 f2 f2 f2 f2 f2
7f 7f 7f 7f 7f 7f 7f 7f 7f 7f 7f 7f 7f 7f 7f 7f
7f 7f 7f 7f 7f 7f 7f 7f 7f 7f 7f 7f 7f 7f 7f 7f
ff ff ff ff ff ff ff ff ff ff ff ff ff ff ff ff
f9 f9 f9 f9 f9 f9 f9 f9 f9 f9 f9 f9 f9 f9 f9 f9
f3 f3 f3 f3 f3 f3 f3 f3 f3 f3 f3 f3 f3 f3 f3 f3
7f 7f 7f 7f 7f 7f 7f 7f 7f 7f 7f 7f 7f 7f 7f 7f
7f 7f 7f 7f 7f 7f 7f 7f 7f 7f 7f 7f 7f 7f 7f 7f
00 00 00 00 00 00 00 00 00 00 00 00 00 00 00 00
fa fa fa fa fa fa fa fa fa fa fa fa fa fa fa fa
f4 f4 f4 f4 f4 f4 f4 f4 f4 f4 f4 f4 f4 f4 f4 f4
7f 7f 7f 7f 7f 7f 7f 7f 7f 7f 7f 7f 7f 7f 7f 7f
7f 7f 7f 7f 7f 7f 7f 7f 7f 7f 7f 7f 7f 7f 7f 7f
40 40 40 40 40 40 40 40 40 40 40 40 40 40 40 40
fb fb fb fb fb fb fb fb fb fb fb fb fb fb fb fb
f5 f5 f5 f5 f5 f5 f5 f5 f5 f5 f5 f5 f5 f5 f5 f5
7f 7f 7f 7f 7f 7f 7f 7f 7f 7f 7f 7f 7f 7f 7f 7f
7f 7f 7f 7f 7f 7f 7f 7f 7f 7f 7f 7f 7f 7f 7f 7f
7f 7f 7f 7f 7f 7f 7f 7f 7f 7f 7f 7f 7f 7f 7f 7f
@032000
f4 f4 f4 f4 f4 f4 f4 f4 f4 f4 f4 f4 f4 f4 f4 f4
f4 f4 f4 f4 f4 f4 f4 f4 f4 f4 f4 f4 f4 f4 f4 f4
f4 f4 f4 f4 f4 f4 f4 f4 f4 f4 f4 f4 f4 f4 f4 f4
f4 f4 f4 f4 f4 f4 f4 f4 f4 f4 f4 f4 f4 f4 f4 f4
7f 7f 7f 7f 7f 7f 7f 7f 7f 7f 7f 7f 7f 7f 7f 7f
7f 7f 7f 7f 7f 7f 7f 7f 7f 7f 7f 7f 7f 7f 7f 7f
7f 7f 7f 7f 7f 7f 7f 7f 7f 7f 7f 7f 7f 7f 7f 7f
7f 7f 7f 7f 7f 7f 7f 7f 7f 7f 7f 7f 7f 7f 7f 7f
7f 7f 7f 7f 7f 7f 7f 7f 7f 7f 7f 7f 7f 7f 7f 7f
7f 7f 7f 7f 7f 7f 7f 7f 7f 7f 7f 7f 7f 7f 7f 7f
7f 7f 7f 7f 7f 7f 7f 7f 7f 7f 7f 7f 7f 7f 7f 7f
7f 7f 7f 7f 7f 7f 7f 7f 7f 7f 7f 7f 7f 7f 7f 7f
40 40 40 40 40 40 40 40 40 40 40 40 40 40 40 40
40 40 40 40 40 40 40 40 40 40 40 40 40 40 40 40
40 40 40 40 40 40 40 40 40 40 40 40 40 40 40 40
40 40 40 40 40 40 40 40 40 40 40 40 40 40 40 40
fb fb fb fb fb fb fb fb fb fb fb fb fb fb fb fb
fb fb fb fb fb fb fb fb fb fb fb fb fb fb fb fb
fb fb fb fb fb fb fb fb fb fb fb fb fb fb fb fb
fb fb fb fb fb fb fb fb fb fb fb fb fb fb fb fb
f5 f5 f5 f5 f5 f5 f5 f5 f5 f5 f5 f5 f5 f5 f5 f5
f5 f5 f5 f5 f5 f5 f5 f5 f5 f5 f5 f5 f5 f5 f5 f5
f5 f5 f5 f5 f5 f5 f5 f5 f5 f5 f5 f5 f5 f5 f5 f5
f5 f5 f5 f5 f5 f5 f5 f5 f5 f5 f5 f5 f5 f5 f5 f5
7f 7f 7f 7f 7f 7f 7f 7f 7f 7f 7f 7f 7f 7f 7f 7f
7f 7f 7f 7f 7f 7f 7f 7f 7f 7f 7f 7f 7f 7f 7f 7f
7f 7f 7f 7f 7f 7f 7f 7f 7f 7f 7f 7f 7f 7f 7f 7f
7f 7f 7f 7f 7f 7f 7f 7f 7f 7f 7f 7f 7f 7f 7f 7f
7f 7f 7f 7f 7f 7f 7f 7f 7f 7f 7f 7f 7f 7f 7f 7f
7f 7f 7f 7f 7f 7f 7f 7f 7f 7f 7f 7f 7f 7f 7f 7f
7f 7f 7f 7f 7f 7f 7f 7f 7f 7f 7f 7f 7f 7f 7f 7f
7f 7f 7f 7f 7f 7f 7f 7f 7f 7f 7f 7f 7f 7f 7f 7f
7f 7f 7f 7f 7f 7f 7f 7f 7f 7f 7f 7f 7f 7f 7f 7f
7f 7f 7f 7f 7f 7f 7f 7f 7f 7f 7f 7f 7f 7f 7f 7f
7f 7f 7f 7f 7f 7f 7f 7f 7f 7f 7f 7f 7f 7f 7f 7f
7f 7f 7f 7f 7f 7f 7f 7f 7f 7f 7f 7f 7f 7f 7f 7f
fc fc fc fc fc fc fc fc fc fc fc fc fc fc fc fc
fc fc fc fc fc fc fc fc fc fc fc fc fc fc fc fc
fc fc fc fc fc fc fc fc fc fc fc fc fc fc fc fc
fc fc fc fc fc fc fc fc fc fc fc fc fc fc fc fc
f6 f6 f6 f6 f6 f6 f6 f6 f6 f6 f6 f6 f6 f6 f6 f6
f6 f6 f6 f6 f6 f6 f6 f6 f6 f6 f6 f6 f6 f6 f6 f6
f6 f6 f6 f6 f6 f6 f6 f6 f6 f6 f6 f6 f6 f6 f6 f6
f6 f6 f6 f6 f6 f6 f6 f6 f6 f6 f6 f6 f6 f6 f6 f6
7f 7f 7f 7f 7f 7f 7f 7f 7f 7f 7f 7f 7f 7f 7f 7f
7f 7f 7f 7f 7f 7f 7f 7f 7f 7f 7f 7f 7f 7f 7f 7f
7f 7f 7f 7f 7f 7f 7f 7f 7f 7f 7f 7f 7f 7f 7f 7f
7f 7f 7f 7f 7f 7f 7f 7f 7f 7f 7f 7f 7f 7f 7f 7f
7f 7f 7f 7f 7f 7f 7f 7f 7f 7f 7f 7f 7f 7f 7f 7f
7f 7f 7f 7f 7f 7f 7f 7f 7f 7f 7f 7f 7f 7f 7f 7f
7f 7f 7f 7f 7f 7f 7f 7f 7f 7f 7f 7f 7f 7f 7f 7f
7f 7f 7f 7f 7f 7f 7f 7f 7f 7f 7f 7f 7f 7f 7f 7f
7f 7f 7f 7f 7f 7f 7f 7f 7f 7f 7f 7f 7f 7f 7f 7f
7f 7f 7f 7f 7f 7f 7f 7f 7f 7f 7f 7f 7f 7f 7f 7f
7f 7f 7f 7f 7f 7f 7f 7f 7f 7f 7f 7f 7f 7f 7f 7f
7f 7f 7f 7f 7f 7f 7f 7f 7f 7f 7f 7f 7f 7f 7f 7f
fd fd fd fd fd fd fd fd fd fd fd fd fd fd fd fd
fd fd fd fd fd fd fd fd fd fd fd fd fd fd fd fd
fd fd fd fd fd fd fd fd fd fd fd fd fd fd fd fd
fd fd fd fd fd fd fd fd fd fd fd fd fd fd fd fd
f7 f7 f7 f7 f7 f7 f7 f7 f7 f7 f7 f7 f7 f7 f7 f7
f7 f7 f7 f7 f7 f7 f7 f7 f7 f7 f7 f7 f7 f7 f7 f7
f7 f7 f7 f7 f7 f7 f7 f7 f7 f7 f7 f7 f7 f7 f7 f7
f7 f7 f7 f7 f7 f7 f7 f7 f7 f7 f7 f7 f7 f7 f7 f7
f1 f1 f1 f1 f1 f1 f1 f1 f1 f1 f1 f1 f1 f1 f1 f1
f1 f1 f1 f1 f1 f1 f1 f1 f1 f1 f1 f1 f1 f1 f1 f1
f1 f1 f1 f1 f1 f1 f1 f1 f1 f1 f1 f1 f1 f1 f1 f1
f1 f1 f1 f1 f1 f1 f1 f1 f1 f1 f1 f1 f1 f1 f1 f1
7f 7f 7f 7f 7f 7f 7f 7f 7f 7f 7f 7f 7f 7f 7f 7f
7f 7f 7f 7f 7f 7f 7f 7f 7f 7f 7f 7f 7f 7f 7f 7f
7f 7f 7f 7f 7f 7f 7f 7f 7f 7f 7f 7f 7f 7f 7f 7f
7f 7f 7f 7f 7f 7f 7f 7f 7f 7f 7f 7f 7f 7f 7f 7f
7f 7f 7f 7f 7f 7f 7f 7f 7f 7f 7f 7f 7f 7f 7f 7f
7f 7f 7f 7f 7f 7f 7f 7f 7f 7f 7f 7f 7f 7f 7f 7f
7f 7f 7f 7f 7f 7f 7f 7f 7f 7f 7f 7f 7f 7f 7f 7f
7f 7f 7f 7f 7f 7f 7f 7f 7f 7f 7f 7f 7f 7f 7f 7f
fe fe fe fe fe fe fe fe fe fe fe fe fe fe fe fe
fe fe fe fe fe fe fe fe fe fe fe fe fe fe fe fe
fe fe fe fe fe fe fe fe fe fe fe fe fe fe fe fe
fe fe fe fe fe fe fe fe fe fe fe fe fe fe fe fe
f8 f8 f8 f8 f8 f8 f8 f8 f8 f8 f8 f8 f8 f8 f8 f8
f8 f8 f8 f8 f8 f8 f8 f8 f8 f8 f8 f8 f8 f8 f8 f8
f8 f8 f8 f8 f8 f8 f8 f8 f8 f8 f8 f8 f8 f8 f8 f8
f8 f8 f8 f8 f8 f8 f8 f8 f8 f8 f8 f8 f8 f8 f8 f8
f2 f2 f2 f2 f2 f2 f2 f2 f2 f2 f2 f2 f2 f2 f2 f2
f2 f2 f2 f2 f2 f2 f2 f2 f2 f2 f2 f2 f2 f2 f2 f2
f2 f2 f2 f2 f2 f2 f2 f2 f2 f2 f2 f2 f2 f2 f2 f2
f2 f2 f2 f2 f2 f2 f2 f2 f2 f2 f2 f2 f2 f2 f2 f2
7f 7f 7f 7f 7f 7f 7f 7f 7f 7f 7f 7f 7f 7f 7f 7f
7f 7f 7f 7f 7f 7f 7f 7f 7f 7f 7f 7f 7f 7f 7f 7f
7f 7f 7f 7f 7f 7f 7f 7f 7f 7f 7f 7f 7f 7f 7f 7f
7f 7f 7f 7f 7f 7f 7f 7f 7f 7f 7f 7f 7f 7f 7f 7f
7f 7f 7f 7f 7f 7f 7f 7f 7f 7f 7f 7f 7f 7f 7f 7f
7f 7f 7f 7f 7f 7f 7f 7f 7f 7f 7f 7f 7f 7f 7f 7f
7f 7f 7f 7f 7f 7f 7f 7f 7f 7f 7f 7f 7f 7f 7f 7f
7f 7f 7f 7f 7f 7f 7f 7f 7f 7f 7f 7f 7f 7f 7f 7f
ff ff ff ff ff ff ff ff ff ff ff ff ff ff ff ff
ff ff ff ff ff ff ff ff ff ff ff ff ff ff ff ff
ff ff ff ff ff ff ff ff ff ff ff ff ff ff ff ff
ff ff ff ff ff ff ff ff ff ff ff ff ff ff ff ff
f9 f9 f9 f9 f9 f9 f9 f9 f9 f9 f9 f9 f9 f9 f9 f9
f9 f9 f9 f9 f9 f9 f9 f9 f9 f9 f9 f9 f9 f9 f9 f9
f9 f9 f9 f9 f9 f9 f9 f9 f9 f9 f9 f9 f9 f9 f9 f9
f9 f9 f9 f9 f9 f9 f9 f9 f9 f9 f9 f9 f9 f9 f9 f9
f3 f3 f3 f3 f3 f3 f3 f3 f3 f3 f3 f3 f3 f3 f3 f3
f3 f3 f3 f3 f3 f3 f3 f3 f3 f3 f3 f3 f3 f3 f3 f3
f3 f3 f3 f3 f3 f3 f3 f3 f3 f3 f3 f3 f3 f3 f3 f3
f3 f3 f3 f3 f3 f3 f3 f3 f3 f3 f3 f3 f3 f3 f3 f3
7f 7f 7f 7f 7f 7f 7f 7f 7f 7f 7f 7f 7f 7f 7f 7f
7f 7f 7f 7f 7f 7f 7f 7f 7f 7f 7f 7f 7f 7f 7f 7f
7f 7f 7f 7f 7f 7f 7f 7f 7f 7f 7f 7f 7f 7f 7f 7f
7f 7f 7f 7f 7f 7f 7f 7f 7f 7f 7f 7f 7f 7f 7f 7f
7f 7f 7f 7f 7f 7f 7f 7f 7f 7f 7f 7f 7f 7f 7f 7f
7f 7f 7f 7f 7f 7f 7f 7f 7f 7f 7f 7f 7f 7f 7f 7f
7f 7f 7f 7f 7f 7f 7f 7f 7f 7f 7f 7f 7f 7f 7f 7f
7f 7f 7f 7f 7f 7f 7f 7f 7f 7f 7f 7f 7f 7f 7f 7f
00 00 00 00 00 00 00 00 00 00 00 00 00 00 00 00
00 00 00 00 00 00 00 00 00 00 00 00 00 00 00 00
00 00 00 00 00 00 00 00 00 00 00 00 00 00 00 00
00 00 00 00 00 00 00 00 00 00 00 00 00 00 00 00
fa fa fa fa fa fa fa fa fa fa fa fa fa fa fa fa
fa fa fa fa fa fa fa fa fa fa fa fa fa fa fa fa
fa fa fa fa fa fa fa fa fa fa fa fa fa fa fa fa
fa fa fa fa fa fa fa fa fa fa fa fa fa fa fa fa
f4 f4 f4 f4 f4 f4 f4 f4 f4 f4 f4 f4 f4 f4 f4 f4
f4 f4 f4 f4 f4 f4 f4 f4 f4 f4 f4 f4 f4 f4 f4 f4
f4 f4 f4 f4 f4 f4 f4 f4 f4 f4 f4 f4 f4 f4 f4 f4
f4 f4 f4 f4 f4 f4 f4 f4 f4 f4 f4 f4 f4 f4 f4 f4
7f 7f 7f 7f 7f 7f 7f 7f 7f 7f 7f 7f 7f 7f 7f 7f
7f 7f 7f 7f 7f 7f 7f 7f 7f 7f 7f 7f 7f 7f 7f 7f
7f 7f 7f 7f 7f 7f 7f 7f 7f 7f 7f 7f 7f 7f 7f 7f
7f 7f 7f 7f 7f 7f 7f 7f 7f 7f 7f 7f 7f 7f 7f 7f
7f 7f 7f 7f 7f 7f 7f 7f 7f 7f 7f 7f 7f 7f 7f 7f
7f 7f 7f 7f 7f 7f 7f 7f 7f 7f 7f 7f 7f 7f 7f 7f
7f 7f 7f 7f 7f 7f 7f 7f 7f 7f 7f 7f 7f 7f 7f 7f
7f 7f 7f 7f 7f 7f 7f 7f 7f 7f 7f 7f 7f 7f 7f 7f
40 40 40 40 40 40 40 40 40 40 40 40 40 40 40 40
40 40 40 40 40 40 40 40 40 40 40 40 40 40 40 40
40 40 40 40 40 40 40 40 40 40 40 40 40 40 40 40
40 40 40 40 40 40 40 40 40 40 40 40 40 40 40 40
fb fb fb fb fb fb fb fb fb fb fb fb fb fb fb fb
fb fb fb fb fb fb fb fb fb fb fb fb fb fb fb fb
fb fb fb fb fb fb fb fb fb fb fb fb fb fb fb fb
fb fb fb fb fb fb fb fb fb fb fb fb fb fb fb fb
f5 f5 f5 f5 f5 f5 f5 f5 f5 f5 f5 f5 f5 f5 f5 f5
f5 f5 f5 f5 f5 f5 f5 f5 f5 f5 f5 f5 f5 f5 f5 f5
f5 f5 f5 f5 f5 f5 f5 f5 f5 f5 f5 f5 f5 f5 f5 f5
f5 f5 f5 f5 f5 f5 f5 f5 f5 f5 f5 f5 f5 f5 f5 f5
7f 7f 7f 7f 7f 7f 7f 7f 7f 7f 7f 7f 7f 7f 7f 7f
7f 7f 7f 7f 7f 7f 7f 7f 7f 7f 7f 7f 7f 7f 7f 7f
7f 7f 7f 7f 7f 7f 7f 7f 7f 7f 7f 7f 7f 7f 7f 7f
7f 7f 7f 7f 7f 7f 7f 7f 7f 7f 7f 7f 7f 7f 7f 7f
7f 7f 7f 7f 7f 7f 7f 7f 7f 7f 7f 7f 7f 7f 7f 7f
7f 7f 7f 7f 7f 7f 7f 7f 7f 7f 7f 7f 7f 7f 7f 7f
7f 7f 7f 7f 7f 7f 7f 7f 7f 7f 7f 7f 7f 7f 7f 7f
7f 7f 7f 7f 7f 7f 7f 7f 7f 7f 7f 7f 7f 7f 7f 7f
7f 7f 7f 7f 7f 7f 7f 7f 7f 7f 7f 7f 7f 7f 7f 7f
7f 7f 7f 7f 7f 7f 7f 7f 7f 7f 7f 7f 7f 7f 7f 7f
7f 7f 7f 7f 7f 7f 7f 7f 7f 7f 7f 7f 7f 7f 7f 7f
7f 7f 7f 7f 7f 7f 7f 7f 7f 7f 7f 7f 7f 7f 7f 7f
@034000
f4 f4 f4 f4 f4 f4 f4 f4 f4 f4 f4 f4 f4 f4 f4 f4
f4 f4 f4 f4 f4 f4 f4 f4 f4 f4 f4 f4 f4 f4 f4 f4
f4 f4 f4 f4 f4 f4 f4 f4 f4 f4 f4 f4 f4 f4 f4 f4
f4 f4 f4 f4 f4 f4 f4 f4 f4 f4 f4 f4 f4 f4 f4 f4
7f 7f 7f 7f 7f 7f 7f 7f 7f 7f 7f 7f 7f 7f 7f 7f
7f 7f 7f 7f 7f 7f 7f 7f 7f 7f 7f 7f 7f 7f 7f 7f
7f 7f 7f 7f 7f 7f 7f 7f 7f 7f 7f 7f 7f 7f 7f 7f
7f 7f 7f 7f 7f 7f 7f 7f 7f 7f 7f 7f 7f 7f 7f 7f
7f 7f 7f 7f 7f 7f 7f 7f 7f 7f 7f 7f 7f 7f 7f 7f
7f 7f 7f 7f 7f 7f 7f 7f 7f 7f 7f 7f 7f 7f 7f 7f
7f 7f 7f 7f 7f 7f 7f 7f 7f 7f 7f 7f 7f 7f 7f 7f
7f 7f 7f 7f 7f 7f 7f 7f 7f 7f 7f 7f 7f 7f 7f 7f
40 40 40 40 40 40 40 40 40 40 40 40 40 40 40 40
40 40 40 40 40 40 40 40 40 40 40 40 40 40 40 40
40 40 40 40 40 40 40 40 40 40 40 40 40 40 40 40
40 40 40 40 40 40 40 40 40 40 40 40 40 40 40 40
fb fb fb fb fb fb fb fb fb fb fb fb fb fb fb fb
fb fb fb fb fb fb fb fb fb fb fb fb fb fb fb fb
fb fb fb fb fb fb fb fb fb fb fb fb fb fb fb fb
fb fb fb fb fb fb fb fb fb fb fb fb fb fb fb fb
f5 f5 f5 f5 f5 f5 f5 f5 f5 f5 f5 f5 f5 f5 f5 f5
f5 f5 f5 f5 f5 f5 f5 f5 f5 f5 f5 f5 f5 f5 f5 f5
f5 f5 f5 f5 f5 f5 f5 f5 f5 f5 f5 f5 f5 f5 f5 f5
f5 f5 f5 f5 f5 f5 f5 f5 f5 f5 f5 f5 f5 f5 f5 f5
7f 7f 7f 7f 7f 7f 7f 7f 7f 7f 7f 7f 7f 7f 7f 7f
7f 7f 7f 7f 7f 7f 7f 7f 7f 7f 7f 7f 7f 7f 7f 7f
7f 7f 7f 7f 7f 7f 7f 7f 7f 7f 7f 7f 7f 7f 7f 7f
7f 7f 7f 7f 7f 7f 7f 7f 7f 7f 7f 7f 7f 7f 7f 7f
7f 7f 7f 7f 7f 7f 7f 7f 7f 7f 7f 7f 7f 7f 7f 7f
7f 7f 7f 7f 7f 7f 7f 7f 7f 7f 7f 7f 7f 7f 7f 7f
7f 7f 7f 7f 7f 7f 7f 7f 7f 7f 7f 7f 7f 7f 7f 7f
7f 7f 7f 7f 7f 7f 7f 7f 7f 7f 7f 7f 7f 7f 7f 7f
7f 7f 7f 7f 7f 7f 7f 7f 7f 7f 7f 7f 7f 7f 7f 7f
7f 7f 7f 7f 7f 7f 7f 7f 7f 7f 7f 7f 7f 7f 7f 7f
7f 7f 7f 7f 7f 7f 7f 7f 7f 7f 7f 7f 7f 7f 7f 7f
7f 7f 7f 7f 7f 7f 7f 7f 7f 7f 7f 7f 7f 7f 7f 7f
fc fc fc fc fc fc fc fc fc fc fc fc fc fc fc fc
fc fc fc fc fc fc fc fc fc fc fc fc fc fc fc fc
fc fc fc fc fc fc fc fc fc fc fc fc fc fc fc fc
fc fc fc fc fc fc fc fc fc fc fc fc fc fc fc fc
f6 f6 f6 f6 f6 f6 f6 f6 f6 f6 f6 f6 f6 f6 f6 f6
f6 f6 f6 f6 f6 f6 f6 f6 f6 f6 f6 f6 f6 f6 f6 f6
f6 f6 f6 f6 f6 f6 f6 f6 f6 f6 f6 f6 f6 f6 f6 f6
f6 f6 f6 f6 f6 f6 f6 f6 f6 f6 f6 f6 f6 f6 f6 f6
7f 7f 7f 7f 7f 7f 7f 7f 7f 7f 7f 7f 7f 7f 7f 7f
7f 7f 7f 7f 7f 7f 7f 7f 7f 7f 7f 7f 7f 7f 7f 7f
7f 7f 7f 7f 7f 7f 7f 7f 7f 7f 7f 7f 7f 7f 7f 7f
7f 7f 7f 7f 7f 7f 7f 7f 7f 7f 7f 7f 7f 7f 7f 7f
7f 7f 7f 7f 7f 7f 7f 7f 7f 7f 7f 7f 7f 7f 7f 7f
7f 7f 7f 7f 7f 7f 7f 7f 7f 7f 7f 7f 7f 7f 7f 7f
7f 7f 7f 7f 7f 7f 7f 7f 7f 7f 7f 7f 7f 7f 7f 7f
7f 7f 7f 7f 7f 7f 7f 7f 7f 7f 7f 7f 7f 7f 7f 7f
7f 7f 7f 7f 7f 7f 7f 7f 7f 7f 7f 7f 7f 7f 7f 7f
7f 7f 7f 7f 7f 7f 7f 7f 7f 7f 7f 7f 7f 7f 7f 7f
7f 7f 7f 7f 7f 7f 7f 7f 7f 7f 7f 7f 7f 7f 7f 7f
7f 7f 7f 7f 7f 7f 7f 7f 7f 7f 7f 7f 7f 7f 7f 7f
fd fd fd fd fd fd fd fd fd fd fd fd fd fd fd fd
fd fd fd fd fd fd fd fd fd fd fd fd fd fd fd fd
fd fd fd fd fd fd fd fd fd fd fd fd fd fd fd fd
fd fd fd fd fd fd fd fd fd fd fd fd fd fd fd fd
f7 f7 f7 f7 f7 f7 f7 f7 f7 f7 f7 f7 f7 f7 f7 f7
f7 f7 f7 f7 f7 f7 f7 f7 f7 f7 f7 f7 f7 f7 f7 f7
f7 f7 f7 f7 f7 f7 f7 f7 f7 f7 f7 f7 f7 f7 f7 f7
f7 f7 f7 f7 f7 f7 f7 f7 f7 f7 f7 f7 f7 f7 f7 f7
f1 f1 f1 f1 f1 f1 f1 f1 f1 f1 f1 f1 f1 f1 f1 f1
f1 f1 f1 f1 f1 f1 f1 f1 f1 f1 f1 f1 f1 f1 f1 f1
f1 f1 f1 f1 f1 f1 f1 f1 f1 f1 f1 f1 f1 f1 f1 f1
f1 f1 f1 f1 f1 f1 f1 f1 f1 f1 f1 f1 f1 f1 f1 f1
7f 7f 7f 7f 7f 7f 7f 7f 7f 7f 7f 7f 7f 7f 7f 7f
7f 7f 7f 7f 7f 7f 7f 7f 7f 7f 7f 7f 7f 7f 7f 7f
7f 7f 7f 7f 7f 7f 7f 7f 7f 7f 7f 7f 7f 7f 7f 7f
7f 7f 7f 7f 7f 7f 7f 7f 7f 7f 7f 7f 7f 7f 7f 7f
7f 7f 7f 7f 7f 7f 7f 7f 7f 7f 7f 7f 7f 7f 7f 7f
7f 7f 7f 7f 7f 7f 7f 7f 7f 7f 7f 7f 7f 7f 7f 7f
7f 7f 7f 7f 7f 7f 7f 7f 7f 7f 7f 7f 7f 7f 7f 7f
7f 7f 7f 7f 7f 7f 7f 7f 7f 7f 7f 7f 7f 7f 7f 7f
fe fe fe fe fe fe fe fe fe fe fe fe fe fe fe fe
fe fe fe fe fe fe fe fe fe fe fe fe fe fe fe fe
fe fe fe fe fe fe fe fe fe fe fe fe fe fe fe fe
fe fe fe fe fe fe fe fe fe fe fe fe fe fe fe fe
f8 f8 f8 f8 f8 f8 f8 f8 f8 f8 f8 f8 f8 f8 f8 f8
f8 f8 f8 f8 f8 f8 f8 f8 f8 f8 f8 f8 f8 f8 f8 f8
f8 f8 f8 f8 f8 f8 f8 f8 f8 f8 f8 f8 f8 f8 f8 f8
f8 f8 f8 f8 f8 f8 f8 f8 f8 f8 f8 f8 f8 f8 f8 f8
f2 f2 f2 f2 f2 f2 f2 f2 f2 f2 f2 f2 f2 f2 f2 f2
f2 f2 f2 f2 f2 f2 f2 f2 f2 f2 f2 f2 f2 f2 f2 f2
f2 f2 f2 f2 f2 f2 f2 f2 f2 f2 f2 f2 f2 f2 f2 f2
f2 f2 f2 f2 f2 f2 f2 f2 f2 f2 f2 f2 f2 f2 f2 f2
7f 7f 7f 7f 7f 7f 7f 7f 7f 7f 7f 7f 7f 7f 7f 7f
7f 7f 7f 7f 7f 7f 7f 7f 7f 7f 7f 7f 7f 7f 7f 7f
7f 7f 7f 7f 7f 7f 7f 7f 7f 7f 7f 7f 7f 7f 7f 7f
7f 7f 7f 7f 7f 7f 7f 7f 7f 7f 7f 7f 7f 7f 7f 7f
7f 7f 7f 7f 7f 7f 7f 7f 7f 7f 7f 7f 7f 7f 7f 7f
7f 7f 7f 7f 7f 7f 7f 7f 7f 7f 7f 7f 7f 7f 7f 7f
7f 7f 7f 7f 7f 7f 7f 7f 7f 7f 7f 7f 7f 7f 7f 7f
7f 7f 7f 7f 7f 7f 7f 7f 7f 7f 7f 7f 7f 7f 7f 7f
ff ff ff ff ff ff ff ff ff ff ff ff ff ff ff ff
ff ff ff ff ff ff ff ff ff ff ff ff ff ff ff ff
ff ff ff ff ff ff ff ff ff ff ff ff ff ff ff ff
ff ff ff ff ff ff ff ff ff ff ff ff ff ff ff ff
f9 f9 f9 f9 f9 f9 f9 f9 f9 f9 f9 f9 f9 f9 f9 f9
f9 f9 f9 f9 f9 f9 f9 f9 f9 f9 f9 f9 f9 f9 f9 f9
f9 f9 f9 f9 f9 f9 f9 f9 f9 f9 f9 f9 f9 f9 f9 f9
f9 f9 f9 f9 f9 f9 f9 f9 f9 f9 f9 f9 f9 f9 f9 f9
f3 f3 f3 f3 f3 f3 f3 f3 f3 f3 f3 f3 f3 f3 f3 f3
f3 f3 f3 f3 f3 f3 f3 f3 f3 f3 f3 f3 f3 f3 f3 f3
f3 f3 f3 f3 f3 f3 f3 f3 f3 f3 f3 f3 f3 f3 f3 f3
f3 f3 f3 f3 f3 f3 f3 f3 f3 f3 f3 f3 f3 f3 f3 f3
7f 7f 7f 7f 7f 7f 7f 7f 7f 7f 7f 7f 7f 7f 7f 7f
7f 7f 7f 7f 7f 7f 7f 7f 7f 7f 7f 7f 7f 7f 7f 7f
7f 7f 7f 7f 7f 7f 7f 7f 7f 7f 7f 7f 7f 7f 7f 7f
7f 7f 7f 7f 7f 7f 7f 7f 7f 7f 7f 7f 7f 7f 7f 7f
7f 7f 7f 7f 7f 7f 7f 7f 7f 7f 7f 7f 7f 7f 7f 7f
7f 7f 7f 7f 7f 7f 7f 7f 7f 7f 7f 7f 7f 7f 7f 7f
7f 7f 7f 7f 7f 7f 7f 7f 7f 7f 7f 7f 7f 7f 7f 7f
7f 7f 7f 7f 7f 7f 7f 7f 7f 7f 7f 7f 7f 7f 7f 7f
00 00 00 00 00 00 00 00 00 00 00 00 00 00 00 00
00 00 00 00 00 00 00 00 00 00 00 00 00 00 00 00
00 00 00 00 00 00 00 00 00 00 00 00 00 00 00 00
00 00 00 00 00 00 00 00 00 00 00 00 00 00 00 00
fa fa fa fa fa fa fa fa fa fa fa fa fa fa fa fa
fa fa fa fa fa fa fa fa fa fa fa fa fa fa fa fa
fa fa fa fa fa fa fa fa fa fa fa fa fa fa fa fa
fa fa fa fa fa fa fa fa fa fa fa fa fa fa fa fa
f4 f4 f4 f4 f4 f4 f4 f4 f4 f4 f4 f4 f4 f4 f4 f4
f4 f4 f4 f4 f4 f4 f4 f4 f4 f4 f4 f4 f4 f4 f4 f4
f4 f4 f4 f4 f4 f4 f4 f4 f4 f4 f4 f4 f4 f4 f4 f4
f4 f4 f4 f4 f4 f4 f4 f4 f4 f4 f4 f4 f4 f4 f4 f4
7f 7f 7f 7f 7f 7f 7f 7f 7f 7f 7f 7f 7f 7f 7f 7f
7f 7f 7f 7f 7f 7f 7f 7f 7f 7f 7f 7f 7f 7f 7f 7f
7f 7f 7f 7f 7f 7f 7f 7f 7f 7f 7f 7f 7f 7f 7f 7f
7f 7f 7f 7f 7f 7f 7f 7f 7f 7f 7f 7f 7f 7f 7f 7f
7f 7f 7f 7f 7f 7f 7f 7f 7f 7f 7f 7f 7f 7f 7f 7f
7f 7f 7f 7f 7f 7f 7f 7f 7f 7f 7f 7f 7f 7f 7f 7f
7f 7f 7f 7f 7f 7f 7f 7f 7f 7f 7f 7f 7f 7f 7f 7f
7f 7f 7f 7f 7f 7f 7f 7f 7f 7f 7f 7f 7f 7f 7f 7f
40 40 40 40 40 40 40 40 40 40 40 40 40 40 40 40
40 40 40 40 40 40 40 40 40 40 40 40 40 40 40 40
40 40 40 40 40 40 40 40 40 40 40 40 40 40 40 40
40 40 40 40 40 40 40 40 40 40 40 40 40 40 40 40
fb fb fb fb fb fb fb fb fb fb fb fb fb fb fb fb
fb fb fb fb fb fb fb fb fb fb fb fb fb fb fb fb
fb fb fb fb fb fb fb fb fb fb fb fb fb fb fb fb
fb fb fb fb fb fb fb fb fb fb fb fb fb fb fb fb
f5 f5 f5 f5 f5 f5 f5 f5 f5 f5 f5 f5 f5 f5 f5 f5
f5 f5 f5 f5 f5 f5 f5 f5 f5 f5 f5 f5 f5 f5 f5 f5
f5 f5 f5 f5 f5 f5 f5 f5 f5 f5 f5 f5 f5 f5 f5 f5
f5 f5 f5 f5 f5 f5 f5 f5 f5 f5 f5 f5 f5 f5 f5 f5
7f 7f 7f 7f 7f 7f 7f 7f 7f 7f 7f 7f 7f 7f 7f 7f
7f 7f 7f 7f 7f 7f 7f 7f 7f 7f 7f 7f 7f 7f 7f 7f
7f 7f 7f 7f 7f 7f 7f 7f 7f 7f 7f 7f 7f 7f 7f 7f
7f 7f 7f 7f 7f 7f 7f 7f 7f 7f 7f 7f 7f 7f 7f 7f
7f 7f 7f 7f 7f 7f 7f 7f 7f 7f 7f 7f 7f 7f 7f 7f
7f 7f 7f 7f 7f 7f 7f 7f 7f 7f 7f 7f 7f 7f 7f 7f
7f 7f 7f 7f 7f 7f 7f 7f 7f 7f 7f 7f 7f 7f 7f 7f
7f 7f 7f 7f 7f 7f 7f 7f 7f 7f 7f 7f 7f 7f 7f 7f
7f 7f 7f 7f 7f 7f 7f 7f 7f 7f 7f 7f 7f 7f 7f 7f
7f 7f 7f 7f 7f 7f 7f 7f 7f 7f 7f 7f 7f 7f 7f 7f
7f 7f 7f 7f 7f 7f 7f 7f 7f 7f 7f 7f 7f 7f 7f 7f
7f 7f 7f 7f 7f 7f 7f 7f 7f 7f 7f 7f 7f 7f 7f 7f
@036000
f4 f4 f4 f4 f4 f4 f4 f4 f4 f4 f4 f4 f4 f4 f4 f4
7f 7f 7f 7f 7f 7f 7f 7f 7f 7f 7f 7f 7f 7f 7f 7f
7f 7f 7f 7f 7f 7f 7f 7f 7f 7f 7f 7f 7f 7f 7f 7f
40 40 40 40 40 40 40 40 40 40 40 40 40 40 40 40
fb fb fb fb fb fb fb fb fb fb fb fb fb fb fb fb
f5 f5 f5 f5 f5 f5 f5 f5 f5 f5 f5 f5 f5 f5 f5 f5
7f 7f 7f 7f 7f 7f 7f 7f 7f 7f 7f 7f 7f 7f 7f 7f
7f 7f 7f 7f 7f 7f 7f 7f 7f 7f 7f 7f 7f 7f 7f 7f
7f 7f 7f 7f 7f 7f 7f 7f 7f 7f 7f 7f 7f 7f 7f 7f
fc fc fc fc fc fc fc fc fc fc fc fc fc fc fc fc
f6 f6 f6 f6 f6 f6 f6 f6 f6 f6 f6 f6 f6 f6 f6 f6
7f 7f 7f 7f 7f 7f 7f 7f 7f 7f 7f 7f 7f 7f 7f 7f
7f 7f 7f 7f 7f 7f 7f 7f 7f 7f 7f 7f 7f 7f 7f 7f
7f 7f 7f 7f 7f 7f 7f 7f 7f 7f 7f 7f 7f 7f 7f 7f
fd fd fd fd fd fd fd fd fd fd fd fd fd fd fd fd
f7 f7 f7 f7 f7 f7 f7 f7 f7 f7 f7 f7 f7 f7 f7 f7
f1 f1 f1 f1 f1 f1 f1 f1 f1 f1 f1 f1 f1 f1 f1 f1
7f 7f 7f 7f 7f 7f 7f 7f 7f 7f 7f 7f 7f 7f 7f 7f
7f 7f 7f 7f 7f 7f 7f 7f 7f 7f 7f 7f 7f 7f 7f 7f
fe fe fe fe fe fe fe fe fe fe fe fe fe fe fe fe
f8 f8 f8 f8 f8 f8 f8 f8 f8 f8 f8 f8 f8 f8 f8 f8
f2 f2 f2 f2 f2 f2 f2 f2 f2 f2 f2 f2 f2 f2 f2 f2
7f 7f 7f 7f 7f 7f 7f 7f 7f 7f 7f 7f 7f 7f 7f 7f
7f 7f 7f 7f 7f 7f 7f 7f 7f 7f 7f 7f 7f 7f 7f 7f
ff ff ff ff ff ff ff ff ff ff ff ff ff ff ff ff
f9 f9 f9 f9 f9 f9 f9 f9 f9 f9 f9 f9 f9 f9 f9 f9
f3 f3 f3 f3 f3 f3 f3 f3 f3 f3 f3 f3 f3 f3 f3 f3
7f 7f 7f 7f 7f 7f 7f 7f 7f 7f 7f 7f 7f 7f 7f 7f
7f 7f 7f 7f 7f 7f 7f 7f 7f 7f 7f 7f 7f 7f 7f 7f
00 00 00 00 00 00 00 00 00 00 00 00 00 00 00 00
fa fa fa fa fa fa fa fa fa fa fa fa fa fa fa fa
f4 f4 f4 f4 f4 f4 f4 f4 f4 f4 f4 f4 f4 f4 f4 f4
7f 7f 7f 7f 7f 7f 7f 7f 7f 7f 7f 7f 7f 7f 7f 7f
7f 7f 7f 7f 7f 7f 7f 7f 7f 7f 7f 7f 7f 7f 7f 7f
40 40 40 40 40 40 40 40 40 40 40 40 40 40 40 40
fb fb fb fb fb fb fb fb fb fb fb fb fb fb fb fb
f5 f5 f5 f5 f5 f5 f5 f5 f5 f5 f5 f5 f5 f5 f5 f5
7f 7f 7f 7f 7f 7f 7f 7f 7f 7f 7f 7f 7f 7f 7f 7f
7f 7f 7f 7f 7f 7f 7f 7f 7f 7f 7f 7f 7f 7f 7f 7f
7f 7f 7f 7f 7f 7f 7f 7f 7f 7f 7f 7f 7f 7f 7f 7f
@038000
00 00 00 00 00 00 00 00 00 00 00 00 00 00 00 00
00 00 00 00 00 00 00 00 00 00 00 00 00 00 00 00
00 00 00 00 00 00 00 00 00 00 00 00 00 00 00 00
00 00 00 00 00 00 00 00 00 00 00 00 00 00 00 00
7f 7f 7f 7f 7f 7f 7f 7f 7f 7f 7f 7f 7f 7f 7f 7f
7f 7f 7f 7f 7f 7f 7f 7f 7f 7f 7f 7f 7f 7f 7f 7f
7f 7f 7f 7f 7f 7f 7f 7f 7f 7f 7f 7f 7f 7f 7f 7f
7f 7f 7f 7f 7f 7f 7f 7f 7f 7f 7f 7f 7f 7f 7f 7f
7f 7f 7f 7f 7f 7f 7f 7f 7f 7f 7f 7f 7f 7f 7f 7f
7f 7f 7f 7f 7f 7f 7f 7f 7f 7f 7f 7f 7f 7f 7f 7f
7f 7f 7f 7f 7f 7f 7f 7f 7f 7f 7f 7f 7f 7f 7f 7f
7f 7f 7f 7f 7f 7f 7f 7f 7f 7f 7f 7f 7f 7f 7f 7f
40 40 40 40 40 40 40 40 40 40 40 40 40 40 40 40
40 40 40 40 40 40 40 40 40 40 40 40 40 40 40 40
40 40 40 40 40 40 40 40 40 40 40 40 40 40 40 40
40 40 40 40 40 40 40 40 40 40 40 40 40 40 40 40
00 00 00 00 00 00 00 00 00 00 00 00 00 00 00 00
00 00 00 00 00 00 00 00 00 00 00 00 00 00 00 00
00 00 00 00 00 00 00 00 00 00 00 00 00 00 00 00
00 00 00 00 00 00 00 00 00 00 00 00 00 00 00 00
00 00 00 00 00 00 00 00 00 00 00 00 00 00 00 00
00 00 00 00 00 00 00 00 00 00 00 00 00 00 00 00
00 00 00 00 00 00 00 00 00 00 00 00 00 00 00 00
00 00 00 00 00 00 00 00 00 00 00 00 00 00 00 00
7f 7f 7f 7f 7f 7f 7f 7f 7f 7f 7f 7f 7f 7f 7f 7f
7f 7f 7f 7f 7f 7f 7f 7f 7f 7f 7f 7f 7f 7f 7f 7f
7f 7f 7f 7f 7f 7f 7f 7f 7f 7f 7f 7f 7f 7f 7f 7f
7f 7f 7f 7f 7f 7f 7f 7f 7f 7f 7f 7f 7f 7f 7f 7f
7f 7f 7f 7f 7f 7f 7f 7f 7f 7f 7f 7f 7f 7f 7f 7f
7f 7f 7f 7f 7f 7f 7f 7f 7f 7f 7f 7f 7f 7f 7f 7f
7f 7f 7f 7f 7f 7f 7f 7f 7f 7f 7f 7f 7f 7f 7f 7f
7f 7f 7f 7f 7f 7f 7f 7f 7f 7f 7f 7f 7f 7f 7f 7f
7f 7f 7f 7f 7f 7f 7f 7f 7f 7f 7f 7f 7f 7f 7f 7f
7f 7f 7f 7f 7f 7f 7f 7f 7f 7f 7f 7f 7f 7f 7f 7f
7f 7f 7f 7f 7f 7f 7f 7f 7f 7f 7f 7f 7f 7f 7f 7f
7f 7f 7f 7f 7f 7f 7f 7f 7f 7f 7f 7f 7f 7f 7f 7f
00 00 00 00 00 00 00 00 00 00 00 00 00 00 00 00
00 00 00 00 00 00 00 00 00 00 00 00 00 00 00 00
00 00 00 00 00 00 00 00 00 00 00 00 00 00 00 00
00 00 00 00 00 00 00 00 00 00 00 00 00 00 00 00
00 00 00 00 00 00 00 00 00 00 00 00 00 00 00 00
00 00 00 00 00 00 00 00 00 00 00 00 00 00 00 00
00 00 00 00 00 00 00 00 00 00 00 00 00 00 00 00
00 00 00 00 00 00 00 00 00 00 00 00 00 00 00 00
7f 7f 7f 7f 7f 7f 7f 7f 7f 7f 7f 7f 7f 7f 7f 7f
7f 7f 7f 7f 7f 7f 7f 7f 7f 7f 7f 7f 7f 7f 7f 7f
7f 7f 7f 7f 7f 7f 7f 7f 7f 7f 7f 7f 7f 7f 7f 7f
7f 7f 7f 7f 7f 7f 7f 7f 7f 7f 7f 7f 7f 7f 7f 7f
7f 7f 7f 7f 7f 7f 7f 7f 7f 7f 7f 7f 7f 7f 7f 7f
7f 7f 7f 7f 7f 7f 7f 7f 7f 7f 7f 7f 7f 7f 7f 7f
7f 7f 7f 7f 7f 7f 7f 7f 7f 7f 7f 7f 7f 7f 7f 7f
7f 7f 7f 7f 7f 7f 7f 7f 7f 7f 7f 7f 7f 7f 7f 7f
7f 7f 7f 7f 7f 7f 7f 7f 7f 7f 7f 7f 7f 7f 7f 7f
7f 7f 7f 7f 7f 7f 7f 7f 7f 7f 7f 7f 7f 7f 7f 7f
7f 7f 7f 7f 7f 7f 7f 7f 7f 7f 7f 7f 7f 7f 7f 7f
7f 7f 7f 7f 7f 7f 7f 7f 7f 7f 7f 7f 7f 7f 7f 7f
00 00 00 00 00 00 00 00 00 00 00 00 00 00 00 00
00 00 00 00 00 00 00 00 00 00 00 00 00 00 00 00
00 00 00 00 00 00 00 00 00 00 00 00 00 00 00 00
00 00 00 00 00 00 00 00 00 00 00 00 00 00 00 00
00 00 00 00 00 00 00 00 00 00 00 00 00 00 00 00
00 00 00 00 00 00 00 00 00 00 00 00 00 00 00 00
00 00 00 00 00 00 00 00 00 00 00 00 00 00 00 00
00 00 00 00 00 00 00 00 00 00 00 00 00 00 00 00
00 00 00 00 00 00 00 00 00 00 00 00 00 00 00 00
00 00 00 00 00 00 00 00 00 00 00 00 00 00 00 00
00 00 00 00 00 00 00 00 00 00 00 00 00 00 00 00
00 00 00 00 00 00 00 00 00 00 00 00 00 00 00 00
7f 7f 7f 7f 7f 7f 7f 7f 7f 7f 7f 7f 7f 7f 7f 7f
7f 7f 7f 7f 7f 7f 7f 7f 7f 7f 7f 7f 7f 7f 7f 7f
7f 7f 7f 7f 7f 7f 7f 7f 7f 7f 7f 7f 7f 7f 7f 7f
7f 7f 7f 7f 7f 7f 7f 7f 7f 7f 7f 7f 7f 7f 7f 7f
7f 7f 7f 7f 7f 7f 7f 7f 7f 7f 7f 7f 7f 7f 7f 7f
7f 7f 7f 7f 7f 7f 7f 7f 7f 7f 7f 7f 7f 7f 7f 7f
7f 7f 7f 7f 7f 7f 7f 7f 7f 7f 7f 7f 7f 7f 7f 7f
7f 7f 7f 7f 7f 7f 7f 7f 7f 7f 7f 7f 7f 7f 7f 7f
00 00 00 00 00 00 00 00 00 00 00 00 00 00 00 00
00 00 00 00 00 00 00 00 00 00 00 00 00 00 00 00
00 00 00 00 00 00 00 00 00 00 00 00 00 00 00 00
00 00 00 00 00 00 00 00 00 00 00 00 00 00 00 00
00 00 00 00 00 00 00 00 00 00 00 00 00 00 00 00
00 00 00 00 00 00 00 00 00 00 00 00 00 00 00 00
00 00 00 00 00 00 00 00 00 00 00 00 00 00 00 00
00 00 00 00 00 00 00 00 00 00 00 00 00 00 00 00
00 00 00 00 00 00 00 00 00 00 00 00 00 00 00 00
00 00 00 00 00 00 00 00 00 00 00 00 00 00 00 00
00 00 00 00 00 00 00 00 00 00 00 00 00 00 00 00
00 00 00 00 00 00 00 00 00 00 00 00 00 00 00 00
7f 7f 7f 7f 7f 7f 7f 7f 7f 7f 7f 7f 7f 7f 7f 7f
7f 7f 7f 7f 7f 7f 7f 7f 7f 7f 7f 7f 7f 7f 7f 7f
7f 7f 7f 7f 7f 7f 7f 7f 7f 7f 7f 7f 7f 7f 7f 7f
7f 7f 7f 7f 7f 7f 7f 7f 7f 7f 7f 7f 7f 7f 7f 7f
7f 7f 7f 7f 7f 7f 7f 7f 7f 7f 7f 7f 7f 7f 7f 7f
7f 7f 7f 7f 7f 7f 7f 7f 7f 7f 7f 7f 7f 7f 7f 7f
7f 7f 7f 7f 7f 7f 7f 7f 7f 7f 7f 7f 7f 7f 7f 7f
7f 7f 7f 7f 7f 7f 7f 7f 7f 7f 7f 7f 7f 7f 7f 7f
00 00 00 00 00 00 00 00 00 00 00 00 00 00 00 00
00 00 00 00 00 00 00 00 00 00 00 00 00 00 00 00
00 00 00 00 00 00 00 00 00 00 00 00 00 00 00 00
00 00 00 00 00 00 00 00 00 00 00 00 00 00 00 00
00 00 00 00 00 00 00 00 00 00 00 00 00 00 00 00
00 00 00 00 00 00 00 00 00 00 00 00 00 00 00 00
00 00 00 00 00 00 00 00 00 00 00 00 00 00 00 00
00 00 00 00 00 00 00 00 00 00 00 00 00 00 00 00
00 00 00 00 00 00 00 00 00 00 00 00 00 00 00 00
00 00 00 00 00 00 00 00 00 00 00 00 00 00 00 00
00 00 00 00 00 00 00 00 00 00 00 00 00 00 00 00
00 00 00 00 00 00 00 00 00 00 00 00 00 00 00 00
7f 7f 7f 7f 7f 7f 7f 7f 7f 7f 7f 7f 7f 7f 7f 7f
7f 7f 7f 7f 7f 7f 7f 7f 7f 7f 7f 7f 7f 7f 7f 7f
7f 7f 7f 7f 7f 7f 7f 7f 7f 7f 7f 7f 7f 7f 7f 7f
7f 7f 7f 7f 7f 7f 7f 7f 7f 7f 7f 7f 7f 7f 7f 7f
7f 7f 7f 7f 7f 7f 7f 7f 7f 7f 7f 7f 7f 7f 7f 7f
7f 7f 7f 7f 7f 7f 7f 7f 7f 7f 7f 7f 7f 7f 7f 7f
7f 7f 7f 7f 7f 7f 7f 7f 7f 7f 7f 7f 7f 7f 7f 7f
7f 7f 7f 7f 7f 7f 7f 7f 7f 7f 7f 7f 7f 7f 7f 7f
00 00 00 00 00 00 00 00 00 00 00 00 00 00 00 00
00 00 00 00 00 00 00 00 00 00 00 00 00 00 00 00
00 00 00 00 00 00 00 00 00 00 00 00 00 00 00 00
00 00 00 00 00 00 00 00 00 00 00 00 00 00 00 00
00 00 00 00 00 00 00 00 00 00 00 00 00 00 00 00
00 00 00 00 00 00 00 00 00 00 00 00 00 00 00 00
00 00 00 00 00 00 00 00 00 00 00 00 00 00 00 00
00 00 00 00 00 00 00 00 00 00 00 00 00 00 00 00
00 00 00 00 00 00 00 00 00 00 00 00 00 00 00 00
00 00 00 00 00 00 00 00 00 00 00 00 00 00 00 00
00 00 00 00 00 00 00 00 00 00 00 00 00 00 00 00
00 00 00 00 00 00 00 00 00 00 00 00 00 00 00 00
7f 7f 7f 7f 7f 7f 7f 7f 7f 7f 7f 7f 7f 7f 7f 7f
7f 7f 7f 7f 7f 7f 7f 7f 7f 7f 7f 7f 7f 7f 7f 7f
7f 7f 7f 7f 7f 7f 7f 7f 7f 7f 7f 7f 7f 7f 7f 7f
7f 7f 7f 7f 7f 7f 7f 7f 7f 7f 7f 7f 7f 7f 7f 7f
7f 7f 7f 7f 7f 7f 7f 7f 7f 7f 7f 7f 7f 7f 7f 7f
7f 7f 7f 7f 7f 7f 7f 7f 7f 7f 7f 7f 7f 7f 7f 7f
7f 7f 7f 7f 7f 7f 7f 7f 7f 7f 7f 7f 7f 7f 7f 7f
7f 7f 7f 7f 7f 7f 7f 7f 7f 7f 7f 7f 7f 7f 7f 7f
40 40 40 40 40 40 40 40 40 40 40 40 40 40 40 40
40 40 40 40 40 40 40 40 40 40 40 40 40 40 40 40
40 40 40 40 40 40 40 40 40 40 40 40 40 40 40 40
40 40 40 40 40 40 40 40 40 40 40 40 40 40 40 40
00 00 00 00 00 00 00 00 00 00 00 00 00 00 00 00
00 00 00 00 00 00 00 00 00 00 00 00 00 00 00 00
00 00 00 00 00 00 00 00 00 00 00 00 00 00 00 00
00 00 00 00 00 00 00 00 00 00 00 00 00 00 00 00
00 00 00 00 00 00 00 00 00 00 00 00 00 00 00 00
00 00 00 00 00 00 00 00 00 00 00 00 00 00 00 00
00 00 00 00 00 00 00 00 00 00 00 00 00 00 00 00
00 00 00 00 00 00 00 00 00 00 00 00 00 00 00 00
7f 7f 7f 7f 7f 7f 7f 7f 7f 7f 7f 7f 7f 7f 7f 7f
7f 7f 7f 7f 7f 7f 7f 7f 7f 7f 7f 7f 7f 7f 7f 7f
7f 7f 7f 7f 7f 7f 7f 7f 7f 7f 7f 7f 7f 7f 7f 7f
7f 7f 7f 7f 7f 7f 7f 7f 7f 7f 7f 7f 7f 7f 7f 7f
7f 7f 7f 7f 7f 7f 7f 7f 7f 7f 7f 7f 7f 7f 7f 7f
7f 7f 7f 7f 7f 7f 7f 7f 7f 7f 7f 7f 7f 7f 7f 7f
7f 7f 7f 7f 7f 7f 7f 7f 7f 7f 7f 7f 7f 7f 7f 7f
7f 7f 7f 7f 7f 7f 7f 7f 7f 7f 7f 7f 7f 7f 7f 7f
7f 7f 7f 7f 7f 7f 7f 7f 7f 7f 7f 7f 7f 7f 7f 7f
7f 7f 7f 7f 7f 7f 7f 7f 7f 7f 7f 7f 7f 7f 7f 7f
7f 7f 7f 7f 7f 7f 7f 7f 7f 7f 7f 7f 7f 7f 7f 7f
7f 7f 7f 7f 7f 7f 7f 7f 7f 7f 7f 7f 7f 7f 7f 7f
@03a000
00 00 00 00 00 00 00 00 00 00 00 00 00 00 00 00
7f 7f 7f 7f 7f 7f 7f 7f 7f 7f 7f 7f 7f 7f 7f 7f
7f 7f 7f 7f 7f 7f 7f 7f 7f 7f 7f 7f 7f 7f 7f 7f
40 40 40 40 40 40 40 40 40 40 40 40 40 40 40 40
00 00 00 00 00 00 00 00 00 00 00 00 00 00 00 00
00 00 00 00 00 00 00 00 00 00 00 00 00 00 00 00
7f 7f 7f 7f 7f 7f 7f 7f 7f 7f 7f 7f 7f 7f 7f 7f
7f 7f 7f 7f 7f 7f 7f 7f 7f 7f 7f 7f 7f 7f 7f 7f
7f 7f 7f 7f 7f 7f 7f 7f 7f 7f 7f 7f 7f 7f 7f 7f
00 00 00 00 00 00 00 00 00 00 00 00 00 00 00 00
00 00 00 00 00 00 00 00 00 00 00 00 00 00 00 00
7f 7f 7f 7f 7f 7f 7f 7f 7f 7f 7f 7f 7f 7f 7f 7f
7f 7f 7f 7f 7f 7f 7f 7f 7f 7f 7f 7f 7f 7f 7f 7f
7f 7f 7f 7f 7f 7f 7f 7f 7f 7f 7f 7f 7f 7f 7f 7f
00 00 00 00 00 00 00 00 00 00 00 00 00 00 00 00
00 00 00 00 00 00 00 00 00 00 00 00 00 00 00 00
00 00 00 00 00 00 00 00 00 00 00 00 00 00 00 00
7f 7f 7f 7f 7f 7f 7f 7f 7f 7f 7f 7f 7f 7f 7f 7f
7f 7f 7f 7f 7f 7f 7f 7f 7f 7f 7f 7f 7f 7f 7f 7f
00 00 00 00 00 00 00 00 00 00 00 00 00 00 00 00
00 00 00 00 00 00 00 00 00 00 00 00 00 00 00 00
00 00 00 00 00 00 00 00 00 00 00 00 00 00 00 00
7f 7f 7f 7f 7f 7f 7f 7f 7f 7f 7f 7f 7f 7f 7f 7f
7f 7f 7f 7f 7f 7f 7f 7f 7f 7f 7f 7f 7f 7f 7f 7f
00 00 00 00 00 00 00 00 00 00 00 00 00 00 00 00
00 00 00 00 00 00 00 00 00 00 00 00 00 00 00 00
00 00 00 00 00 00 00 00 00 00 00 00 00 00 00 00
7f 7f 7f 7f 7f 7f 7f 7f 7f 7f 7f 7f 7f 7f 7f 7f
7f 7f 7f 7f 7f 7f 7f 7f 7f 7f 7f 7f 7f 7f 7f 7f
00 00 00 00 00 00 00 00 00 00 00 00 00 00 00 00
00 00 00 00 00 00 00 00 00 00 00 00 00 00 00 00
00 00 00 00 00 00 00 00 00 00 00 00 00 00 00 00
7f 7f 7f 7f 7f 7f 7f 7f 7f 7f 7f 7f 7f 7f 7f 7f
7f 7f 7f 7f 7f 7f 7f 7f 7f 7f 7f 7f 7f 7f 7f 7f
40 40 40 40 40 40 40 40 40 40 40 40 40 40 40 40
00 00 00 00 00 00 00 00 00 00 00 00 00 00 00 00
00 00 00 00 00 00 00 00 00 00 00 00 00 00 00 00
7f 7f 7f 7f 7f 7f 7f 7f 7f 7f 7f 7f 7f 7f 7f 7f
7f 7f 7f 7f 7f 7f 7f 7f 7f 7f 7f 7f 7f 7f 7f 7f
7f 7f 7f 7f 7f 7f 7f 7f 7f 7f 7f 7f 7f 7f 7f 7f
@03c000
f4 f4 f4 f4 f4 f4 f4 f4 f4 f4 f4 f4 f4 f4 f4 f4
f4 f4 f4 f4 f4 f4 f4 f4 f4 f4 f4 f4 f4 f4 f4 f4
f4 f4 f4 f4 f4 f4 f4 f4 f4 f4 f4 f4 f4 f4 f4 f4
f4 f4 f4 f4 f4 f4 f4 f4 f4 f4 f4 f4 f4 f4 f4 f4
7f 7f 7f 7f 7f 7f 7f 7f 7f 7f 7f 7f 7f 7f 7f 7f
7f 7f 7f 7f 7f 7f 7f 7f 7f 7f 7f 7f 7f 7f 7f 7f
7f 7f 7f 7f 7f 7f 7f 7f 7f 7f 7f 7f 7f 7f 7f 7f
7f 7f 7f 7f 7f 7f 7f 7f 7f 7f 7f 7f 7f 7f 7f 7f
7f 7f 7f 7f 7f 7f 7f 7f 7f 7f 7f 7f 7f 7f 7f 7f
7f 7f 7f 7f 7f 7f 7f 7f 7f 7f 7f 7f 7f 7f 7f 7f
7f 7f 7f 7f 7f 7f 7f 7f 7f 7f 7f 7f 7f 7f 7f 7f
7f 7f 7f 7f 7f 7f 7f 7f 7f 7f 7f 7f 7f 7f 7f 7f
7f 7f 7f 7f 7f 7f 7f 7f 7f 7f 7f 7f 7f 7f 7f 7f
7f 7f 7f 7f 7f 7f 7f 7f 7f 7f 7f 7f 7f 7f 7f 7f
7f 7f 7f 7f 7f 7f 7f 7f 7f 7f 7f 7f 7f 7f 7f 7f
7f 7f 7f 7f 7f 7f 7f 7f 7f 7f 7f 7f 7f 7f 7f 7f
fb fb fb fb fb fb fb fb fb fb fb fb fb fb fb fb
fb fb fb fb fb fb fb fb fb fb fb fb fb fb fb fb
fb fb fb fb fb fb fb fb fb fb fb fb fb fb fb fb
fb fb fb fb fb fb fb fb fb fb fb fb fb fb fb fb
f5 f5 f5 f5 f5 f5 f5 f5 f5 f5 f5 f5 f5 f5 f5 f5
f5 f5 f5 f5 f5 f5 f5 f5 f5 f5 f5 f5 f5 f5 f5 f5
f5 f5 f5 f5 f5 f5 f5 f5 f5 f5 f5 f5 f5 f5 f5 f5
f5 f5 f5 f5 f5 f5 f5 f5 f5 f5 f5 f5 f5 f5 f5 f5
7f 7f 7f 7f 7f 7f 7f 7f 7f 7f 7f 7f 7f 7f 7f 7f
7f 7f 7f 7f 7f 7f 7f 7f 7f 7f 7f 7f 7f 7f 7f 7f
7f 7f 7f 7f 7f 7f 7f 7f 7f 7f 7f 7f 7f 7f 7f 7f
7f 7f 7f 7f 7f 7f 7f 7f 7f 7f 7f 7f 7f 7f 7f 7f
7f 7f 7f 7f 7f 7f 7f 7f 7f 7f 7f 7f 7f 7f 7f 7f
7f 7f 7f 7f 7f 7f 7f 7f 7f 7f 7f 7f 7f 7f 7f 7f
7f 7f 7f 7f 7f 7f 7f 7f 7f 7f 7f 7f 7f 7f 7f 7f
7f 7f 7f 7f 7f 7f 7f 7f 7f 7f 7f 7f 7f 7f 7f 7f
7f 7f 7f 7f 7f 7f 7f 7f 7f 7f 7f 7f 7f 7f 7f 7f
7f 7f 7f 7f 7f 7f 7f 7f 7f 7f 7f 7f 7f 7f 7f 7f
7f 7f 7f 7f 7f 7f 7f 7f 7f 7f 7f 7f 7f 7f 7f 7f
7f 7f 7f 7f 7f 7f 7f 7f 7f 7f 7f 7f 7f 7f 7f 7f
fc fc fc fc fc fc fc fc fc fc fc fc fc fc fc fc
fc fc fc fc fc fc fc fc fc fc fc fc fc fc fc fc
fc fc fc fc fc fc fc fc fc fc fc fc fc fc fc fc
fc fc fc fc fc fc fc fc fc fc fc fc fc fc fc fc
f6 f6 f6 f6 f6 f6 f6 f6 f6 f6 f6 f6 f6 f6 f6 f6
f6 f6 f6 f6 f6 f6 f6 f6 f6 f6 f6 f6 f6 f6 f6 f6
f6 f6 f6 f6 f6 f6 f6 f6 f6 f6 f6 f6 f6 f6 f6 f6
f6 f6 f6 f6 f6 f6 f6 f6 f6 f6 f6 f6 f6 f6 f6 f6
7f 7f 7f 7f 7f 7f 7f 7f 7f 7f 7f 7f 7f 7f 7f 7f
7f 7f 7f 7f 7f 7f 7f 7f 7f 7f 7f 7f 7f 7f 7f 7f
7f 7f 7f 7f 7f 7f 7f 7f 7f 7f 7f 7f 7f 7f 7f 7f
7f 7f 7f 7f 7f 7f 7f 7f 7f 7f 7f 7f 7f 7f 7f 7f
7f 7f 7f 7f 7f 7f 7f 7f 7f 7f 7f 7f 7f 7f 7f 7f
7f 7f 7f 7f 7f 7f 7f 7f 7f 7f 7f 7f 7f 7f 7f 7f
7f 7f 7f 7f 7f 7f 7f 7f 7f 7f 7f 7f 7f 7f 7f 7f
7f 7f 7f 7f 7f 7f 7f 7f 7f 7f 7f 7f 7f 7f 7f 7f
7f 7f 7f 7f 7f 7f 7f 7f 7f 7f 7f 7f 7f 7f 7f 7f
7f 7f 7f 7f 7f 7f 7f 7f 7f 7f 7f 7f 7f 7f 7f 7f
7f 7f 7f 7f 7f 7f 7f 7f 7f 7f 7f 7f 7f 7f 7f 7f
7f 7f 7f 7f 7f 7f 7f 7f 7f 7f 7f 7f 7f 7f 7f 7f
fd fd fd fd fd fd fd fd fd fd fd fd fd fd fd fd
fd fd fd fd fd fd fd fd fd fd fd fd fd fd fd fd
fd fd fd fd fd fd fd fd fd fd fd fd fd fd fd fd
fd fd fd fd fd fd fd fd fd fd fd fd fd fd fd fd
f7 f7 f7 f7 f7 f7 f7 f7 f7 f7 f7 f7 f7 f7 f7 f7
f7 f7 f7 f7 f7 f7 f7 f7 f7 f7 f7 f7 f7 f7 f7 f7
f7 f7 f7 f7 f7 f7 f7 f7 f7 f7 f7 f7 f7 f7 f7 f7
f7 f7 f7 f7 f7 f7 f7 f7 f7 f7 f7 f7 f7 f7 f7 f7
f1 f1 f1 f1 f1 f1 f1 f1 f1 f1 f1 f1 f1 f1 f1 f1
f1 f1 f1 f1 f1 f1 f1 f1 f1 f1 f1 f1 f1 f1 f1 f1
f1 f1 f1 f1 f1 f1 f1 f1 f1 f1 f1 f1 f1 f1 f1 f1
f1 f1 f1 f1 f1 f1 f1 f1 f1 f1 f1 f1 f1 f1 f1 f1
7f 7f 7f 7f 7f 7f 7f 7f 7f 7f 7f 7f 7f 7f 7f 7f
7f 7f 7f 7f 7f 7f 7f 7f 7f 7f 7f 7f 7f 7f 7f 7f
7f 7f 7f 7f 7f 7f 7f 7f 7f 7f 7f 7f 7f 7f 7f 7f
7f 7f 7f 7f 7f 7f 7f 7f 7f 7f 7f 7f 7f 7f 7f 7f
7f 7f 7f 7f 7f 7f 7f 7f 7f 7f 7f 7f 7f 7f 7f 7f
7f 7f 7f 7f 7f 7f 7f 7f 7f 7f 7f 7f 7f 7f 7f 7f
7f 7f 7f 7f 7f 7f 7f 7f 7f 7f 7f 7f 7f 7f 7f 7f
7f 7f 7f 7f 7f 7f 7f 7f 7f 7f 7f 7f 7f 7f 7f 7f
fe fe fe fe fe fe fe fe fe fe fe fe fe fe fe fe
fe fe fe fe fe fe fe fe fe fe fe fe fe fe fe fe
fe fe fe fe fe fe fe fe fe fe fe fe fe fe fe fe
fe fe fe fe fe fe fe fe fe fe fe fe fe fe fe fe
f8 f8 f8 f8 f8 f8 f8 f8 f8 f8 f8 f8 f8 f8 f8 f8
f8 f8 f8 f8 f8 f8 f8 f8 f8 f8 f8 f8 f8 f8 f8 f8
f8 f8 f8 f8 f8 f8 f8 f8 f8 f8 f8 f8 f8 f8 f8 f8
f8 f8 f8 f8 f8 f8 f8 f8 f8 f8 f8 f8 f8 f8 f8 f8
f2 f2 f2 f2 f2 f2 f2 f2 f2 f2 f2 f2 f2 f2 f2 f2
f2 f2 f2 f2 f2 f2 f2 f2 f2 f2 f2 f2 f2 f2 f2 f2
f2 f2 f2 f2 f2 f2 f2 f2 f2 f2 f2 f2 f2 f2 f2 f2
f2 f2 f2 f2 f2 f2 f2 f2 f2 f2 f2 f2 f2 f2 f2 f2
7f 7f 7f 7f 7f 7f 7f 7f 7f 7f 7f 7f 7f 7f 7f 7f
7f 7f 7f 7f 7f 7f 7f 7f 7f 7f 7f 7f 7f 7f 7f 7f
7f 7f 7f 7f 7f 7f 7f 7f 7f 7f 7f 7f 7f 7f 7f 7f
7f 7f 7f 7f 7f 7f 7f 7f 7f 7f 7f 7f 7f 7f 7f 7f
7f 7f 7f 7f 7f 7f 7f 7f 7f 7f 7f 7f 7f 7f 7f 7f
7f 7f 7f 7f 7f 7f 7f 7f 7f 7f 7f 7f 7f 7f 7f 7f
7f 7f 7f 7f 7f 7f 7f 7f 7f 7f 7f 7f 7f 7f 7f 7f
7f 7f 7f 7f 7f 7f 7f 7f 7f 7f 7f 7f 7f 7f 7f 7f
ff ff ff ff ff ff ff ff ff ff ff ff ff ff ff ff
ff ff ff ff ff ff ff ff ff ff ff ff ff ff ff ff
ff ff ff ff ff ff ff ff ff ff ff ff ff ff ff ff
ff ff ff ff ff ff ff ff ff ff ff ff ff ff ff ff
f9 f9 f9 f9 f9 f9 f9 f9 f9 f9 f9 f9 f9 f9 f9 f9
f9 f9 f9 f9 f9 f9 f9 f9 f9 f9 f9 f9 f9 f9 f9 f9
f9 f9 f9 f9 f9 f9 f9 f9 f9 f9 f9 f9 f9 f9 f9 f9
f9 f9 f9 f9 f9 f9 f9 f9 f9 f9 f9 f9 f9 f9 f9 f9
f3 f3 f3 f3 f3 f3 f3 f3 f3 f3 f3 f3 f3 f3 f3 f3
f3 f3 f3 f3 f3 f3 f3 f3 f3 f3 f3 f3 f3 f3 f3 f3
f3 f3 f3 f3 f3 f3 f3 f3 f3 f3 f3 f3 f3 f3 f3 f3
f3 f3 f3 f3 f3 f3 f3 f3 f3 f3 f3 f3 f3 f3 f3 f3
7f 7f 7f 7f 7f 7f 7f 7f 7f 7f 7f 7f 7f 7f 7f 7f
7f 7f 7f 7f 7f 7f 7f 7f 7f 7f 7f 7f 7f 7f 7f 7f
7f 7f 7f 7f 7f 7f 7f 7f 7f 7f 7f 7f 7f 7f 7f 7f
7f 7f 7f 7f 7f 7f 7f 7f 7f 7f 7f 7f 7f 7f 7f 7f
7f 7f 7f 7f 7f 7f 7f 7f 7f 7f 7f 7f 7f 7f 7f 7f
7f 7f 7f 7f 7f 7f 7f 7f 7f 7f 7f 7f 7f 7f 7f 7f
7f 7f 7f 7f 7f 7f 7f 7f 7f 7f 7f 7f 7f 7f 7f 7f
7f 7f 7f 7f 7f 7f 7f 7f 7f 7f 7f 7f 7f 7f 7f 7f
00 00 00 00 00 00 00 00 00 00 00 00 00 00 00 00
00 00 00 00 00 00 00 00 00 00 00 00 00 00 00 00
00 00 00 00 00 00 00 00 00 00 00 00 00 00 00 00
00 00 00 00 00 00 00 00 00 00 00 00 00 00 00 00
fa fa fa fa fa fa fa fa fa fa fa fa fa fa fa fa
fa fa fa fa fa fa fa fa fa fa fa fa fa fa fa fa
fa fa fa fa fa fa fa fa fa fa fa fa fa fa fa fa
fa fa fa fa fa fa fa fa fa fa fa fa fa fa fa fa
f4 f4 f4 f4 f4 f4 f4 f4 f4 f4 f4 f4 f4 f4 f4 f4
f4 f4 f4 f4 f4 f4 f4 f4 f4 f4 f4 f4 f4 f4 f4 f4
f4 f4 f4 f4 f4 f4 f4 f4 f4 f4 f4 f4 f4 f4 f4 f4
f4 f4 f4 f4 f4 f4 f4 f4 f4 f4 f4 f4 f4 f4 f4 f4
7f 7f 7f 7f 7f 7f 7f 7f 7f 7f 7f 7f 7f 7f 7f 7f
7f 7f 7f 7f 7f 7f 7f 7f 7f 7f 7f 7f 7f 7f 7f 7f
7f 7f 7f 7f 7f 7f 7f 7f 7f 7f 7f 7f 7f 7f 7f 7f
7f 7f 7f 7f 7f 7f 7f 7f 7f 7f 7f 7f 7f 7f 7f 7f
7f 7f 7f 7f 7f 7f 7f 7f 7f 7f 7f 7f 7f 7f 7f 7f
7f 7f 7f 7f 7f 7f 7f 7f 7f 7f 7f 7f 7f 7f 7f 7f
7f 7f 7f 7f 7f 7f 7f 7f 7f 7f 7f 7f 7f 7f 7f 7f
7f 7f 7f 7f 7f 7f 7f 7f 7f 7f 7f 7f 7f 7f 7f 7f
7f 7f 7f 7f 7f 7f 7f 7f 7f 7f 7f 7f 7f 7f 7f 7f
7f 7f 7f 7f 7f 7f 7f 7f 7f 7f 7f 7f 7f 7f 7f 7f
7f 7f 7f 7f 7f 7f 7f 7f 7f 7f 7f 7f 7f 7f 7f 7f
7f 7f 7f 7f 7f 7f 7f 7f 7f 7f 7f 7f 7f 7f 7f 7f
fb fb fb fb fb fb fb fb fb fb fb fb fb fb fb fb
fb fb fb fb fb fb fb fb fb fb fb fb fb fb fb fb
fb fb fb fb fb fb fb fb fb fb fb fb fb fb fb fb
fb fb fb fb fb fb fb fb fb fb fb fb fb fb fb fb
f5 f5 f5 f5 f5 f5 f5 f5 f5 f5 f5 f5 f5 f5 f5 f5
f5 f5 f5 f5 f5 f5 f5 f5 f5 f5 f5 f5 f5 f5 f5 f5
f5 f5 f5 f5 f5 f5 f5 f5 f5 f5 f5 f5 f5 f5 f5 f5
f5 f5 f5 f5 f5 f5 f5 f5 f5 f5 f5 f5 f5 f5 f5 f5
7f 7f 7f 7f 7f 7f 7f 7f 7f 7f 7f 7f 7f 7f 7f 7f
7f 7f 7f 7f 7f 7f 7f 7f 7f 7f 7f 7f 7f 7f 7f 7f
7f 7f 7f 7f 7f 7f 7f 7f 7f 7f 7f 7f 7f 7f 7f 7f
7f 7f 7f 7f 7f 7f 7f 7f 7f 7f 7f 7f 7f 7f 7f 7f
7f 7f 7f 7f 7f 7f 7f 7f 7f 7f 7f 7f 7f 7f 7f 7f
7f 7f 7f 7f 7f 7f 7f 7f 7f 7f 7f 7f 7f 7f 7f 7f
7f 7f 7f 7f 7f 7f 7f 7f 7f 7f 7f 7f 7f 7f 7f 7f
7f 7f 7f 7f 7f 7f 7f 7f 7f 7f 7f 7f 7f 7f 7f 7f
7f 7f 7f 7f 7f 7f 7f 7f 7f 7f 7f 7f 7f 7f 7f 7f
7f 7f 7f 7f 7f 7f 7f 7f 7f 7f 7f 7f 7f 7f 7f 7f
7f 7f 7f 7f 7f 7f 7f 7f 7f 7f 7f 7f 7f 7f 7f 7f
7f 7f 7f 7f 7f 7f 7f 7f 7f 7f 7f 7f 7f 7f 7f 7f
@03e000
f4 f4 f4 f4 f4 f4 f4 f4 f4 f4 f4 f4 f4 f4 f4 f4
f4 f4 f4 f4 f4 f4 f4 f4 f4 f4 f4 f4 f4 f4 f4 f4
f4 f4 f4 f4 f4 f4 f4 f4 f4 f4 f4 f4 f4 f4 f4 f4
f4 f4 f4 f4 f4 f4 f4 f4 f4 f4 f4 f4 f4 f4 f4 f4
7f 7f 7f 7f 7f 7f 7f 7f 7f 7f 7f 7f 7f 7f 7f 7f
7f 7f 7f 7f 7f 7f 7f 7f 7f 7f 7f 7f 7f 7f 7f 7f
7f 7f 7f 7f 7f 7f 7f 7f 7f 7f 7f 7f 7f 7f 7f 7f
7f 7f 7f 7f 7f 7f 7f 7f 7f 7f 7f 7f 7f 7f 7f 7f
7f 7f 7f 7f 7f 7f 7f 7f 7f 7f 7f 7f 7f 7f 7f 7f
7f 7f 7f 7f 7f 7f 7f 7f 7f 7f 7f 7f 7f 7f 7f 7f
7f 7f 7f 7f 7f 7f 7f 7f 7f 7f 7f 7f 7f 7f 7f 7f
7f 7f 7f 7f 7f 7f 7f 7f 7f 7f 7f 7f 7f 7f 7f 7f
7f 7f 7f 7f 7f 7f 7f 7f 7f 7f 7f 7f 7f 7f 7f 7f
7f 7f 7f 7f 7f 7f 7f 7f 7f 7f 7f 7f 7f 7f 7f 7f
7f 7f 7f 7f 7f 7f 7f 7f 7f 7f 7f 7f 7f 7f 7f 7f
7f 7f 7f 7f 7f 7f 7f 7f 7f 7f 7f 7f 7f 7f 7f 7f
fb fb fb fb fb fb fb fb fb fb fb fb fb fb fb fb
fb fb fb fb fb fb fb fb fb fb fb fb fb fb fb fb
fb fb fb fb fb fb fb fb fb fb fb fb fb fb fb fb
fb fb fb fb fb fb fb fb fb fb fb fb fb fb fb fb
f5 f5 f5 f5 f5 f5 f5 f5 f5 f5 f5 f5 f5 f5 f5 f5
f5 f5 f5 f5 f5 f5 f5 f5 f5 f5 f5 f5 f5 f5 f5 f5
f5 f5 f5 f5 f5 f5 f5 f5 f5 f5 f5 f5 f5 f5 f5 f5
f5 f5 f5 f5 f5 f5 f5 f5 f5 f5 f5 f5 f5 f5 f5 f5
7f 7f 7f 7f 7f 7f 7f 7f 7f 7f 7f 7f 7f 7f 7f 7f
7f 7f 7f 7f 7f 7f 7f 7f 7f 7f 7f 7f 7f 7f 7f 7f
7f 7f 7f 7f 7f 7f 7f 7f 7f 7f 7f 7f 7f 7f 7f 7f
7f 7f 7f 7f 7f 7f 7f 7f 7f 7f 7f 7f 7f 7f 7f 7f
7f 7f 7f 7f 7f 7f 7f 7f 7f 7f 7f 7f 7f 7f 7f 7f
7f 7f 7f 7f 7f 7f 7f 7f 7f 7f 7f 7f 7f 7f 7f 7f
7f 7f 7f 7f 7f 7f 7f 7f 7f 7f 7f 7f 7f 7f 7f 7f
7f 7f 7f 7f 7f 7f 7f 7f 7f 7f 7f 7f 7f 7f 7f 7f
7f 7f 7f 7f 7f 7f 7f 7f 7f 7f 7f 7f 7f 7f 7f 7f
7f 7f 7f 7f 7f 7f 7f 7f 7f 7f 7f 7f 7f 7f 7f 7f
7f 7f 7f 7f 7f 7f 7f 7f 7f 7f 7f 7f 7f 7f 7f 7f
7f 7f 7f 7f 7f 7f 7f 7f 7f 7f 7f 7f 7f 7f 7f 7f
fc fc fc fc fc fc fc fc fc fc fc fc fc fc fc fc
fc fc fc fc fc fc fc fc fc fc fc fc fc fc fc fc
fc fc fc fc fc fc fc fc fc fc fc fc fc fc fc fc
fc fc fc fc fc fc fc fc fc fc fc fc fc fc fc fc
f6 f6 f6 f6 f6 f6 f6 f6 f6 f6 f6 f6 f6 f6 f6 f6
f6 f6 f6 f6 f6 f6 f6 f6 f6 f6 f6 f6 f6 f6 f6 f6
f6 f6 f6 f6 f6 f6 f6 f6 f6 f6 f6 f6 f6 f6 f6 f6
f6 f6 f6 f6 f6 f6 f6 f6 f6 f6 f6 f6 f6 f6 f6 f6
7f 7f 7f 7f 7f 7f 7f 7f 7f 7f 7f 7f 7f 7f 7f 7f
7f 7f 7f 7f 7f 7f 7f 7f 7f 7f 7f 7f 7f 7f 7f 7f
7f 7f 7f 7f 7f 7f 7f 7f 7f 7f 7f 7f 7f 7f 7f 7f
7f 7f 7f 7f 7f 7f 7f 7f 7f 7f 7f 7f 7f 7f 7f 7f
7f 7f 7f 7f 7f 7f 7f 7f 7f 7f 7f 7f 7f 7f 7f 7f
7f 7f 7f 7f 7f 7f 7f 7f 7f 7f 7f 7f 7f 7f 7f 7f
7f 7f 7f 7f 7f 7f 7f 7f 7f 7f 7f 7f 7f 7f 7f 7f
7f 7f 7f 7f 7f 7f 7f 7f 7f 7f 7f 7f 7f 7f 7f 7f
7f 7f 7f 7f 7f 7f 7f 7f 7f 7f 7f 7f 7f 7f 7f 7f
7f 7f 7f 7f 7f 7f 7f 7f 7f 7f 7f 7f 7f 7f 7f 7f
7f 7f 7f 7f 7f 7f 7f 7f 7f 7f 7f 7f 7f 7f 7f 7f
7f 7f 7f 7f 7f 7f 7f 7f 7f 7f 7f 7f 7f 7f 7f 7f
fd fd fd fd fd fd fd fd fd fd fd fd fd fd fd fd
fd fd fd fd fd fd fd fd fd fd fd fd fd fd fd fd
fd fd fd fd fd fd fd fd fd fd fd fd fd fd fd fd
fd fd fd fd fd fd fd fd fd fd fd fd fd fd fd fd
f7 f7 f7 f7 f7 f7 f7 f7 f7 f7 f7 f7 f7 f7 f7 f7
f7 f7 f7 f7 f7 f7 f7 f7 f7 f7 f7 f7 f7 f7 f7 f7
f7 f7 f7 f7 f7 f7 f7 f7 f7 f7 f7 f7 f7 f7 f7 f7
f7 f7 f7 f7 f7 f7 f7 f7 f7 f7 f7 f7 f7 f7 f7 f7
f1 f1 f1 f1 f1 f1 f1 f1 f1 f1 f1 f1 f1 f1 f1 f1
f1 f1 f1 f1 f1 f1 f1 f1 f1 f1 f1 f1 f1 f1 f1 f1
f1 f1 f1 f1 f1 f1 f1 f1 f1 f1 f1 f1 f1 f1 f1 f1
f1 f1 f1 f1 f1 f1 f1 f1 f1 f1 f1 f1 f1 f1 f1 f1
7f 7f 7f 7f 7f 7f 7f 7f 7f 7f 7f 7f 7f 7f 7f 7f
7f 7f 7f 7f 7f 7f 7f 7f 7f 7f 7f 7f 7f 7f 7f 7f
7f 7f 7f 7f 7f 7f 7f 7f 7f 7f 7f 7f 7f 7f 7f 7f
7f 7f 7f 7f 7f 7f 7f 7f 7f 7f 7f 7f 7f 7f 7f 7f
7f 7f 7f 7f 7f 7f 7f 7f 7f 7f 7f 7f 7f 7f 7f 7f
7f 7f 7f 7f 7f 7f 7f 7f 7f 7f 7f 7f 7f 7f 7f 7f
7f 7f 7f 7f 7f 7f 7f 7f 7f 7f 7f 7f 7f 7f 7f 7f
7f 7f 7f 7f 7f 7f 7f 7f 7f 7f 7f 7f 7f 7f 7f 7f
fe fe fe fe fe fe fe fe fe fe fe fe fe fe fe fe
fe fe fe fe fe fe fe fe fe fe fe fe fe fe fe fe
fe fe fe fe fe fe fe fe fe fe fe fe fe fe fe fe
fe fe fe fe fe fe fe fe fe fe fe fe fe fe fe fe
f8 f8 f8 f8 f8 f8 f8 f8 f8 f8 f8 f8 f8 f8 f8 f8
f8 f8 f8 f8 f8 f8 f8 f8 f8 f8 f8 f8 f8 f8 f8 f8
f8 f8 f8 f8 f8 f8 f8 f8 f8 f8 f8 f8 f8 f8 f8 f8
f8 f8 f8 f8 f8 f8 f8 f8 f8 f8 f8 f8 f8 f8 f8 f8
f2 f2 f2 f2 f2 f2 f2 f2 f2 f2 f2 f2 f2 f2 f2 f2
f2 f2 f2 f2 f2 f2 f2 f2 f2 f2 f2 f2 f2 f2 f2 f2
f2 f2 f2 f2 f2 f2 f2 f2 f2 f2 f2 f2 f2 f2 f2 f2
f2 f2 f2 f2 f2 f2 f2 f2 f2 f2 f2 f2 f2 f2 f2 f2
7f 7f 7f 7f 7f 7f 7f 7f 7f 7f 7f 7f 7f 7f 7f 7f
7f 7f 7f 7f 7f 7f 7f 7f 7f 7f 7f 7f 7f 7f 7f 7f
7f 7f 7f 7f 7f 7f 7f 7f 7f 7f 7f 7f 7f 7f 7f 7f
7f 7f 7f 7f 7f 7f 7f 7f 7f 7f 7f 7f 7f 7f 7f 7f
7f 7f 7f 7f 7f 7f 7f 7f 7f 7f 7f 7f 7f 7f 7f 7f
7f 7f 7f 7f 7f 7f 7f 7f 7f 7f 7f 7f 7f 7f 7f 7f
7f 7f 7f 7f 7f 7f 7f 7f 7f 7f 7f 7f 7f 7f 7f 7f
7f 7f 7f 7f 7f 7f 7f 7f 7f 7f 7f 7f 7f 7f 7f 7f
ff ff ff ff ff ff ff ff ff ff ff ff ff ff ff ff
ff ff ff ff ff ff ff ff ff ff ff ff ff ff ff ff
ff ff ff ff ff ff ff ff ff ff ff ff ff ff ff ff
ff ff ff ff ff ff ff ff ff ff ff ff ff ff ff ff
f9 f9 f9 f9 f9 f9 f9 f9 f9 f9 f9 f9 f9 f9 f9 f9
f9 f9 f9 f9 f9 f9 f9 f9 f9 f9 f9 f9 f9 f9 f9 f9
f9 f9 f9 f9 f9 f9 f9 f9 f9 f9 f9 f9 f9 f9 f9 f9
f9 f9 f9 f9 f9 f9 f9 f9 f9 f9 f9 f9 f9 f9 f9 f9
f3 f3 f3 f3 f3 f3 f3 f3 f3 f3 f3 f3 f3 f3 f3 f3
f3 f3 f3 f3 f3 f3 f3 f3 f3 f3 f3 f3 f3 f3 f3 f3
f3 f3 f3 f3 f3 f3 f3 f3 f3 f3 f3 f3 f3 f3 f3 f3
f3 f3 f3 f3 f3 f3 f3 f3 f3 f3 f3 f3 f3 f3 f3 f3
7f 7f 7f 7f 7f 7f 7f 7f 7f 7f 7f 7f 7f 7f 7f 7f
7f 7f 7f 7f 7f 7f 7f 7f 7f 7f 7f 7f 7f 7f 7f 7f
7f 7f 7f 7f 7f 7f 7f 7f 7f 7f 7f 7f 7f 7f 7f 7f
7f 7f 7f 7f 7f 7f 7f 7f 7f 7f 7f 7f 7f 7f 7f 7f
7f 7f 7f 7f 7f 7f 7f 7f 7f 7f 7f 7f 7f 7f 7f 7f
7f 7f 7f 7f 7f 7f 7f 7f 7f 7f 7f 7f 7f 7f 7f 7f
7f 7f 7f 7f 7f 7f 7f 7f 7f 7f 7f 7f 7f 7f 7f 7f
7f 7f 7f 7f 7f 7f 7f 7f 7f 7f 7f 7f 7f 7f 7f 7f
00 00 00 00 00 00 00 00 00 00 00 00 00 00 00 00
00 00 00 00 00 00 00 00 00 00 00 00 00 00 00 00
00 00 00 00 00 00 00 00 00 00 00 00 00 00 00 00
00 00 00 00 00 00 00 00 00 00 00 00 00 00 00 00
fa fa fa fa fa fa fa fa fa fa fa fa fa fa fa fa
fa fa fa fa fa fa fa fa fa fa fa fa fa fa fa fa
fa fa fa fa fa fa fa fa fa fa fa fa fa fa fa fa
fa fa fa fa fa fa fa fa fa fa fa fa fa fa fa fa
f4 f4 f4 f4 f4 f4 f4 f4 f4 f4 f4 f4 f4 f4 f4 f4
f4 f4 f4 f4 f4 f4 f4 f4 f4 f4 f4 f4 f4 f4 f4 f4
f4 f4 f4 f4 f4 f4 f4 f4 f4 f4 f4 f4 f4 f4 f4 f4
f4 f4 f4 f4 f4 f4 f4 f4 f4 f4 f4 f4 f4 f4 f4 f4
7f 7f 7f 7f 7f 7f 7f 7f 7f 7f 7f 7f 7f 7f 7f 7f
7f 7f 7f 7f 7f 7f 7f 7f 7f 7f 7f 7f 7f 7f 7f 7f
7f 7f 7f 7f 7f 7f 7f 7f 7f 7f 7f 7f 7f 7f 7f 7f
7f 7f 7f 7f 7f 7f 7f 7f 7f 7f 7f 7f 7f 7f 7f 7f
7f 7f 7f 7f 7f 7f 7f 7f 7f 7f 7f 7f 7f 7f 7f 7f
7f 7f 7f 7f 7f 7f 7f 7f 7f 7f 7f 7f 7f 7f 7f 7f
7f 7f 7f 7f 7f 7f 7f 7f 7f 7f 7f 7f 7f 7f 7f 7f
7f 7f 7f 7f 7f 7f 7f 7f 7f 7f 7f 7f 7f 7f 7f 7f
7f 7f 7f 7f 7f 7f 7f 7f 7f 7f 7f 7f 7f 7f 7f 7f
7f 7f 7f 7f 7f 7f 7f 7f 7f 7f 7f 7f 7f 7f 7f 7f
7f 7f 7f 7f 7f 7f 7f 7f 7f 7f 7f 7f 7f 7f 7f 7f
7f 7f 7f 7f 7f 7f 7f 7f 7f 7f 7f 7f 7f 7f 7f 7f
fb fb fb fb fb fb fb fb fb fb fb fb fb fb fb fb
fb fb fb fb fb fb fb fb fb fb fb fb fb fb fb fb
fb fb fb fb fb fb fb fb fb fb fb fb fb fb fb fb
fb fb fb fb fb fb fb fb fb fb fb fb fb fb fb fb
f5 f5 f5 f5 f5 f5 f5 f5 f5 f5 f5 f5 f5 f5 f5 f5
f5 f5 f5 f5 f5 f5 f5 f5 f5 f5 f5 f5 f5 f5 f5 f5
f5 f5 f5 f5 f5 f5 f5 f5 f5 f5 f5 f5 f5 f5 f5 f5
f5 f5 f5 f5 f5 f5 f5 f5 f5 f5 f5 f5 f5 f5 f5 f5
7f 7f 7f 7f 7f 7f 7f 7f 7f 7f 7f 7f 7f 7f 7f 7f
7f 7f 7f 7f 7f 7f 7f 7f 7f 7f 7f 7f 7f 7f 7f 7f
7f 7f 7f 7f 7f 7f 7f 7f 7f 7f 7f 7f 7f 7f 7f 7f
7f 7f 7f 7f 7f 7f 7f 7f 7f 7f 7f 7f 7f 7f 7f 7f
7f 7f 7f 7f 7f 7f 7f 7f 7f 7f 7f 7f 7f 7f 7f 7f
7f 7f 7f 7f 7f 7f 7f 7f 7f 7f 7f 7f 7f 7f 7f 7f
7f 7f 7f 7f 7f 7f 7f 7f 7f 7f 7f 7f 7f 7f 7f 7f
7f 7f 7f 7f 7f 7f 7f 7f 7f 7f 7f 7f 7f 7f 7f 7f
7f 7f 7f 7f 7f 7f 7f 7f 7f 7f 7f 7f 7f 7f 7f 7f
7f 7f 7f 7f 7f 7f 7f 7f 7f 7f 7f 7f 7f 7f 7f 7f
7f 7f 7f 7f 7f 7f 7f 7f 7f 7f 7f 7f 7f 7f 7f 7f
7f 7f 7f 7f 7f 7f 7f 7f 7f 7f 7f 7f 7f 7f 7f 7f
@040000
f4 f4 f4 f4 f4 f4 f4 f4 f4 f4 f4 f4 f4 f4 f4 f4
7f 7f 7f 7f 7f 7f 7f 7f 7f 7f 7f 7f 7f 7f 7f 7f
7f 7f 7f 7f 7f 7f 7f 7f 7f 7f 7f 7f 7f 7f 7f 7f
7f 7f 7f 7f 7f 7f 7f 7f 7f 7f 7f 7f 7f 7f 7f 7f
fb fb fb fb fb fb fb fb fb fb fb fb fb fb fb fb
f5 f5 f5 f5 f5 f5 f5 f5 f5 f5 f5 f5 f5 f5 f5 f5
7f 7f 7f 7f 7f 7f 7f 7f 7f 7f 7f 7f 7f 7f 7f 7f
7f 7f 7f 7f 7f 7f 7f 7f 7f 7f 7f 7f 7f 7f 7f 7f
7f 7f 7f 7f 7f 7f 7f 7f 7f 7f 7f 7f 7f 7f 7f 7f
fc fc fc fc fc fc fc fc fc fc fc fc fc fc fc fc
f6 f6 f6 f6 f6 f6 f6 f6 f6 f6 f6 f6 f6 f6 f6 f6
7f 7f 7f 7f 7f 7f 7f 7f 7f 7f 7f 7f 7f 7f 7f 7f
7f 7f 7f 7f 7f 7f 7f 7f 7f 7f 7f 7f 7f 7f 7f 7f
7f 7f 7f 7f 7f 7f 7f 7f 7f 7f 7f 7f 7f 7f 7f 7f
fd fd fd fd fd fd fd fd fd fd fd fd fd fd fd fd
f7 f7 f7 f7 f7 f7 f7 f7 f7 f7 f7 f7 f7 f7 f7 f7
f1 f1 f1 f1 f1 f1 f1 f1 f1 f1 f1 f1 f1 f1 f1 f1
7f 7f 7f 7f 7f 7f 7f 7f 7f 7f 7f 7f 7f 7f 7f 7f
7f 7f 7f 7f 7f 7f 7f 7f 7f 7f 7f 7f 7f 7f 7f 7f
fe fe fe fe fe fe fe fe fe fe fe fe fe fe fe fe
f8 f8 f8 f8 f8 f8 f8 f8 f8 f8 f8 f8 f8 f8 f8 f8
f2 f2 f2 f2 f2 f2 f2 f2 f2 f2 f2 f2 f2 f2 f2 f2
7f 7f 7f 7f 7f 7f 7f 7f 7f 7f 7f 7f 7f 7f 7f 7f
7f 7f 7f 7f 7f 7f 7f 7f 7f 7f 7f 7f 7f 7f 7f 7f
ff ff ff ff ff ff ff ff ff ff ff ff ff ff ff ff
f9 f9 f9 f9 f9 f9 f9 f9 f9 f9 f9 f9 f9 f9 f9 f9
f3 f3 f3 f3 f3 f3 f3 f3 f3 f3 f3 f3 f3 f3 f3 f3
7f 7f 7f 7f 7f 7f 7f 7f 7f 7f 7f 7f 7f 7f 7f 7f
7f 7f 7f 7f 7f 7f 7f 7f 7f 7f 7f 7f 7f 7f 7f 7f
00 00 00 00 00 00 00 00 00 00 00 00 00 00 00 00
fa fa fa fa fa fa fa fa fa fa fa fa fa fa fa fa
f4 f4 f4 f4 f4 f4 f4 f4 f4 f4 f4 f4 f4 f4 f4 f4
7f 7f 7f 7f 7f 7f 7f 7f 7f 7f 7f 7f 7f 7f 7f 7f
7f 7f 7f 7f 7f 7f 7f 7f 7f 7f 7f 7f 7f 7f 7f 7f
7f 7f 7f 7f 7f 7f 7f 7f 7f 7f 7f 7f 7f 7f 7f 7f
fb fb fb fb fb fb fb fb fb fb fb fb fb fb fb fb
f5 f5 f5 f5 f5 f5 f5 f5 f5 f5 f5 f5 f5 f5 f5 f5
7f 7f 7f 7f 7f 7f 7f 7f 7f 7f 7f 7f 7f 7f 7f 7f
7f 7f 7f 7f 7f 7f 7f 7f 7f 7f 7f 7f 7f 7f 7f 7f
7f 7f 7f 7f 7f 7f 7f 7f 7f 7f 7f 7f 7f 7f 7f 7f
@042000
00 00 00 00 00 00 00 00 00 00 00 00 00 00 00 00
00 00 00 00 00 00 00 00 00 00 00 00 00 00 00 00
00 00 00 00 00 00 00 00 00 00 00 00 00 00 00 00
00 00 00 00 00 00 00 00 00 00 00 00 00 00 00 00
7f 7f 7f 7f 7f 7f 7f 7f 7f 7f 7f 7f 7f 7f 7f 7f
7f 7f 7f 7f 7f 7f 7f 7f 7f 7f 7f 7f 7f 7f 7f 7f
7f 7f 7f 7f 7f 7f 7f 7f 7f 7f 7f 7f 7f 7f 7f 7f
7f 7f 7f 7f 7f 7f 7f 7f 7f 7f 7f 7f 7f 7f 7f 7f
7f 7f 7f 7f 7f 7f 7f 7f 7f 7f 7f 7f 7f 7f 7f 7f
7f 7f 7f 7f 7f 7f 7f 7f 7f 7f 7f 7f 7f 7f 7f 7f
7f 7f 7f 7f 7f 7f 7f 7f 7f 7f 7f 7f 7f 7f 7f 7f
7f 7f 7f 7f 7f 7f 7f 7f 7f 7f 7f 7f 7f 7f 7f 7f
7f 7f 7f 7f 7f 7f 7f 7f 7f 7f 7f 7f 7f 7f 7f 7f
7f 7f 7f 7f 7f 7f 7f 7f 7f 7f 7f 7f 7f 7f 7f 7f
7f 7f 7f 7f 7f 7f 7f 7f 7f 7f 7f 7f 7f 7f 7f 7f
7f 7f 7f 7f 7f 7f 7f 7f 7f 7f 7f 7f 7f 7f 7f 7f
00 00 00 00 00 00 00 00 00 00 00 00 00 00 00 00
00 00 00 00 00 00 00 00 00 00 00 00 00 00 00 00
00 00 00 00 00 00 00 00 00 00 00 00 00 00 00 00
00 00 00 00 00 00 00 00 00 00 00 00 00 00 00 00
00 00 00 00 00 00 00 00 00 00 00 00 00 00 00 00
00 00 00 00 00 00 00 00 00 00 00 00 00 00 00 00
00 00 00 00 00 00 00 00 00 00 00 00 00 00 00 00
00 00 00 00 00 00 00 00 00 00 00 00 00 00 00 00
7f 7f 7f 7f 7f 7f 7f 7f 7f 7f 7f 7f 7f 7f 7f 7f
7f 7f 7f 7f 7f 7f 7f 7f 7f 7f 7f 7f 7f 7f 7f 7f
7f 7f 7f 7f 7f 7f 7f 7f 7f 7f 7f 7f 7f 7f 7f 7f
7f 7f 7f 7f 7f 7f 7f 7f 7f 7f 7f 7f 7f 7f 7f 7f
7f 7f 7f 7f 7f 7f 7f 7f 7f 7f 7f 7f 7f 7f 7f 7f
7f 7f 7f 7f 7f 7f 7f 7f 7f 7f 7f 7f 7f 7f 7f 7f
7f 7f 7f 7f 7f 7f 7f 7f 7f 7f 7f 7f 7f 7f 7f 7f
7f 7f 7f 7f 7f 7f 7f 7f 7f 7f 7f 7f 7f 7f 7f 7f
7f 7f 7f 7f 7f 7f 7f 7f 7f 7f 7f 7f 7f 7f 7f 7f
7f 7f 7f 7f 7f 7f 7f 7f 7f 7f 7f 7f 7f 7f 7f 7f
7f 7f 7f 7f 7f 7f 7f 7f 7f 7f 7f 7f 7f 7f 7f 7f
7f 7f 7f 7f 7f 7f 7f 7f 7f 7f 7f 7f 7f 7f 7f 7f
00 00 00 00 00 00 00 00 00 00 00 00 00 00 00 00
00 00 00 00 00 00 00 00 00 00 00 00 00 00 00 00
00 00 00 00 00 00 00 00 00 00 00 00 00 00 00 00
00 00 00 00 00 00 00 00 00 00 00 00 00 00 00 00
00 00 00 00 00 00 00 00 00 00 00 00 00 00 00 00
00 00 00 00 00 00 00 00 00 00 00 00 00 00 00 00
00 00 00 00 00 00 00 00 00 00 00 00 00 00 00 00
00 00 00 00 00 00 00 00 00 00 00 00 00 00 00 00
7f 7f 7f 7f 7f 7f 7f 7f 7f 7f 7f 7f 7f 7f 7f 7f
7f 7f 7f 7f 7f 7f 7f 7f 7f 7f 7f 7f 7f 7f 7f 7f
7f 7f 7f 7f 7f 7f 7f 7f 7f 7f 7f 7f 7f 7f 7f 7f
7f 7f 7f 7f 7f 7f 7f 7f 7f 7f 7f 7f 7f 7f 7f 7f
7f 7f 7f 7f 7f 7f 7f 7f 7f 7f 7f 7f 7f 7f 7f 7f
7f 7f 7f 7f 7f 7f 7f 7f 7f 7f 7f 7f 7f 7f 7f 7f
7f 7f 7f 7f 7f 7f 7f 7f 7f 7f 7f 7f 7f 7f 7f 7f
7f 7f 7f 7f 7f 7f 7f 7f 7f 7f 7f 7f 7f 7f 7f 7f
7f 7f 7f 7f 7f 7f 7f 7f 7f 7f 7f 7f 7f 7f 7f 7f
7f 7f 7f 7f 7f 7f 7f 7f 7f 7f 7f 7f 7f 7f 7f 7f
7f 7f 7f 7f 7f 7f 7f 7f 7f 7f 7f 7f 7f 7f 7f 7f
7f 7f 7f 7f 7f 7f 7f 7f 7f 7f 7f 7f 7f 7f 7f 7f
00 00 00 00 00 00 00 00 00 00 00 00 00 00 00 00
00 00 00 00 00 00 00 00 00 00 00 00 00 00 00 00
00 00 00 00 00 00 00 00 00 00 00 00 00 00 00 00
00 00 00 00 00 00 00 00 00 00 00 00 00 00 00 00
00 00 00 00 00 00 00 00 00 00 00 00 00 00 00 00
00 00 00 00 00 00 00 00 00 00 00 00 00 00 00 00
00 00 00 00 00 00 00 00 00 00 00 00 00 00 00 00
00 00 00 00 00 00 00 00 00 00 00 00 00 00 00 00
00 00 00 00 00 00 00 00 00 00 00 00 00 00 00 00
00 00 00 00 00 00 00 00 00 00 00 00 00 00 00 00
00 00 00 00 00 00 00 00 00 00 00 00 00 00 00 00
00 00 00 00 00 00 00 00 00 00 00 00 00 00 00 00
7f 7f 7f 7f 7f 7f 7f 7f 7f 7f 7f 7f 7f 7f 7f 7f
7f 7f 7f 7f 7f 7f 7f 7f 7f 7f 7f 7f 7f 7f 7f 7f
7f 7f 7f 7f 7f 7f 7f 7f 7f 7f 7f 7f 7f 7f 7f 7f
7f 7f 7f 7f 7f 7f 7f 7f 7f 7f 7f 7f 7f 7f 7f 7f
7f 7f 7f 7f 7f 7f 7f 7f 7f 7f 7f 7f 7f 7f 7f 7f
7f 7f 7f 7f 7f 7f 7f 7f 7f 7f 7f 7f 7f 7f 7f 7f
7f 7f 7f 7f 7f 7f 7f 7f 7f 7f 7f 7f 7f 7f 7f 7f
7f 7f 7f 7f 7f 7f 7f 7f 7f 7f 7f 7f 7f 7f 7f 7f
00 00 00 00 00 00 00 00 00 00 00 00 00 00 00 00
00 00 00 00 00 00 00 00 00 00 00 00 00 00 00 00
00 00 00 00 00 00 00 00 00 00 00 00 00 00 00 00
00 00 00 00 00 00 00 00 00 00 00 00 00 00 00 00
00 00 00 00 00 00 00 00 00 00 00 00 00 00 00 00
00 00 00 00 00 00 00 00 00 00 00 00 00 00 00 00
00 00 00 00 00 00 00 00 00 00 00 00 00 00 00 00
00 00 00 00 00 00 00 00 00 00 00 00 00 00 00 00
00 00 00 00 00 00 00 00 00 00 00 00 00 00 00 00
00 00 00 00 00 00 00 00 00 00 00 00 00 00 00 00
00 00 00 00 00 00 00 00 00 00 00 00 00 00 00 00
00 00 00 00 00 00 00 00 00 00 00 00 00 00 00 00
7f 7f 7f 7f 7f 7f 7f 7f 7f 7f 7f 7f 7f 7f 7f 7f
7f 7f 7f 7f 7f 7f 7f 7f 7f 7f 7f 7f 7f 7f 7f 7f
7f 7f 7f 7f 7f 7f 7f 7f 7f 7f 7f 7f 7f 7f 7f 7f
7f 7f 7f 7f 7f 7f 7f 7f 7f 7f 7f 7f 7f 7f 7f 7f
7f 7f 7f 7f 7f 7f 7f 7f 7f 7f 7f 7f 7f 7f 7f 7f
7f 7f 7f 7f 7f 7f 7f 7f 7f 7f 7f 7f 7f 7f 7f 7f
7f 7f 7f 7f 7f 7f 7f 7f 7f 7f 7f 7f 7f 7f 7f 7f
7f 7f 7f 7f 7f 7f 7f 7f 7f 7f 7f 7f 7f 7f 7f 7f
00 00 00 00 00 00 00 00 00 00 00 00 00 00 00 00
00 00 00 00 00 00 00 00 00 00 00 00 00 00 00 00
00 00 00 00 00 00 00 00 00 00 00 00 00 00 00 00
00 00 00 00 00 00 00 00 00 00 00 00 00 00 00 00
00 00 00 00 00 00 00 00 00 00 00 00 00 00 00 00
00 00 00 00 00 00 00 00 00 00 00 00 00 00 00 00
00 00 00 00 00 00 00 00 00 00 00 00 00 00 00 00
00 00 00 00 00 00 00 00 00 00 00 00 00 00 00 00
00 00 00 00 00 00 00 00 00 00 00 00 00 00 00 00
00 00 00 00 00 00 00 00 00 00 00 00 00 00 00 00
00 00 00 00 00 00 00 00 00 00 00 00 00 00 00 00
00 00 00 00 00 00 00 00 00 00 00 00 00 00 00 00
7f 7f 7f 7f 7f 7f 7f 7f 7f 7f 7f 7f 7f 7f 7f 7f
7f 7f 7f 7f 7f 7f 7f 7f 7f 7f 7f 7f 7f 7f 7f 7f
7f 7f 7f 7f 7f 7f 7f 7f 7f 7f 7f 7f 7f 7f 7f 7f
7f 7f 7f 7f 7f 7f 7f 7f 7f 7f 7f 7f 7f 7f 7f 7f
7f 7f 7f 7f 7f 7f 7f 7f 7f 7f 7f 7f 7f 7f 7f 7f
7f 7f 7f 7f 7f 7f 7f 7f 7f 7f 7f 7f 7f 7f 7f 7f
7f 7f 7f 7f 7f 7f 7f 7f 7f 7f 7f 7f 7f 7f 7f 7f
7f 7f 7f 7f 7f 7f 7f 7f 7f 7f 7f 7f 7f 7f 7f 7f
00 00 00 00 00 00 00 00 00 00 00 00 00 00 00 00
00 00 00 00 00 00 00 00 00 00 00 00 00 00 00 00
00 00 00 00 00 00 00 00 00 00 00 00 00 00 00 00
00 00 00 00 00 00 00 00 00 00 00 00 00 00 00 00
00 00 00 00 00 00 00 00 00 00 00 00 00 00 00 00
00 00 00 00 00 00 00 00 00 00 00 00 00 00 00 00
00 00 00 00 00 00 00 00 00 00 00 00 00 00 00 00
00 00 00 00 00 00 00 00 00 00 00 00 00 00 00 00
00 00 00 00 00 00 00 00 00 00 00 00 00 00 00 00
00 00 00 00 00 00 00 00 00 00 00 00 00 00 00 00
00 00 00 00 00 00 00 00 00 00 00 00 00 00 00 00
00 00 00 00 00 00 00 00 00 00 00 00 00 00 00 00
7f 7f 7f 7f 7f 7f 7f 7f 7f 7f 7f 7f 7f 7f 7f 7f
7f 7f 7f 7f 7f 7f 7f 7f 7f 7f 7f 7f 7f 7f 7f 7f
7f 7f 7f 7f 7f 7f 7f 7f 7f 7f 7f 7f 7f 7f 7f 7f
7f 7f 7f 7f 7f 7f 7f 7f 7f 7f 7f 7f 7f 7f 7f 7f
7f 7f 7f 7f 7f 7f 7f 7f 7f 7f 7f 7f 7f 7f 7f 7f
7f 7f 7f 7f 7f 7f 7f 7f 7f 7f 7f 7f 7f 7f 7f 7f
7f 7f 7f 7f 7f 7f 7f 7f 7f 7f 7f 7f 7f 7f 7f 7f
7f 7f 7f 7f 7f 7f 7f 7f 7f 7f 7f 7f 7f 7f 7f 7f
7f 7f 7f 7f 7f 7f 7f 7f 7f 7f 7f 7f 7f 7f 7f 7f
7f 7f 7f 7f 7f 7f 7f 7f 7f 7f 7f 7f 7f 7f 7f 7f
7f 7f 7f 7f 7f 7f 7f 7f 7f 7f 7f 7f 7f 7f 7f 7f
7f 7f 7f 7f 7f 7f 7f 7f 7f 7f 7f 7f 7f 7f 7f 7f
00 00 00 00 00 00 00 00 00 00 00 00 00 00 00 00
00 00 00 00 00 00 00 00 00 00 00 00 00 00 00 00
00 00 00 00 00 00 00 00 00 00 00 00 00 00 00 00
00 00 00 00 00 00 00 00 00 00 00 00 00 00 00 00
00 00 00 00 00 00 00 00 00 00 00 00 00 00 00 00
00 00 00 00 00 00 00 00 00 00 00 00 00 00 00 00
00 00 00 00 00 00 00 00 00 00 00 00 00 00 00 00
00 00 00 00 00 00 00 00 00 00 00 00 00 00 00 00
7f 7f 7f 7f 7f 7f 7f 7f 7f 7f 7f 7f 7f 7f 7f 7f
7f 7f 7f 7f 7f 7f 7f 7f 7f 7f 7f 7f 7f 7f 7f 7f
7f 7f 7f 7f 7f 7f 7f 7f 7f 7f 7f 7f 7f 7f 7f 7f
7f 7f 7f 7f 7f 7f 7f 7f 7f 7f 7f 7f 7f 7f 7f 7f
7f 7f 7f 7f 7f 7f 7f 7f 7f 7f 7f 7f 7f 7f 7f 7f
7f 7f 7f 7f 7f 7f 7f 7f 7f 7f 7f 7f 7f 7f 7f 7f
7f 7f 7f 7f 7f 7f 7f 7f 7f 7f 7f 7f 7f 7f 7f 7f
7f 7f 7f 7f 7f 7f 7f 7f 7f 7f 7f 7f 7f 7f 7f 7f
7f 7f 7f 7f 7f 7f 7f 7f 7f 7f 7f 7f 7f 7f 7f 7f
7f 7f 7f 7f 7f 7f 7f 7f 7f 7f 7f 7f 7f 7f 7f 7f
7f 7f 7f 7f 7f 7f 7f 7f 7f 7f 7f 7f 7f 7f 7f 7f
7f 7f 7f 7f 7f 7f 7f 7f 7f 7f 7f 7f 7f 7f 7f 7f
@044000
00 00 00 00 00 00 00 00 00 00 00 00 00 00 00 00
7f 7f 7f 7f 7f 7f 7f 7f 7f 7f 7f 7f 7f 7f 7f 7f
7f 7f 7f 7f 7f 7f 7f 7f 7f 7f 7f 7f 7f 7f 7f 7f
7f 7f 7f 7f 7f 7f 7f 7f 7f 7f 7f 7f 7f 7f 7f 7f
00 00 00 00 00 00 00 00 00 00 00 00 00 00 00 00
00 00 00 00 00 00 00 00 00 00 00 00 00 00 00 00
7f 7f 7f 7f 7f 7f 7f 7f 7f 7f 7f 7f 7f 7f 7f 7f
7f 7f 7f 7f 7f 7f 7f 7f 7f 7f 7f 7f 7f 7f 7f 7f
7f 7f 7f 7f 7f 7f 7f 7f 7f 7f 7f 7f 7f 7f 7f 7f
00 00 00 00 00 00 00 00 00 00 00 00 00 00 00 00
00 00 00 00 00 00 00 00 00 00 00 00 00 00 00 00
7f 7f 7f 7f 7f 7f 7f 7f 7f 7f 7f 7f 7f 7f 7f 7f
7f 7f 7f 7f 7f 7f 7f 7f 7f 7f 7f 7f 7f 7f 7f 7f
7f 7f 7f 7f 7f 7f 7f 7f 7f 7f 7f 7f 7f 7f 7f 7f
00 00 00 00 00 00 00 00 00 00 00 00 00 00 00 00
00 00 00 00 00 00 00 00 00 00 00 00 00 00 00 00
00 00 00 00 00 00 00 00 00 00 00 00 00 00 00 00
7f 7f 7f 7f 7f 7f 7f 7f 7f 7f 7f 7f 7f 7f 7f 7f
7f 7f 7f 7f 7f 7f 7f 7f 7f 7f 7f 7f 7f 7f 7f 7f
00 00 00 00 00 00 00 00 00 00 00 00 00 00 00 00
00 00 00 00 00 00 00 00 00 00 00 00 00 00 00 00
00 00 00 00 00 00 00 00 00 00 00 00 00 00 00 00
7f 7f 7f 7f 7f 7f 7f 7f 7f 7f 7f 7f 7f 7f 7f 7f
7f 7f 7f 7f 7f 7f 7f 7f 7f 7f 7f 7f 7f 7f 7f 7f
00 00 00 00 00 00 00 00 00 00 00 00 00 00 00 00
00 00 00 00 00 00 00 00 00 00 00 00 00 00 00 00
00 00 00 00 00 00 00 00 00 00 00 00 00 00 00 00
7f 7f 7f 7f 7f 7f 7f 7f 7f 7f 7f 7f 7f 7f 7f 7f
7f 7f 7f 7f 7f 7f 7f 7f 7f 7f 7f 7f 7f 7f 7f 7f
00 00 00 00 00 00 00 00 00 00 00 00 00 00 00 00
00 00 00 00 00 00 00 00 00 00 00 00 00 00 00 00
00 00 00 00 00 00 00 00 00 00 00 00 00 00 00 00
7f 7f 7f 7f 7f 7f 7f 7f 7f 7f 7f 7f 7f 7f 7f 7f
7f 7f 7f 7f 7f 7f 7f 7f 7f 7f 7f 7f 7f 7f 7f 7f
7f 7f 7f 7f 7f 7f 7f 7f 7f 7f 7f 7f 7f 7f 7f 7f
00 00 00 00 00 00 00 00 00 00 00 00 00 00 00 00
00 00 00 00 00 00 00 00 00 00 00 00 00 00 00 00
7f 7f 7f 7f 7f 7f 7f 7f 7f 7f 7f 7f 7f 7f 7f 7f
7f 7f 7f 7f 7f 7f 7f 7f 7f 7f 7f 7f 7f 7f 7f 7f
7f 7f 7f 7f 7f 7f 7f 7f 7f 7f 7f 7f 7f 7f 7f 7f
@046000
f4 f4 f4 f4 f4 f4 f4 f4 f4 f4 f4 f4 f4 f4 f4 f4
f4 f4 f4 f4 f4 f4 f4 f4 f4 f4 f4 f4 f4 f4 f4 f4
f4 f4 f4 f4 f4 f4 f4 f4 f4 f4 f4 f4 f4 f4 f4 f4
f4 f4 f4 f4 f4 f4 f4 f4 f4 f4 f4 f4 f4 f4 f4 f4
7f 7f 7f 7f 7f 7f 7f 7f 7f 7f 7f 7f 7f 7f 7f 7f
7f 7f 7f 7f 7f 7f 7f 7f 7f 7f 7f 7f 7f 7f 7f 7f
7f 7f 7f 7f 7f 7f 7f 7f 7f 7f 7f 7f 7f 7f 7f 7f
7f 7f 7f 7f 7f 7f 7f 7f 7f 7f 7f 7f 7f 7f 7f 7f
7f 7f 7f 7f 7f 7f 7f 7f 7f 7f 7f 7f 7f 7f 7f 7f
7f 7f 7f 7f 7f 7f 7f 7f 7f 7f 7f 7f 7f 7f 7f 7f
7f 7f 7f 7f 7f 7f 7f 7f 7f 7f 7f 7f 7f 7f 7f 7f
7f 7f 7f 7f 7f 7f 7f 7f 7f 7f 7f 7f 7f 7f 7f 7f
7f 7f 7f 7f 7f 7f 7f 7f 7f 7f 7f 7f 7f 7f 7f 7f
7f 7f 7f 7f 7f 7f 7f 7f 7f 7f 7f 7f 7f 7f 7f 7f
7f 7f 7f 7f 7f 7f 7f 7f 7f 7f 7f 7f 7f 7f 7f 7f
7f 7f 7f 7f 7f 7f 7f 7f 7f 7f 7f 7f 7f 7f 7f 7f
fb fb fb fb fb fb fb fb fb fb fb fb fb fb fb fb
fb fb fb fb fb fb fb fb fb fb fb fb fb fb fb fb
fb fb fb fb fb fb fb fb fb fb fb fb fb fb fb fb
fb fb fb fb fb fb fb fb fb fb fb fb fb fb fb fb
f5 f5 f5 f5 f5 f5 f5 f5 f5 f5 f5 f5 f5 f5 f5 f5
f5 f5 f5 f5 f5 f5 f5 f5 f5 f5 f5 f5 f5 f5 f5 f5
f5 f5 f5 f5 f5 f5 f5 f5 f5 f5 f5 f5 f5 f5 f5 f5
f5 f5 f5 f5 f5 f5 f5 f5 f5 f5 f5 f5 f5 f5 f5 f5
7f 7f 7f 7f 7f 7f 7f 7f 7f 7f 7f 7f 7f 7f 7f 7f
7f 7f 7f 7f 7f 7f 7f 7f 7f 7f 7f 7f 7f 7f 7f 7f
7f 7f 7f 7f 7f 7f 7f 7f 7f 7f 7f 7f 7f 7f 7f 7f
7f 7f 7f 7f 7f 7f 7f 7f 7f 7f 7f 7f 7f 7f 7f 7f
7f 7f 7f 7f 7f 7f 7f 7f 7f 7f 7f 7f 7f 7f 7f 7f
7f 7f 7f 7f 7f 7f 7f 7f 7f 7f 7f 7f 7f 7f 7f 7f
7f 7f 7f 7f 7f 7f 7f 7f 7f 7f 7f 7f 7f 7f 7f 7f
7f 7f 7f 7f 7f 7f 7f 7f 7f 7f 7f 7f 7f 7f 7f 7f
7f 7f 7f 7f 7f 7f 7f 7f 7f 7f 7f 7f 7f 7f 7f 7f
7f 7f 7f 7f 7f 7f 7f 7f 7f 7f 7f 7f 7f 7f 7f 7f
7f 7f 7f 7f 7f 7f 7f 7f 7f 7f 7f 7f 7f 7f 7f 7f
7f 7f 7f 7f 7f 7f 7f 7f 7f 7f 7f 7f 7f 7f 7f 7f
fc fc fc fc fc fc fc fc fc fc fc fc fc fc fc fc
fc fc fc fc fc fc fc fc fc fc fc fc fc fc fc fc
fc fc fc fc fc fc fc fc fc fc fc fc fc fc fc fc
fc fc fc fc fc fc fc fc fc fc fc fc fc fc fc fc
f6 f6 f6 f6 f6 f6 f6 f6 f6 f6 f6 f6 f6 f6 f6 f6
f6 f6 f6 f6 f6 f6 f6 f6 f6 f6 f6 f6 f6 f6 f6 f6
f6 f6 f6 f6 f6 f6 f6 f6 f6 f6 f6 f6 f6 f6 f6 f6
f6 f6 f6 f6 f6 f6 f6 f6 f6 f6 f6 f6 f6 f6 f6 f6
7f 7f 7f 7f 7f 7f 7f 7f 7f 7f 7f 7f 7f 7f 7f 7f
7f 7f 7f 7f 7f 7f 7f 7f 7f 7f 7f 7f 7f 7f 7f 7f
7f 7f 7f 7f 7f 7f 7f 7f 7f 7f 7f 7f 7f 7f 7f 7f
7f 7f 7f 7f 7f 7f 7f 7f 7f 7f 7f 7f 7f 7f 7f 7f
7f 7f 7f 7f 7f 7f 7f 7f 7f 7f 7f 7f 7f 7f 7f 7f
7f 7f 7f 7f 7f 7f 7f 7f 7f 7f 7f 7f 7f 7f 7f 7f
7f 7f 7f 7f 7f 7f 7f 7f 7f 7f 7f 7f 7f 7f 7f 7f
7f 7f 7f 7f 7f 7f 7f 7f 7f 7f 7f 7f 7f 7f 7f 7f
7f 7f 7f 7f 7f 7f 7f 7f 7f 7f 7f 7f 7f 7f 7f 7f
7f 7f 7f 7f 7f 7f 7f 7f 7f 7f 7f 7f 7f 7f 7f 7f
7f 7f 7f 7f 7f 7f 7f 7f 7f 7f 7f 7f 7f 7f 7f 7f
7f 7f 7f 7f 7f 7f 7f 7f 7f 7f 7f 7f 7f 7f 7f 7f
fd fd fd fd fd fd fd fd fd fd fd fd fd fd fd fd
fd fd fd fd fd fd fd fd fd fd fd fd fd fd fd fd
fd fd fd fd fd fd fd fd fd fd fd fd fd fd fd fd
fd fd fd fd fd fd fd fd fd fd fd fd fd fd fd fd
f7 f7 f7 f7 f7 f7 f7 f7 f7 f7 f7 f7 f7 f7 f7 f7
f7 f7 f7 f7 f7 f7 f7 f7 f7 f7 f7 f7 f7 f7 f7 f7
f7 f7 f7 f7 f7 f7 f7 f7 f7 f7 f7 f7 f7 f7 f7 f7
f7 f7 f7 f7 f7 f7 f7 f7 f7 f7 f7 f7 f7 f7 f7 f7
f1 f1 f1 f1 f1 f1 f1 f1 f1 f1 f1 f1 f1 f1 f1 f1
f1 f1 f1 f1 f1 f1 f1 f1 f1 f1 f1 f1 f1 f1 f1 f1
f1 f1 f1 f1 f1 f1 f1 f1 f1 f1 f1 f1 f1 f1 f1 f1
f1 f1 f1 f1 f1 f1 f1 f1 f1 f1 f1 f1 f1 f1 f1 f1
7f 7f 7f 7f 7f 7f 7f 7f 7f 7f 7f 7f 7f 7f 7f 7f
7f 7f 7f 7f 7f 7f 7f 7f 7f 7f 7f 7f 7f 7f 7f 7f
7f 7f 7f 7f 7f 7f 7f 7f 7f 7f 7f 7f 7f 7f 7f 7f
7f 7f 7f 7f 7f 7f 7f 7f 7f 7f 7f 7f 7f 7f 7f 7f
7f 7f 7f 7f 7f 7f 7f 7f 7f 7f 7f 7f 7f 7f 7f 7f
7f 7f 7f 7f 7f 7f 7f 7f 7f 7f 7f 7f 7f 7f 7f 7f
7f 7f 7f 7f 7f 7f 7f 7f 7f 7f 7f 7f 7f 7f 7f 7f
7f 7f 7f 7f 7f 7f 7f 7f 7f 7f 7f 7f 7f 7f 7f 7f
fe fe fe fe fe fe fe fe fe fe fe fe fe fe fe fe
fe fe fe fe fe fe fe fe fe fe fe fe fe fe fe fe
fe fe fe fe fe fe fe fe fe fe fe fe fe fe fe fe
fe fe fe fe fe fe fe fe fe fe fe fe fe fe fe fe
f8 f8 f8 f8 f8 f8 f8 f8 f8 f8 f8 f8 f8 f8 f8 f8
f8 f8 f8 f8 f8 f8 f8 f8 f8 f8 f8 f8 f8 f8 f8 f8
f8 f8 f8 f8 f8 f8 f8 f8 f8 f8 f8 f8 f8 f8 f8 f8
f8 f8 f8 f8 f8 f8 f8 f8 f8 f8 f8 f8 f8 f8 f8 f8
f2 f2 f2 f2 f2 f2 f2 f2 f2 f2 f2 f2 f2 f2 f2 f2
f2 f2 f2 f2 f2 f2 f2 f2 f2 f2 f2 f2 f2 f2 f2 f2
f2 f2 f2 f2 f2 f2 f2 f2 f2 f2 f2 f2 f2 f2 f2 f2
f2 f2 f2 f2 f2 f2 f2 f2 f2 f2 f2 f2 f2 f2 f2 f2
7f 7f 7f 7f 7f 7f 7f 7f 7f 7f 7f 7f 7f 7f 7f 7f
7f 7f 7f 7f 7f 7f 7f 7f 7f 7f 7f 7f 7f 7f 7f 7f
7f 7f 7f 7f 7f 7f 7f 7f 7f 7f 7f 7f 7f 7f 7f 7f
7f 7f 7f 7f 7f 7f 7f 7f 7f 7f 7f 7f 7f 7f 7f 7f
7f 7f 7f 7f 7f 7f 7f 7f 7f 7f 7f 7f 7f 7f 7f 7f
7f 7f 7f 7f 7f 7f 7f 7f 7f 7f 7f 7f 7f 7f 7f 7f
7f 7f 7f 7f 7f 7f 7f 7f 7f 7f 7f 7f 7f 7f 7f 7f
7f 7f 7f 7f 7f 7f 7f 7f 7f 7f 7f 7f 7f 7f 7f 7f
ff ff ff ff ff ff ff ff ff ff ff ff ff ff ff ff
ff ff ff ff ff ff ff ff ff ff ff ff ff ff ff ff
ff ff ff ff ff ff ff ff ff ff ff ff ff ff ff ff
ff ff ff ff ff ff ff ff ff ff ff ff ff ff ff ff
f9 f9 f9 f9 f9 f9 f9 f9 f9 f9 f9 f9 f9 f9 f9 f9
f9 f9 f9 f9 f9 f9 f9 f9 f9 f9 f9 f9 f9 f9 f9 f9
f9 f9 f9 f9 f9 f9 f9 f9 f9 f9 f9 f9 f9 f9 f9 f9
f9 f9 f9 f9 f9 f9 f9 f9 f9 f9 f9 f9 f9 f9 f9 f9
f3 f3 f3 f3 f3 f3 f3 f3 f3 f3 f3 f3 f3 f3 f3 f3
f3 f3 f3 f3 f3 f3 f3 f3 f3 f3 f3 f3 f3 f3 f3 f3
f3 f3 f3 f3 f3 f3 f3 f3 f3 f3 f3 f3 f3 f3 f3 f3
f3 f3 f3 f3 f3 f3 f3 f3 f3 f3 f3 f3 f3 f3 f3 f3
7f 7f 7f 7f 7f 7f 7f 7f 7f 7f 7f 7f 7f 7f 7f 7f
7f 7f 7f 7f 7f 7f 7f 7f 7f 7f 7f 7f 7f 7f 7f 7f
7f 7f 7f 7f 7f 7f 7f 7f 7f 7f 7f 7f 7f 7f 7f 7f
7f 7f 7f 7f 7f 7f 7f 7f 7f 7f 7f 7f 7f 7f 7f 7f
7f 7f 7f 7f 7f 7f 7f 7f 7f 7f 7f 7f 7f 7f 7f 7f
7f 7f 7f 7f 7f 7f 7f 7f 7f 7f 7f 7f 7f 7f 7f 7f
7f 7f 7f 7f 7f 7f 7f 7f 7f 7f 7f 7f 7f 7f 7f 7f
7f 7f 7f 7f 7f 7f 7f 7f 7f 7f 7f 7f 7f 7f 7f 7f
00 00 00 00 00 00 00 00 00 00 00 00 00 00 00 00
00 00 00 00 00 00 00 00 00 00 00 00 00 00 00 00
00 00 00 00 00 00 00 00 00 00 00 00 00 00 00 00
00 00 00 00 00 00 00 00 00 00 00 00 00 00 00 00
fa fa fa fa fa fa fa fa fa fa fa fa fa fa fa fa
fa fa fa fa fa fa fa fa fa fa fa fa fa fa fa fa
fa fa fa fa fa fa fa fa fa fa fa fa fa fa fa fa
fa fa fa fa fa fa fa fa fa fa fa fa fa fa fa fa
f4 f4 f4 f4 f4 f4 f4 f4 f4 f4 f4 f4 f4 f4 f4 f4
f4 f4 f4 f4 f4 f4 f4 f4 f4 f4 f4 f4 f4 f4 f4 f4
f4 f4 f4 f4 f4 f4 f4 f4 f4 f4 f4 f4 f4 f4 f4 f4
f4 f4 f4 f4 f4 f4 f4 f4 f4 f4 f4 f4 f4 f4 f4 f4
7f 7f 7f 7f 7f 7f 7f 7f 7f 7f 7f 7f 7f 7f 7f 7f
7f 7f 7f 7f 7f 7f 7f 7f 7f 7f 7f 7f 7f 7f 7f 7f
7f 7f 7f 7f 7f 7f 7f 7f 7f 7f 7f 7f 7f 7f 7f 7f
7f 7f 7f 7f 7f 7f 7f 7f 7f 7f 7f 7f 7f 7f 7f 7f
7f 7f 7f 7f 7f 7f 7f 7f 7f 7f 7f 7f 7f 7f 7f 7f
7f 7f 7f 7f 7f 7f 7f 7f 7f 7f 7f 7f 7f 7f 7f 7f
7f 7f 7f 7f 7f 7f 7f 7f 7f 7f 7f 7f 7f 7f 7f 7f
7f 7f 7f 7f 7f 7f 7f 7f 7f 7f 7f 7f 7f 7f 7f 7f
7f 7f 7f 7f 7f 7f 7f 7f 7f 7f 7f 7f 7f 7f 7f 7f
7f 7f 7f 7f 7f 7f 7f 7f 7f 7f 7f 7f 7f 7f 7f 7f
7f 7f 7f 7f 7f 7f 7f 7f 7f 7f 7f 7f 7f 7f 7f 7f
7f 7f 7f 7f 7f 7f 7f 7f 7f 7f 7f 7f 7f 7f 7f 7f
fb fb fb fb fb fb fb fb fb fb fb fb fb fb fb fb
fb fb fb fb fb fb fb fb fb fb fb fb fb fb fb fb
fb fb fb fb fb fb fb fb fb fb fb fb fb fb fb fb
fb fb fb fb fb fb fb fb fb fb fb fb fb fb fb fb
f5 f5 f5 f5 f5 f5 f5 f5 f5 f5 f5 f5 f5 f5 f5 f5
f5 f5 f5 f5 f5 f5 f5 f5 f5 f5 f5 f5 f5 f5 f5 f5
f5 f5 f5 f5 f5 f5 f5 f5 f5 f5 f5 f5 f5 f5 f5 f5
f5 f5 f5 f5 f5 f5 f5 f5 f5 f5 f5 f5 f5 f5 f5 f5
7f 7f 7f 7f 7f 7f 7f 7f 7f 7f 7f 7f 7f 7f 7f 7f
7f 7f 7f 7f 7f 7f 7f 7f 7f 7f 7f 7f 7f 7f 7f 7f
7f 7f 7f 7f 7f 7f 7f 7f 7f 7f 7f 7f 7f 7f 7f 7f
7f 7f 7f 7f 7f 7f 7f 7f 7f 7f 7f 7f 7f 7f 7f 7f
7f 7f 7f 7f 7f 7f 7f 7f 7f 7f 7f 7f 7f 7f 7f 7f
7f 7f 7f 7f 7f 7f 7f 7f 7f 7f 7f 7f 7f 7f 7f 7f
7f 7f 7f 7f 7f 7f 7f 7f 7f 7f 7f 7f 7f 7f 7f 7f
7f 7f 7f 7f 7f 7f 7f 7f 7f 7f 7f 7f 7f 7f 7f 7f
7f 7f 7f 7f 7f 7f 7f 7f 7f 7f 7f 7f 7f 7f 7f 7f
7f 7f 7f 7f 7f 7f 7f 7f 7f 7f 7f 7f 7f 7f 7f 7f
7f 7f 7f 7f 7f 7f 7f 7f 7f 7f 7f 7f 7f 7f 7f 7f
7f 7f 7f 7f 7f 7f 7f 7f 7f 7f 7f 7f 7f 7f 7f 7f
@048000
f4 f4 f4 f4 f4 f4 f4 f4 f4 f4 f4 f4 f4 f4 f4 f4
f4 f4 f4 f4 f4 f4 f4 f4 f4 f4 f4 f4 f4 f4 f4 f4
f4 f4 f4 f4 f4 f4 f4 f4 f4 f4 f4 f4 f4 f4 f4 f4
f4 f4 f4 f4 f4 f4 f4 f4 f4 f4 f4 f4 f4 f4 f4 f4
7f 7f 7f 7f 7f 7f 7f 7f 7f 7f 7f 7f 7f 7f 7f 7f
7f 7f 7f 7f 7f 7f 7f 7f 7f 7f 7f 7f 7f 7f 7f 7f
7f 7f 7f 7f 7f 7f 7f 7f 7f 7f 7f 7f 7f 7f 7f 7f
7f 7f 7f 7f 7f 7f 7f 7f 7f 7f 7f 7f 7f 7f 7f 7f
7f 7f 7f 7f 7f 7f 7f 7f 7f 7f 7f 7f 7f 7f 7f 7f
7f 7f 7f 7f 7f 7f 7f 7f 7f 7f 7f 7f 7f 7f 7f 7f
7f 7f 7f 7f 7f 7f 7f 7f 7f 7f 7f 7f 7f 7f 7f 7f
7f 7f 7f 7f 7f 7f 7f 7f 7f 7f 7f 7f 7f 7f 7f 7f
7f 7f 7f 7f 7f 7f 7f 7f 7f 7f 7f 7f 7f 7f 7f 7f
7f 7f 7f 7f 7f 7f 7f 7f 7f 7f 7f 7f 7f 7f 7f 7f
7f 7f 7f 7f 7f 7f 7f 7f 7f 7f 7f 7f 7f 7f 7f 7f
7f 7f 7f 7f 7f 7f 7f 7f 7f 7f 7f 7f 7f 7f 7f 7f
fb fb fb fb fb fb fb fb fb fb fb fb fb fb fb fb
fb fb fb fb fb fb fb fb fb fb fb fb fb fb fb fb
fb fb fb fb fb fb fb fb fb fb fb fb fb fb fb fb
fb fb fb fb fb fb fb fb fb fb fb fb fb fb fb fb
f5 f5 f5 f5 f5 f5 f5 f5 f5 f5 f5 f5 f5 f5 f5 f5
f5 f5 f5 f5 f5 f5 f5 f5 f5 f5 f5 f5 f5 f5 f5 f5
f5 f5 f5 f5 f5 f5 f5 f5 f5 f5 f5 f5 f5 f5 f5 f5
f5 f5 f5 f5 f5 f5 f5 f5 f5 f5 f5 f5 f5 f5 f5 f5
7f 7f 7f 7f 7f 7f 7f 7f 7f 7f 7f 7f 7f 7f 7f 7f
7f 7f 7f 7f 7f 7f 7f 7f 7f 7f 7f 7f 7f 7f 7f 7f
7f 7f 7f 7f 7f 7f 7f 7f 7f 7f 7f 7f 7f 7f 7f 7f
7f 7f 7f 7f 7f 7f 7f 7f 7f 7f 7f 7f 7f 7f 7f 7f
7f 7f 7f 7f 7f 7f 7f 7f 7f 7f 7f 7f 7f 7f 7f 7f
7f 7f 7f 7f 7f 7f 7f 7f 7f 7f 7f 7f 7f 7f 7f 7f
7f 7f 7f 7f 7f 7f 7f 7f 7f 7f 7f 7f 7f 7f 7f 7f
7f 7f 7f 7f 7f 7f 7f 7f 7f 7f 7f 7f 7f 7f 7f 7f
7f 7f 7f 7f 7f 7f 7f 7f 7f 7f 7f 7f 7f 7f 7f 7f
7f 7f 7f 7f 7f 7f 7f 7f 7f 7f 7f 7f 7f 7f 7f 7f
7f 7f 7f 7f 7f 7f 7f 7f 7f 7f 7f 7f 7f 7f 7f 7f
7f 7f 7f 7f 7f 7f 7f 7f 7f 7f 7f 7f 7f 7f 7f 7f
fc fc fc fc fc fc fc fc fc fc fc fc fc fc fc fc
fc fc fc fc fc fc fc fc fc fc fc fc fc fc fc fc
fc fc fc fc fc fc fc fc fc fc fc fc fc fc fc fc
fc fc fc fc fc fc fc fc fc fc fc fc fc fc fc fc
f6 f6 f6 f6 f6 f6 f6 f6 f6 f6 f6 f6 f6 f6 f6 f6
f6 f6 f6 f6 f6 f6 f6 f6 f6 f6 f6 f6 f6 f6 f6 f6
f6 f6 f6 f6 f6 f6 f6 f6 f6 f6 f6 f6 f6 f6 f6 f6
f6 f6 f6 f6 f6 f6 f6 f6 f6 f6 f6 f6 f6 f6 f6 f6
7f 7f 7f 7f 7f 7f 7f 7f 7f 7f 7f 7f 7f 7f 7f 7f
7f 7f 7f 7f 7f 7f 7f 7f 7f 7f 7f 7f 7f 7f 7f 7f
7f 7f 7f 7f 7f 7f 7f 7f 7f 7f 7f 7f 7f 7f 7f 7f
7f 7f 7f 7f 7f 7f 7f 7f 7f 7f 7f 7f 7f 7f 7f 7f
7f 7f 7f 7f 7f 7f 7f 7f 7f 7f 7f 7f 7f 7f 7f 7f
7f 7f 7f 7f 7f 7f 7f 7f 7f 7f 7f 7f 7f 7f 7f 7f
7f 7f 7f 7f 7f 7f 7f 7f 7f 7f 7f 7f 7f 7f 7f 7f
7f 7f 7f 7f 7f 7f 7f 7f 7f 7f 7f 7f 7f 7f 7f 7f
7f 7f 7f 7f 7f 7f 7f 7f 7f 7f 7f 7f 7f 7f 7f 7f
7f 7f 7f 7f 7f 7f 7f 7f 7f 7f 7f 7f 7f 7f 7f 7f
7f 7f 7f 7f 7f 7f 7f 7f 7f 7f 7f 7f 7f 7f 7f 7f
7f 7f 7f 7f 7f 7f 7f 7f 7f 7f 7f 7f 7f 7f 7f 7f
fd fd fd fd fd fd fd fd fd fd fd fd fd fd fd fd
fd fd fd fd fd fd fd fd fd fd fd fd fd fd fd fd
fd fd fd fd fd fd fd fd fd fd fd fd fd fd fd fd
fd fd fd fd fd fd fd fd fd fd fd fd fd fd fd fd
f7 f7 f7 f7 f7 f7 f7 f7 f7 f7 f7 f7 f7 f7 f7 f7
f7 f7 f7 f7 f7 f7 f7 f7 f7 f7 f7 f7 f7 f7 f7 f7
f7 f7 f7 f7 f7 f7 f7 f7 f7 f7 f7 f7 f7 f7 f7 f7
f7 f7 f7 f7 f7 f7 f7 f7 f7 f7 f7 f7 f7 f7 f7 f7
f1 f1 f1 f1 f1 f1 f1 f1 f1 f1 f1 f1 f1 f1 f1 f1
f1 f1 f1 f1 f1 f1 f1 f1 f1 f1 f1 f1 f1 f1 f1 f1
f1 f1 f1 f1 f1 f1 f1 f1 f1 f1 f1 f1 f1 f1 f1 f1
f1 f1 f1 f1 f1 f1 f1 f1 f1 f1 f1 f1 f1 f1 f1 f1
7f 7f 7f 7f 7f 7f 7f 7f 7f 7f 7f 7f 7f 7f 7f 7f
7f 7f 7f 7f 7f 7f 7f 7f 7f 7f 7f 7f 7f 7f 7f 7f
7f 7f 7f 7f 7f 7f 7f 7f 7f 7f 7f 7f 7f 7f 7f 7f
7f 7f 7f 7f 7f 7f 7f 7f 7f 7f 7f 7f 7f 7f 7f 7f
7f 7f 7f 7f 7f 7f 7f 7f 7f 7f 7f 7f 7f 7f 7f 7f
7f 7f 7f 7f 7f 7f 7f 7f 7f 7f 7f 7f 7f 7f 7f 7f
7f 7f 7f 7f 7f 7f 7f 7f 7f 7f 7f 7f 7f 7f 7f 7f
7f 7f 7f 7f 7f 7f 7f 7f 7f 7f 7f 7f 7f 7f 7f 7f
fe fe fe fe fe fe fe fe fe fe fe fe fe fe fe fe
fe fe fe fe fe fe fe fe fe fe fe fe fe fe fe fe
fe fe fe fe fe fe fe fe fe fe fe fe fe fe fe fe
fe fe fe fe fe fe fe fe fe fe fe fe fe fe fe fe
f8 f8 f8 f8 f8 f8 f8 f8 f8 f8 f8 f8 f8 f8 f8 f8
f8 f8 f8 f8 f8 f8 f8 f8 f8 f8 f8 f8 f8 f8 f8 f8
f8 f8 f8 f8 f8 f8 f8 f8 f8 f8 f8 f8 f8 f8 f8 f8
f8 f8 f8 f8 f8 f8 f8 f8 f8 f8 f8 f8 f8 f8 f8 f8
f2 f2 f2 f2 f2 f2 f2 f2 f2 f2 f2 f2 f2 f2 f2 f2
f2 f2 f2 f2 f2 f2 f2 f2 f2 f2 f2 f2 f2 f2 f2 f2
f2 f2 f2 f2 f2 f2 f2 f2 f2 f2 f2 f2 f2 f2 f2 f2
f2 f2 f2 f2 f2 f2 f2 f2 f2 f2 f2 f2 f2 f2 f2 f2
7f 7f 7f 7f 7f 7f 7f 7f 7f 7f 7f 7f 7f 7f 7f 7f
7f 7f 7f 7f 7f 7f 7f 7f 7f 7f 7f 7f 7f 7f 7f 7f
7f 7f 7f 7f 7f 7f 7f 7f 7f 7f 7f 7f 7f 7f 7f 7f
7f 7f 7f 7f 7f 7f 7f 7f 7f 7f 7f 7f 7f 7f 7f 7f
7f 7f 7f 7f 7f 7f 7f 7f 7f 7f 7f 7f 7f 7f 7f 7f
7f 7f 7f 7f 7f 7f 7f 7f 7f 7f 7f 7f 7f 7f 7f 7f
7f 7f 7f 7f 7f 7f 7f 7f 7f 7f 7f 7f 7f 7f 7f 7f
7f 7f 7f 7f 7f 7f 7f 7f 7f 7f 7f 7f 7f 7f 7f 7f
ff ff ff ff ff ff ff ff ff ff ff ff ff ff ff ff
ff ff ff ff ff ff ff ff ff ff ff ff ff ff ff ff
ff ff ff ff ff ff ff ff ff ff ff ff ff ff ff ff
ff ff ff ff ff ff ff ff ff ff ff ff ff ff ff ff
f9 f9 f9 f9 f9 f9 f9 f9 f9 f9 f9 f9 f9 f9 f9 f9
f9 f9 f9 f9 f9 f9 f9 f9 f9 f9 f9 f9 f9 f9 f9 f9
f9 f9 f9 f9 f9 f9 f9 f9 f9 f9 f9 f9 f9 f9 f9 f9
f9 f9 f9 f9 f9 f9 f9 f9 f9 f9 f9 f9 f9 f9 f9 f9
f3 f3 f3 f3 f3 f3 f3 f3 f3 f3 f3 f3 f3 f3 f3 f3
f3 f3 f3 f3 f3 f3 f3 f3 f3 f3 f3 f3 f3 f3 f3 f3
f3 f3 f3 f3 f3 f3 f3 f3 f3 f3 f3 f3 f3 f3 f3 f3
f3 f3 f3 f3 f3 f3 f3 f3 f3 f3 f3 f3 f3 f3 f3 f3
7f 7f 7f 7f 7f 7f 7f 7f 7f 7f 7f 7f 7f 7f 7f 7f
7f 7f 7f 7f 7f 7f 7f 7f 7f 7f 7f 7f 7f 7f 7f 7f
7f 7f 7f 7f 7f 7f 7f 7f 7f 7f 7f 7f 7f 7f 7f 7f
7f 7f 7f 7f 7f 7f 7f 7f 7f 7f 7f 7f 7f 7f 7f 7f
7f 7f 7f 7f 7f 7f 7f 7f 7f 7f 7f 7f 7f 7f 7f 7f
7f 7f 7f 7f 7f 7f 7f 7f 7f 7f 7f 7f 7f 7f 7f 7f
7f 7f 7f 7f 7f 7f 7f 7f 7f 7f 7f 7f 7f 7f 7f 7f
7f 7f 7f 7f 7f 7f 7f 7f 7f 7f 7f 7f 7f 7f 7f 7f
00 00 00 00 00 00 00 00 00 00 00 00 00 00 00 00
00 00 00 00 00 00 00 00 00 00 00 00 00 00 00 00
00 00 00 00 00 00 00 00 00 00 00 00 00 00 00 00
00 00 00 00 00 00 00 00 00 00 00 00 00 00 00 00
fa fa fa fa fa fa fa fa fa fa fa fa fa fa fa fa
fa fa fa fa fa fa fa fa fa fa fa fa fa fa fa fa
fa fa fa fa fa fa fa fa fa fa fa fa fa fa fa fa
fa fa fa fa fa fa fa fa fa fa fa fa fa fa fa fa
f4 f4 f4 f4 f4 f4 f4 f4 f4 f4 f4 f4 f4 f4 f4 f4
f4 f4 f4 f4 f4 f4 f4 f4 f4 f4 f4 f4 f4 f4 f4 f4
f4 f4 f4 f4 f4 f4 f4 f4 f4 f4 f4 f4 f4 f4 f4 f4
f4 f4 f4 f4 f4 f4 f4 f4 f4 f4 f4 f4 f4 f4 f4 f4
7f 7f 7f 7f 7f 7f 7f 7f 7f 7f 7f 7f 7f 7f 7f 7f
7f 7f 7f 7f 7f 7f 7f 7f 7f 7f 7f 7f 7f 7f 7f 7f
7f 7f 7f 7f 7f 7f 7f 7f 7f 7f 7f 7f 7f 7f 7f 7f
7f 7f 7f 7f 7f 7f 7f 7f 7f 7f 7f 7f 7f 7f 7f 7f
7f 7f 7f 7f 7f 7f 7f 7f 7f 7f 7f 7f 7f 7f 7f 7f
7f 7f 7f 7f 7f 7f 7f 7f 7f 7f 7f 7f 7f 7f 7f 7f
7f 7f 7f 7f 7f 7f 7f 7f 7f 7f 7f 7f 7f 7f 7f 7f
7f 7f 7f 7f 7f 7f 7f 7f 7f 7f 7f 7f 7f 7f 7f 7f
7f 7f 7f 7f 7f 7f 7f 7f 7f 7f 7f 7f 7f 7f 7f 7f
7f 7f 7f 7f 7f 7f 7f 7f 7f 7f 7f 7f 7f 7f 7f 7f
7f 7f 7f 7f 7f 7f 7f 7f 7f 7f 7f 7f 7f 7f 7f 7f
7f 7f 7f 7f 7f 7f 7f 7f 7f 7f 7f 7f 7f 7f 7f 7f
fb fb fb fb fb fb fb fb fb fb fb fb fb fb fb fb
fb fb fb fb fb fb fb fb fb fb fb fb fb fb fb fb
fb fb fb fb fb fb fb fb fb fb fb fb fb fb fb fb
fb fb fb fb fb fb fb fb fb fb fb fb fb fb fb fb
f5 f5 f5 f5 f5 f5 f5 f5 f5 f5 f5 f5 f5 f5 f5 f5
f5 f5 f5 f5 f5 f5 f5 f5 f5 f5 f5 f5 f5 f5 f5 f5
f5 f5 f5 f5 f5 f5 f5 f5 f5 f5 f5 f5 f5 f5 f5 f5
f5 f5 f5 f5 f5 f5 f5 f5 f5 f5 f5 f5 f5 f5 f5 f5
7f 7f 7f 7f 7f 7f 7f 7f 7f 7f 7f 7f 7f 7f 7f 7f
7f 7f 7f 7f 7f 7f 7f 7f 7f 7f 7f 7f 7f 7f 7f 7f
7f 7f 7f 7f 7f 7f 7f 7f 7f 7f 7f 7f 7f 7f 7f 7f
7f 7f 7f 7f 7f 7f 7f 7f 7f 7f 7f 7f 7f 7f 7f 7f
7f 7f 7f 7f 7f 7f 7f 7f 7f 7f 7f 7f 7f 7f 7f 7f
7f 7f 7f 7f 7f 7f 7f 7f 7f 7f 7f 7f 7f 7f 7f 7f
7f 7f 7f 7f 7f 7f 7f 7f 7f 7f 7f 7f 7f 7f 7f 7f
7f 7f 7f 7f 7f 7f 7f 7f 7f 7f 7f 7f 7f 7f 7f 7f
7f 7f 7f 7f 7f 7f 7f 7f 7f 7f 7f 7f 7f 7f 7f 7f
7f 7f 7f 7f 7f 7f 7f 7f 7f 7f 7f 7f 7f 7f 7f 7f
7f 7f 7f 7f 7f 7f 7f 7f 7f 7f 7f 7f 7f 7f 7f 7f
7f 7f 7f 7f 7f 7f 7f 7f 7f 7f 7f 7f 7f 7f 7f 7f
@04a000
f4 f4 f4 f4 f4 f4 f4 f4 f4 f4 f4 f4 f4 f4 f4 f4
7f 7f 7f 7f 7f 7f 7f 7f 7f 7f 7f 7f 7f 7f 7f 7f
7f 7f 7f 7f 7f 7f 7f 7f 7f 7f 7f 7f 7f 7f 7f 7f
7f 7f 7f 7f 7f 7f 7f 7f 7f 7f 7f 7f 7f 7f 7f 7f
fb fb fb fb fb fb fb fb fb fb fb fb fb fb fb fb
f5 f5 f5 f5 f5 f5 f5 f5 f5 f5 f5 f5 f5 f5 f5 f5
7f 7f 7f 7f 7f 7f 7f 7f 7f 7f 7f 7f 7f 7f 7f 7f
7f 7f 7f 7f 7f 7f 7f 7f 7f 7f 7f 7f 7f 7f 7f 7f
7f 7f 7f 7f 7f 7f 7f 7f 7f 7f 7f 7f 7f 7f 7f 7f
fc fc fc fc fc fc fc fc fc fc fc fc fc fc fc fc
f6 f6 f6 f6 f6 f6 f6 f6 f6 f6 f6 f6 f6 f6 f6 f6
7f 7f 7f 7f 7f 7f 7f 7f 7f 7f 7f 7f 7f 7f 7f 7f
7f 7f 7f 7f 7f 7f 7f 7f 7f 7f 7f 7f 7f 7f 7f 7f
7f 7f 7f 7f 7f 7f 7f 7f 7f 7f 7f 7f 7f 7f 7f 7f
fd fd fd fd fd fd fd fd fd fd fd fd fd fd fd fd
f7 f7 f7 f7 f7 f7 f7 f7 f7 f7 f7 f7 f7 f7 f7 f7
f1 f1 f1 f1 f1 f1 f1 f1 f1 f1 f1 f1 f1 f1 f1 f1
7f 7f 7f 7f 7f 7f 7f 7f 7f 7f 7f 7f 7f 7f 7f 7f
7f 7f 7f 7f 7f 7f 7f 7f 7f 7f 7f 7f 7f 7f 7f 7f
fe fe fe fe fe fe fe fe fe fe fe fe fe fe fe fe
f8 f8 f8 f8 f8 f8 f8 f8 f8 f8 f8 f8 f8 f8 f8 f8
f2 f2 f2 f2 f2 f2 f2 f2 f2 f2 f2 f2 f2 f2 f2 f2
7f 7f 7f 7f 7f 7f 7f 7f 7f 7f 7f 7f 7f 7f 7f 7f
7f 7f 7f 7f 7f 7f 7f 7f 7f 7f 7f 7f 7f 7f 7f 7f
ff ff ff ff ff ff ff ff ff ff ff ff ff ff ff ff
f9 f9 f9 f9 f9 f9 f9 f9 f9 f9 f9 f9 f9 f9 f9 f9
f3 f3 f3 f3 f3 f3 f3 f3 f3 f3 f3 f3 f3 f3 f3 f3
7f 7f 7f 7f 7f 7f 7f 7f 7f 7f 7f 7f 7f 7f 7f 7f
7f 7f 7f 7f 7f 7f 7f 7f 7f 7f 7f 7f 7f 7f 7f 7f
00 00 00 00 00 00 00 00 00 00 00 00 00 00 00 00
fa fa fa fa fa fa fa fa fa fa fa fa fa fa fa fa
f4 f4 f4 f4 f4 f4 f4 f4 f4 f4 f4 f4 f4 f4 f4 f4
7f 7f 7f 7f 7f 7f 7f 7f 7f 7f 7f 7f 7f 7f 7f 7f
7f 7f 7f 7f 7f 7f 7f 7f 7f 7f 7f 7f 7f 7f 7f 7f
7f 7f 7f 7f 7f 7f 7f 7f 7f 7f 7f 7f 7f 7f 7f 7f
fb fb fb fb fb fb fb fb fb fb fb fb fb fb fb fb
f5 f5 f5 f5 f5 f5 f5 f5 f5 f5 f5 f5 f5 f5 f5 f5
7f 7f 7f 7f 7f 7f 7f 7f 7f 7f 7f 7f 7f 7f 7f 7f
7f 7f 7f 7f 7f 7f 7f 7f 7f 7f 7f 7f 7f 7f 7f 7f
7f 7f 7f 7f 7f 7f 7f 7f 7f 7f 7f 7f 7f 7f 7f 7f
@04c000
00 00 00 00 00 00 00 00 00 00 00 00 00 00 00 00
00 00 00 00 00 00 00 00 00 00 00 00 00 00 00 00
00 00 00 00 00 00 00 00 00 00 00 00 00 00 00 00
00 00 00 00 00 00 00 00 00 00 00 00 00 00 00 00
7f 7f 7f 7f 7f 7f 7f 7f 7f 7f 7f 7f 7f 7f 7f 7f
7f 7f 7f 7f 7f 7f 7f 7f 7f 7f 7f 7f 7f 7f 7f 7f
7f 7f 7f 7f 7f 7f 7f 7f 7f 7f 7f 7f 7f 7f 7f 7f
7f 7f 7f 7f 7f 7f 7f 7f 7f 7f 7f 7f 7f 7f 7f 7f
7f 7f 7f 7f 7f 7f 7f 7f 7f 7f 7f 7f 7f 7f 7f 7f
7f 7f 7f 7f 7f 7f 7f 7f 7f 7f 7f 7f 7f 7f 7f 7f
7f 7f 7f 7f 7f 7f 7f 7f 7f 7f 7f 7f 7f 7f 7f 7f
7f 7f 7f 7f 7f 7f 7f 7f 7f 7f 7f 7f 7f 7f 7f 7f
7f 7f 7f 7f 7f 7f 7f 7f 7f 7f 7f 7f 7f 7f 7f 7f
7f 7f 7f 7f 7f 7f 7f 7f 7f 7f 7f 7f 7f 7f 7f 7f
7f 7f 7f 7f 7f 7f 7f 7f 7f 7f 7f 7f 7f 7f 7f 7f
7f 7f 7f 7f 7f 7f 7f 7f 7f 7f 7f 7f 7f 7f 7f 7f
00 00 00 00 00 00 00 00 00 00 00 00 00 00 00 00
00 00 00 00 00 00 00 00 00 00 00 00 00 00 00 00
00 00 00 00 00 00 00 00 00 00 00 00 00 00 00 00
00 00 00 00 00 00 00 00 00 00 00 00 00 00 00 00
00 00 00 00 00 00 00 00 00 00 00 00 00 00 00 00
00 00 00 00 00 00 00 00 00 00 00 00 00 00 00 00
00 00 00 00 00 00 00 00 00 00 00 00 00 00 00 00
00 00 00 00 00 00 00 00 00 00 00 00 00 00 00 00
7f 7f 7f 7f 7f 7f 7f 7f 7f 7f 7f 7f 7f 7f 7f 7f
7f 7f 7f 7f 7f 7f 7f 7f 7f 7f 7f 7f 7f 7f 7f 7f
7f 7f 7f 7f 7f 7f 7f 7f 7f 7f 7f 7f 7f 7f 7f 7f
7f 7f 7f 7f 7f 7f 7f 7f 7f 7f 7f 7f 7f 7f 7f 7f
7f 7f 7f 7f 7f 7f 7f 7f 7f 7f 7f 7f 7f 7f 7f 7f
7f 7f 7f 7f 7f 7f 7f 7f 7f 7f 7f 7f 7f 7f 7f 7f
7f 7f 7f 7f 7f 7f 7f 7f 7f 7f 7f 7f 7f 7f 7f 7f
7f 7f 7f 7f 7f 7f 7f 7f 7f 7f 7f 7f 7f 7f 7f 7f
7f 7f 7f 7f 7f 7f 7f 7f 7f 7f 7f 7f 7f 7f 7f 7f
7f 7f 7f 7f 7f 7f 7f 7f 7f 7f 7f 7f 7f 7f 7f 7f
7f 7f 7f 7f 7f 7f 7f 7f 7f 7f 7f 7f 7f 7f 7f 7f
7f 7f 7f 7f 7f 7f 7f 7f 7f 7f 7f 7f 7f 7f 7f 7f
00 00 00 00 00 00 00 00 00 00 00 00 00 00 00 00
00 00 00 00 00 00 00 00 00 00 00 00 00 00 00 00
00 00 00 00 00 00 00 00 00 00 00 00 00 00 00 00
00 00 00 00 00 00 00 00 00 00 00 00 00 00 00 00
00 00 00 00 00 00 00 00 00 00 00 00 00 00 00 00
00 00 00 00 00 00 00 00 00 00 00 00 00 00 00 00
00 00 00 00 00 00 00 00 00 00 00 00 00 00 00 00
00 00 00 00 00 00 00 00 00 00 00 00 00 00 00 00
7f 7f 7f 7f 7f 7f 7f 7f 7f 7f 7f 7f 7f 7f 7f 7f
7f 7f 7f 7f 7f 7f 7f 7f 7f 7f 7f 7f 7f 7f 7f 7f
7f 7f 7f 7f 7f 7f 7f 7f 7f 7f 7f 7f 7f 7f 7f 7f
7f 7f 7f 7f 7f 7f 7f 7f 7f 7f 7f 7f 7f 7f 7f 7f
7f 7f 7f 7f 7f 7f 7f 7f 7f 7f 7f 7f 7f 7f 7f 7f
7f 7f 7f 7f 7f 7f 7f 7f 7f 7f 7f 7f 7f 7f 7f 7f
7f 7f 7f 7f 7f 7f 7f 7f 7f 7f 7f 7f 7f 7f 7f 7f
7f 7f 7f 7f 7f 7f 7f 7f 7f 7f 7f 7f 7f 7f 7f 7f
7f 7f 7f 7f 7f 7f 7f 7f 7f 7f 7f 7f 7f 7f 7f 7f
7f 7f 7f 7f 7f 7f 7f 7f 7f 7f 7f 7f 7f 7f 7f 7f
7f 7f 7f 7f 7f 7f 7f 7f 7f 7f 7f 7f 7f 7f 7f 7f
7f 7f 7f 7f 7f 7f 7f 7f 7f 7f 7f 7f 7f 7f 7f 7f
00 00 00 00 00 00 00 00 00 00 00 00 00 00 00 00
00 00 00 00 00 00 00 00 00 00 00 00 00 00 00 00
00 00 00 00 00 00 00 00 00 00 00 00 00 00 00 00
00 00 00 00 00 00 00 00 00 00 00 00 00 00 00 00
00 00 00 00 00 00 00 00 00 00 00 00 00 00 00 00
00 00 00 00 00 00 00 00 00 00 00 00 00 00 00 00
00 00 00 00 00 00 00 00 00 00 00 00 00 00 00 00
00 00 00 00 00 00 00 00 00 00 00 00 00 00 00 00
00 00 00 00 00 00 00 00 00 00 00 00 00 00 00 00
00 00 00 00 00 00 00 00 00 00 00 00 00 00 00 00
00 00 00 00 00 00 00 00 00 00 00 00 00 00 00 00
00 00 00 00 00 00 00 00 00 00 00 00 00 00 00 00
7f 7f 7f 7f 7f 7f 7f 7f 7f 7f 7f 7f 7f 7f 7f 7f
7f 7f 7f 7f 7f 7f 7f 7f 7f 7f 7f 7f 7f 7f 7f 7f
7f 7f 7f 7f 7f 7f 7f 7f 7f 7f 7f 7f 7f 7f 7f 7f
7f 7f 7f 7f 7f 7f 7f 7f 7f 7f 7f 7f 7f 7f 7f 7f
7f 7f 7f 7f 7f 7f 7f 7f 7f 7f 7f 7f 7f 7f 7f 7f
7f 7f 7f 7f 7f 7f 7f 7f 7f 7f 7f 7f 7f 7f 7f 7f
7f 7f 7f 7f 7f 7f 7f 7f 7f 7f 7f 7f 7f 7f 7f 7f
7f 7f 7f 7f 7f 7f 7f 7f 7f 7f 7f 7f 7f 7f 7f 7f
00 00 00 00 00 00 00 00 00 00 00 00 00 00 00 00
00 00 00 00 00 00 00 00 00 00 00 00 00 00 00 00
00 00 00 00 00 00 00 00 00 00 00 00 00 00 00 00
00 00 00 00 00 00 00 00 00 00 00 00 00 00 00 00
00 00 00 00 00 00 00 00 00 00 00 00 00 00 00 00
00 00 00 00 00 00 00 00 00 00 00 00 00 00 00 00
00 00 00 00 00 00 00 00 00 00 00 00 00 00 00 00
00 00 00 00 00 00 00 00 00 00 00 00 00 00 00 00
00 00 00 00 00 00 00 00 00 00 00 00 00 00 00 00
00 00 00 00 00 00 00 00 00 00 00 00 00 00 00 00
00 00 00 00 00 00 00 00 00 00 00 00 00 00 00 00
00 00 00 00 00 00 00 00 00 00 00 00 00 00 00 00
7f 7f 7f 7f 7f 7f 7f 7f 7f 7f 7f 7f 7f 7f 7f 7f
7f 7f 7f 7f 7f 7f 7f 7f 7f 7f 7f 7f 7f 7f 7f 7f
7f 7f 7f 7f 7f 7f 7f 7f 7f 7f 7f 7f 7f 7f 7f 7f
7f 7f 7f 7f 7f 7f 7f 7f 7f 7f 7f 7f 7f 7f 7f 7f
7f 7f 7f 7f 7f 7f 7f 7f 7f 7f 7f 7f 7f 7f 7f 7f
7f 7f 7f 7f 7f 7f 7f 7f 7f 7f 7f 7f 7f 7f 7f 7f
7f 7f 7f 7f 7f 7f 7f 7f 7f 7f 7f 7f 7f 7f 7f 7f
7f 7f 7f 7f 7f 7f 7f 7f 7f 7f 7f 7f 7f 7f 7f 7f
00 00 00 00 00 00 00 00 00 00 00 00 00 00 00 00
00 00 00 00 00 00 00 00 00 00 00 00 00 00 00 00
00 00 00 00 00 00 00 00 00 00 00 00 00 00 00 00
00 00 00 00 00 00 00 00 00 00 00 00 00 00 00 00
00 00 00 00 00 00 00 00 00 00 00 00 00 00 00 00
00 00 00 00 00 00 00 00 00 00 00 00 00 00 00 00
00 00 00 00 00 00 00 00 00 00 00 00 00 00 00 00
00 00 00 00 00 00 00 00 00 00 00 00 00 00 00 00
00 00 00 00 00 00 00 00 00 00 00 00 00 00 00 00
00 00 00 00 00 00 00 00 00 00 00 00 00 00 00 00
00 00 00 00 00 00 00 00 00 00 00 00 00 00 00 00
00 00 00 00 00 00 00 00 00 00 00 00 00 00 00 00
7f 7f 7f 7f 7f 7f 7f 7f 7f 7f 7f 7f 7f 7f 7f 7f
7f 7f 7f 7f 7f 7f 7f 7f 7f 7f 7f 7f 7f 7f 7f 7f
7f 7f 7f 7f 7f 7f 7f 7f 7f 7f 7f 7f 7f 7f 7f 7f
7f 7f 7f 7f 7f 7f 7f 7f 7f 7f 7f 7f 7f 7f 7f 7f
7f 7f 7f 7f 7f 7f 7f 7f 7f 7f 7f 7f 7f 7f 7f 7f
7f 7f 7f 7f 7f 7f 7f 7f 7f 7f 7f 7f 7f 7f 7f 7f
7f 7f 7f 7f 7f 7f 7f 7f 7f 7f 7f 7f 7f 7f 7f 7f
7f 7f 7f 7f 7f 7f 7f 7f 7f 7f 7f 7f 7f 7f 7f 7f
00 00 00 00 00 00 00 00 00 00 00 00 00 00 00 00
00 00 00 00 00 00 00 00 00 00 00 00 00 00 00 00
00 00 00 00 00 00 00 00 00 00 00 00 00 00 00 00
00 00 00 00 00 00 00 00 00 00 00 00 00 00 00 00
00 00 00 00 00 00 00 00 00 00 00 00 00 00 00 00
00 00 00 00 00 00 00 00 00 00 00 00 00 00 00 00
00 00 00 00 00 00 00 00 00 00 00 00 00 00 00 00
00 00 00 00 00 00 00 00 00 00 00 00 00 00 00 00
00 00 00 00 00 00 00 00 00 00 00 00 00 00 00 00
00 00 00 00 00 00 00 00 00 00 00 00 00 00 00 00
00 00 00 00 00 00 00 00 00 00 00 00 00 00 00 00
00 00 00 00 00 00 00 00 00 00 00 00 00 00 00 00
7f 7f 7f 7f 7f 7f 7f 7f 7f 7f 7f 7f 7f 7f 7f 7f
7f 7f 7f 7f 7f 7f 7f 7f 7f 7f 7f 7f 7f 7f 7f 7f
7f 7f 7f 7f 7f 7f 7f 7f 7f 7f 7f 7f 7f 7f 7f 7f
7f 7f 7f 7f 7f 7f 7f 7f 7f 7f 7f 7f 7f 7f 7f 7f
7f 7f 7f 7f 7f 7f 7f 7f 7f 7f 7f 7f 7f 7f 7f 7f
7f 7f 7f 7f 7f 7f 7f 7f 7f 7f 7f 7f 7f 7f 7f 7f
7f 7f 7f 7f 7f 7f 7f 7f 7f 7f 7f 7f 7f 7f 7f 7f
7f 7f 7f 7f 7f 7f 7f 7f 7f 7f 7f 7f 7f 7f 7f 7f
7f 7f 7f 7f 7f 7f 7f 7f 7f 7f 7f 7f 7f 7f 7f 7f
7f 7f 7f 7f 7f 7f 7f 7f 7f 7f 7f 7f 7f 7f 7f 7f
7f 7f 7f 7f 7f 7f 7f 7f 7f 7f 7f 7f 7f 7f 7f 7f
7f 7f 7f 7f 7f 7f 7f 7f 7f 7f 7f 7f 7f 7f 7f 7f
00 00 00 00 00 00 00 00 00 00 00 00 00 00 00 00
00 00 00 00 00 00 00 00 00 00 00 00 00 00 00 00
00 00 00 00 00 00 00 00 00 00 00 00 00 00 00 00
00 00 00 00 00 00 00 00 00 00 00 00 00 00 00 00
00 00 00 00 00 00 00 00 00 00 00 00 00 00 00 00
00 00 00 00 00 00 00 00 00 00 00 00 00 00 00 00
00 00 00 00 00 00 00 00 00 00 00 00 00 00 00 00
00 00 00 00 00 00 00 00 00 00 00 00 00 00 00 00
7f 7f 7f 7f 7f 7f 7f 7f 7f 7f 7f 7f 7f 7f 7f 7f
7f 7f 7f 7f 7f 7f 7f 7f 7f 7f 7f 7f 7f 7f 7f 7f
7f 7f 7f 7f 7f 7f 7f 7f 7f 7f 7f 7f 7f 7f 7f 7f
7f 7f 7f 7f 7f 7f 7f 7f 7f 7f 7f 7f 7f 7f 7f 7f
7f 7f 7f 7f 7f 7f 7f 7f 7f 7f 7f 7f 7f 7f 7f 7f
7f 7f 7f 7f 7f 7f 7f 7f 7f 7f 7f 7f 7f 7f 7f 7f
7f 7f 7f 7f 7f 7f 7f 7f 7f 7f 7f 7f 7f 7f 7f 7f
7f 7f 7f 7f 7f 7f 7f 7f 7f 7f 7f 7f 7f 7f 7f 7f
7f 7f 7f 7f 7f 7f 7f 7f 7f 7f 7f 7f 7f 7f 7f 7f
7f 7f 7f 7f 7f 7f 7f 7f 7f 7f 7f 7f 7f 7f 7f 7f
7f 7f 7f 7f 7f 7f 7f 7f 7f 7f 7f 7f 7f 7f 7f 7f
7f 7f 7f 7f 7f 7f 7f 7f 7f 7f 7f 7f 7f 7f 7f 7f
@04e000
00 00 00 00 00 00 00 00 00 00 00 00 00 00 00 00
7f 7f 7f 7f 7f 7f 7f 7f 7f 7f 7f 7f 7f 7f 7f 7f
7f 7f 7f 7f 7f 7f 7f 7f 7f 7f 7f 7f 7f 7f 7f 7f
7f 7f 7f 7f 7f 7f 7f 7f 7f 7f 7f 7f 7f 7f 7f 7f
00 00 00 00 00 00 00 00 00 00 00 00 00 00 00 00
00 00 00 00 00 00 00 00 00 00 00 00 00 00 00 00
7f 7f 7f 7f 7f 7f 7f 7f 7f 7f 7f 7f 7f 7f 7f 7f
7f 7f 7f 7f 7f 7f 7f 7f 7f 7f 7f 7f 7f 7f 7f 7f
7f 7f 7f 7f 7f 7f 7f 7f 7f 7f 7f 7f 7f 7f 7f 7f
00 00 00 00 00 00 00 00 00 00 00 00 00 00 00 00
00 00 00 00 00 00 00 00 00 00 00 00 00 00 00 00
7f 7f 7f 7f 7f 7f 7f 7f 7f 7f 7f 7f 7f 7f 7f 7f
7f 7f 7f 7f 7f 7f 7f 7f 7f 7f 7f 7f 7f 7f 7f 7f
7f 7f 7f 7f 7f 7f 7f 7f 7f 7f 7f 7f 7f 7f 7f 7f
00 00 00 00 00 00 00 00 00 00 00 00 00 00 00 00
00 00 00 00 00 00 00 00 00 00 00 00 00 00 00 00
00 00 00 00 00 00 00 00 00 00 00 00 00 00 00 00
7f 7f 7f 7f 7f 7f 7f 7f 7f 7f 7f 7f 7f 7f 7f 7f
7f 7f 7f 7f 7f 7f 7f 7f 7f 7f 7f 7f 7f 7f 7f 7f
00 00 00 00 00 00 00 00 00 00 00 00 00 00 00 00
00 00 00 00 00 00 00 00 00 00 00 00 00 00 00 00
00 00 00 00 00 00 00 00 00 00 00 00 00 00 00 00
7f 7f 7f 7f 7f 7f 7f 7f 7f 7f 7f 7f 7f 7f 7f 7f
7f 7f 7f 7f 7f 7f 7f 7f 7f 7f 7f 7f 7f 7f 7f 7f
00 00 00 00 00 00 00 00 00 00 00 00 00 00 00 00
00 00 00 00 00 00 00 00 00 00 00 00 00 00 00 00
00 00 00 00 00 00 00 00 00 00 00 00 00 00 00 00
7f 7f 7f 7f 7f 7f 7f 7f 7f 7f 7f 7f 7f 7f 7f 7f
7f 7f 7f 7f 7f 7f 7f 7f 7f 7f 7f 7f 7f 7f 7f 7f
00 00 00 00 00 00 00 00 00 00 00 00 00 00 00 00
00 00 00 00 00 00 00 00 00 00 00 00 00 00 00 00
00 00 00 00 00 00 00 00 00 00 00 00 00 00 00 00
7f 7f 7f 7f 7f 7f 7f 7f 7f 7f 7f 7f 7f 7f 7f 7f
7f 7f 7f 7f 7f 7f 7f 7f 7f 7f 7f 7f 7f 7f 7f 7f
7f 7f 7f 7f 7f 7f 7f 7f 7f 7f 7f 7f 7f 7f 7f 7f
00 00 00 00 00 00 00 00 00 00 00 00 00 00 00 00
00 00 00 00 00 00 00 00 00 00 00 00 00 00 00 00
7f 7f 7f 7f 7f 7f 7f 7f 7f 7f 7f 7f 7f 7f 7f 7f
7f 7f 7f 7f 7f 7f 7f 7f 7f 7f 7f 7f 7f 7f 7f 7f
7f 7f 7f 7f 7f 7f 7f 7f 7f 7f 7f 7f 7f 7f 7f 7f
@050000
f4 f4 f4 f4 f4 f4 f4 f4 f4 f4 f4 f4 f4 f4 f4 f4
f4 f4 f4 f4 f4 f4 f4 f4 f4 f4 f4 f4 f4 f4 f4 f4
f4 f4 f4 f4 f4 f4 f4 f4 f4 f4 f4 f4 f4 f4 f4 f4
f4 f4 f4 f4 f4 f4 f4 f4 f4 f4 f4 f4 f4 f4 f4 f4
7f 7f 7f 7f 7f 7f 7f 7f 7f 7f 7f 7f 7f 7f 7f 7f
7f 7f 7f 7f 7f 7f 7f 7f 7f 7f 7f 7f 7f 7f 7f 7f
7f 7f 7f 7f 7f 7f 7f 7f 7f 7f 7f 7f 7f 7f 7f 7f
7f 7f 7f 7f 7f 7f 7f 7f 7f 7f 7f 7f 7f 7f 7f 7f
7f 7f 7f 7f 7f 7f 7f 7f 7f 7f 7f 7f 7f 7f 7f 7f
7f 7f 7f 7f 7f 7f 7f 7f 7f 7f 7f 7f 7f 7f 7f 7f
7f 7f 7f 7f 7f 7f 7f 7f 7f 7f 7f 7f 7f 7f 7f 7f
7f 7f 7f 7f 7f 7f 7f 7f 7f 7f 7f 7f 7f 7f 7f 7f
7f 7f 7f 7f 7f 7f 7f 7f 7f 7f 7f 7f 7f 7f 7f 7f
7f 7f 7f 7f 7f 7f 7f 7f 7f 7f 7f 7f 7f 7f 7f 7f
7f 7f 7f 7f 7f 7f 7f 7f 7f 7f 7f 7f 7f 7f 7f 7f
7f 7f 7f 7f 7f 7f 7f 7f 7f 7f 7f 7f 7f 7f 7f 7f
fb fb fb fb fb fb fb fb fb fb fb fb fb fb fb fb
fb fb fb fb fb fb fb fb fb fb fb fb fb fb fb fb
fb fb fb fb fb fb fb fb fb fb fb fb fb fb fb fb
fb fb fb fb fb fb fb fb fb fb fb fb fb fb fb fb
f5 f5 f5 f5 f5 f5 f5 f5 f5 f5 f5 f5 f5 f5 f5 f5
f5 f5 f5 f5 f5 f5 f5 f5 f5 f5 f5 f5 f5 f5 f5 f5
f5 f5 f5 f5 f5 f5 f5 f5 f5 f5 f5 f5 f5 f5 f5 f5
f5 f5 f5 f5 f5 f5 f5 f5 f5 f5 f5 f5 f5 f5 f5 f5
7f 7f 7f 7f 7f 7f 7f 7f 7f 7f 7f 7f 7f 7f 7f 7f
7f 7f 7f 7f 7f 7f 7f 7f 7f 7f 7f 7f 7f 7f 7f 7f
7f 7f 7f 7f 7f 7f 7f 7f 7f 7f 7f 7f 7f 7f 7f 7f
7f 7f 7f 7f 7f 7f 7f 7f 7f 7f 7f 7f 7f 7f 7f 7f
7f 7f 7f 7f 7f 7f 7f 7f 7f 7f 7f 7f 7f 7f 7f 7f
7f 7f 7f 7f 7f 7f 7f 7f 7f 7f 7f 7f 7f 7f 7f 7f
7f 7f 7f 7f 7f 7f 7f 7f 7f 7f 7f 7f 7f 7f 7f 7f
7f 7f 7f 7f 7f 7f 7f 7f 7f 7f 7f 7f 7f 7f 7f 7f
7f 7f 7f 7f 7f 7f 7f 7f 7f 7f 7f 7f 7f 7f 7f 7f
7f 7f 7f 7f 7f 7f 7f 7f 7f 7f 7f 7f 7f 7f 7f 7f
7f 7f 7f 7f 7f 7f 7f 7f 7f 7f 7f 7f 7f 7f 7f 7f
7f 7f 7f 7f 7f 7f 7f 7f 7f 7f 7f 7f 7f 7f 7f 7f
fc fc fc fc fc fc fc fc fc fc fc fc fc fc fc fc
fc fc fc fc fc fc fc fc fc fc fc fc fc fc fc fc
fc fc fc fc fc fc fc fc fc fc fc fc fc fc fc fc
fc fc fc fc fc fc fc fc fc fc fc fc fc fc fc fc
f6 f6 f6 f6 f6 f6 f6 f6 f6 f6 f6 f6 f6 f6 f6 f6
f6 f6 f6 f6 f6 f6 f6 f6 f6 f6 f6 f6 f6 f6 f6 f6
f6 f6 f6 f6 f6 f6 f6 f6 f6 f6 f6 f6 f6 f6 f6 f6
f6 f6 f6 f6 f6 f6 f6 f6 f6 f6 f6 f6 f6 f6 f6 f6
7f 7f 7f 7f 7f 7f 7f 7f 7f 7f 7f 7f 7f 7f 7f 7f
7f 7f 7f 7f 7f 7f 7f 7f 7f 7f 7f 7f 7f 7f 7f 7f
7f 7f 7f 7f 7f 7f 7f 7f 7f 7f 7f 7f 7f 7f 7f 7f
7f 7f 7f 7f 7f 7f 7f 7f 7f 7f 7f 7f 7f 7f 7f 7f
7f 7f 7f 7f 7f 7f 7f 7f 7f 7f 7f 7f 7f 7f 7f 7f
7f 7f 7f 7f 7f 7f 7f 7f 7f 7f 7f 7f 7f 7f 7f 7f
7f 7f 7f 7f 7f 7f 7f 7f 7f 7f 7f 7f 7f 7f 7f 7f
7f 7f 7f 7f 7f 7f 7f 7f 7f 7f 7f 7f 7f 7f 7f 7f
7f 7f 7f 7f 7f 7f 7f 7f 7f 7f 7f 7f 7f 7f 7f 7f
7f 7f 7f 7f 7f 7f 7f 7f 7f 7f 7f 7f 7f 7f 7f 7f
7f 7f 7f 7f 7f 7f 7f 7f 7f 7f 7f 7f 7f 7f 7f 7f
7f 7f 7f 7f 7f 7f 7f 7f 7f 7f 7f 7f 7f 7f 7f 7f
fd fd fd fd fd fd fd fd fd fd fd fd fd fd fd fd
fd fd fd fd fd fd fd fd fd fd fd fd fd fd fd fd
fd fd fd fd fd fd fd fd fd fd fd fd fd fd fd fd
fd fd fd fd fd fd fd fd fd fd fd fd fd fd fd fd
f7 f7 f7 f7 f7 f7 f7 f7 f7 f7 f7 f7 f7 f7 f7 f7
f7 f7 f7 f7 f7 f7 f7 f7 f7 f7 f7 f7 f7 f7 f7 f7
f7 f7 f7 f7 f7 f7 f7 f7 f7 f7 f7 f7 f7 f7 f7 f7
f7 f7 f7 f7 f7 f7 f7 f7 f7 f7 f7 f7 f7 f7 f7 f7
f1 f1 f1 f1 f1 f1 f1 f1 f1 f1 f1 f1 f1 f1 f1 f1
f1 f1 f1 f1 f1 f1 f1 f1 f1 f1 f1 f1 f1 f1 f1 f1
f1 f1 f1 f1 f1 f1 f1 f1 f1 f1 f1 f1 f1 f1 f1 f1
f1 f1 f1 f1 f1 f1 f1 f1 f1 f1 f1 f1 f1 f1 f1 f1
7f 7f 7f 7f 7f 7f 7f 7f 7f 7f 7f 7f 7f 7f 7f 7f
7f 7f 7f 7f 7f 7f 7f 7f 7f 7f 7f 7f 7f 7f 7f 7f
7f 7f 7f 7f 7f 7f 7f 7f 7f 7f 7f 7f 7f 7f 7f 7f
7f 7f 7f 7f 7f 7f 7f 7f 7f 7f 7f 7f 7f 7f 7f 7f
7f 7f 7f 7f 7f 7f 7f 7f 7f 7f 7f 7f 7f 7f 7f 7f
7f 7f 7f 7f 7f 7f 7f 7f 7f 7f 7f 7f 7f 7f 7f 7f
7f 7f 7f 7f 7f 7f 7f 7f 7f 7f 7f 7f 7f 7f 7f 7f
7f 7f 7f 7f 7f 7f 7f 7f 7f 7f 7f 7f 7f 7f 7f 7f
fe fe fe fe fe fe fe fe fe fe fe fe fe fe fe fe
fe fe fe fe fe fe fe fe fe fe fe fe fe fe fe fe
fe fe fe fe fe fe fe fe fe fe fe fe fe fe fe fe
fe fe fe fe fe fe fe fe fe fe fe fe fe fe fe fe
f8 f8 f8 f8 f8 f8 f8 f8 f8 f8 f8 f8 f8 f8 f8 f8
f8 f8 f8 f8 f8 f8 f8 f8 f8 f8 f8 f8 f8 f8 f8 f8
f8 f8 f8 f8 f8 f8 f8 f8 f8 f8 f8 f8 f8 f8 f8 f8
f8 f8 f8 f8 f8 f8 f8 f8 f8 f8 f8 f8 f8 f8 f8 f8
f2 f2 f2 f2 f2 f2 f2 f2 f2 f2 f2 f2 f2 f2 f2 f2
f2 f2 f2 f2 f2 f2 f2 f2 f2 f2 f2 f2 f2 f2 f2 f2
f2 f2 f2 f2 f2 f2 f2 f2 f2 f2 f2 f2 f2 f2 f2 f2
f2 f2 f2 f2 f2 f2 f2 f2 f2 f2 f2 f2 f2 f2 f2 f2
7f 7f 7f 7f 7f 7f 7f 7f 7f 7f 7f 7f 7f 7f 7f 7f
7f 7f 7f 7f 7f 7f 7f 7f 7f 7f 7f 7f 7f 7f 7f 7f
7f 7f 7f 7f 7f 7f 7f 7f 7f 7f 7f 7f 7f 7f 7f 7f
7f 7f 7f 7f 7f 7f 7f 7f 7f 7f 7f 7f 7f 7f 7f 7f
7f 7f 7f 7f 7f 7f 7f 7f 7f 7f 7f 7f 7f 7f 7f 7f
7f 7f 7f 7f 7f 7f 7f 7f 7f 7f 7f 7f 7f 7f 7f 7f
7f 7f 7f 7f 7f 7f 7f 7f 7f 7f 7f 7f 7f 7f 7f 7f
7f 7f 7f 7f 7f 7f 7f 7f 7f 7f 7f 7f 7f 7f 7f 7f
ff ff ff ff ff ff ff ff ff ff ff ff ff ff ff ff
ff ff ff ff ff ff ff ff ff ff ff ff ff ff ff ff
ff ff ff ff ff ff ff ff ff ff ff ff ff ff ff ff
ff ff ff ff ff ff ff ff ff ff ff ff ff ff ff ff
f9 f9 f9 f9 f9 f9 f9 f9 f9 f9 f9 f9 f9 f9 f9 f9
f9 f9 f9 f9 f9 f9 f9 f9 f9 f9 f9 f9 f9 f9 f9 f9
f9 f9 f9 f9 f9 f9 f9 f9 f9 f9 f9 f9 f9 f9 f9 f9
f9 f9 f9 f9 f9 f9 f9 f9 f9 f9 f9 f9 f9 f9 f9 f9
f3 f3 f3 f3 f3 f3 f3 f3 f3 f3 f3 f3 f3 f3 f3 f3
f3 f3 f3 f3 f3 f3 f3 f3 f3 f3 f3 f3 f3 f3 f3 f3
f3 f3 f3 f3 f3 f3 f3 f3 f3 f3 f3 f3 f3 f3 f3 f3
f3 f3 f3 f3 f3 f3 f3 f3 f3 f3 f3 f3 f3 f3 f3 f3
7f 7f 7f 7f 7f 7f 7f 7f 7f 7f 7f 7f 7f 7f 7f 7f
7f 7f 7f 7f 7f 7f 7f 7f 7f 7f 7f 7f 7f 7f 7f 7f
7f 7f 7f 7f 7f 7f 7f 7f 7f 7f 7f 7f 7f 7f 7f 7f
7f 7f 7f 7f 7f 7f 7f 7f 7f 7f 7f 7f 7f 7f 7f 7f
7f 7f 7f 7f 7f 7f 7f 7f 7f 7f 7f 7f 7f 7f 7f 7f
7f 7f 7f 7f 7f 7f 7f 7f 7f 7f 7f 7f 7f 7f 7f 7f
7f 7f 7f 7f 7f 7f 7f 7f 7f 7f 7f 7f 7f 7f 7f 7f
7f 7f 7f 7f 7f 7f 7f 7f 7f 7f 7f 7f 7f 7f 7f 7f
00 00 00 00 00 00 00 00 00 00 00 00 00 00 00 00
00 00 00 00 00 00 00 00 00 00 00 00 00 00 00 00
00 00 00 00 00 00 00 00 00 00 00 00 00 00 00 00
00 00 00 00 00 00 00 00 00 00 00 00 00 00 00 00
fa fa fa fa fa fa fa fa fa fa fa fa fa fa fa fa
fa fa fa fa fa fa fa fa fa fa fa fa fa fa fa fa
fa fa fa fa fa fa fa fa fa fa fa fa fa fa fa fa
fa fa fa fa fa fa fa fa fa fa fa fa fa fa fa fa
f4 f4 f4 f4 f4 f4 f4 f4 f4 f4 f4 f4 f4 f4 f4 f4
f4 f4 f4 f4 f4 f4 f4 f4 f4 f4 f4 f4 f4 f4 f4 f4
f4 f4 f4 f4 f4 f4 f4 f4 f4 f4 f4 f4 f4 f4 f4 f4
f4 f4 f4 f4 f4 f4 f4 f4 f4 f4 f4 f4 f4 f4 f4 f4
7f 7f 7f 7f 7f 7f 7f 7f 7f 7f 7f 7f 7f 7f 7f 7f
7f 7f 7f 7f 7f 7f 7f 7f 7f 7f 7f 7f 7f 7f 7f 7f
7f 7f 7f 7f 7f 7f 7f 7f 7f 7f 7f 7f 7f 7f 7f 7f
7f 7f 7f 7f 7f 7f 7f 7f 7f 7f 7f 7f 7f 7f 7f 7f
7f 7f 7f 7f 7f 7f 7f 7f 7f 7f 7f 7f 7f 7f 7f 7f
7f 7f 7f 7f 7f 7f 7f 7f 7f 7f 7f 7f 7f 7f 7f 7f
7f 7f 7f 7f 7f 7f 7f 7f 7f 7f 7f 7f 7f 7f 7f 7f
7f 7f 7f 7f 7f 7f 7f 7f 7f 7f 7f 7f 7f 7f 7f 7f
7f 7f 7f 7f 7f 7f 7f 7f 7f 7f 7f 7f 7f 7f 7f 7f
7f 7f 7f 7f 7f 7f 7f 7f 7f 7f 7f 7f 7f 7f 7f 7f
7f 7f 7f 7f 7f 7f 7f 7f 7f 7f 7f 7f 7f 7f 7f 7f
7f 7f 7f 7f 7f 7f 7f 7f 7f 7f 7f 7f 7f 7f 7f 7f
fb fb fb fb fb fb fb fb fb fb fb fb fb fb fb fb
fb fb fb fb fb fb fb fb fb fb fb fb fb fb fb fb
fb fb fb fb fb fb fb fb fb fb fb fb fb fb fb fb
fb fb fb fb fb fb fb fb fb fb fb fb fb fb fb fb
f5 f5 f5 f5 f5 f5 f5 f5 f5 f5 f5 f5 f5 f5 f5 f5
f5 f5 f5 f5 f5 f5 f5 f5 f5 f5 f5 f5 f5 f5 f5 f5
f5 f5 f5 f5 f5 f5 f5 f5 f5 f5 f5 f5 f5 f5 f5 f5
f5 f5 f5 f5 f5 f5 f5 f5 f5 f5 f5 f5 f5 f5 f5 f5
7f 7f 7f 7f 7f 7f 7f 7f 7f 7f 7f 7f 7f 7f 7f 7f
7f 7f 7f 7f 7f 7f 7f 7f 7f 7f 7f 7f 7f 7f 7f 7f
7f 7f 7f 7f 7f 7f 7f 7f 7f 7f 7f 7f 7f 7f 7f 7f
7f 7f 7f 7f 7f 7f 7f 7f 7f 7f 7f 7f 7f 7f 7f 7f
7f 7f 7f 7f 7f 7f 7f 7f 7f 7f 7f 7f 7f 7f 7f 7f
7f 7f 7f 7f 7f 7f 7f 7f 7f 7f 7f 7f 7f 7f 7f 7f
7f 7f 7f 7f 7f 7f 7f 7f 7f 7f 7f 7f 7f 7f 7f 7f
7f 7f 7f 7f 7f 7f 7f 7f 7f 7f 7f 7f 7f 7f 7f 7f
7f 7f 7f 7f 7f 7f 7f 7f 7f 7f 7f 7f 7f 7f 7f 7f
7f 7f 7f 7f 7f 7f 7f 7f 7f 7f 7f 7f 7f 7f 7f 7f
7f 7f 7f 7f 7f 7f 7f 7f 7f 7f 7f 7f 7f 7f 7f 7f
7f 7f 7f 7f 7f 7f 7f 7f 7f 7f 7f 7f 7f 7f 7f 7f
@052000
f4 f4 f4 f4 f4 f4 f4 f4 f4 f4 f4 f4 f4 f4 f4 f4
f4 f4 f4 f4 f4 f4 f4 f4 f4 f4 f4 f4 f4 f4 f4 f4
f4 f4 f4 f4 f4 f4 f4 f4 f4 f4 f4 f4 f4 f4 f4 f4
f4 f4 f4 f4 f4 f4 f4 f4 f4 f4 f4 f4 f4 f4 f4 f4
f5 f5 f5 f5 f5 f5 f5 f5 f5 f5 f5 f5 f5 f5 f5 f5
f5 f5 f5 f5 f5 f5 f5 f5 f5 f5 f5 f5 f5 f5 f5 f5
f5 f5 f5 f5 f5 f5 f5 f5 f5 f5 f5 f5 f5 f5 f5 f5
f5 f5 f5 f5 f5 f5 f5 f5 f5 f5 f5 f5 f5 f5 f5 f5
f6 f6 f6 f6 f6 f6 f6 f6 f6 f6 f6 f6 f6 f6 f6 f6
f6 f6 f6 f6 f6 f6 f6 f6 f6 f6 f6 f6 f6 f6 f6 f6
f6 f6 f6 f6 f6 f6 f6 f6 f6 f6 f6 f6 f6 f6 f6 f6
f6 f6 f6 f6 f6 f6 f6 f6 f6 f6 f6 f6 f6 f6 f6 f6
f7 f7 f7 f7 f7 f7 f7 f7 f7 f7 f7 f7 f7 f7 f7 f7
f7 f7 f7 f7 f7 f7 f7 f7 f7 f7 f7 f7 f7 f7 f7 f7
f7 f7 f7 f7 f7 f7 f7 f7 f7 f7 f7 f7 f7 f7 f7 f7
f7 f7 f7 f7 f7 f7 f7 f7 f7 f7 f7 f7 f7 f7 f7 f7
f8 f8 f8 f8 f8 f8 f8 f8 f8 f8 f8 f8 f8 f8 f8 f8
f8 f8 f8 f8 f8 f8 f8 f8 f8 f8 f8 f8 f8 f8 f8 f8
f8 f8 f8 f8 f8 f8 f8 f8 f8 f8 f8 f8 f8 f8 f8 f8
f8 f8 f8 f8 f8 f8 f8 f8 f8 f8 f8 f8 f8 f8 f8 f8
f9 f9 f9 f9 f9 f9 f9 f9 f9 f9 f9 f9 f9 f9 f9 f9
f9 f9 f9 f9 f9 f9 f9 f9 f9 f9 f9 f9 f9 f9 f9 f9
f9 f9 f9 f9 f9 f9 f9 f9 f9 f9 f9 f9 f9 f9 f9 f9
f9 f9 f9 f9 f9 f9 f9 f9 f9 f9 f9 f9 f9 f9 f9 f9
fa fa fa fa fa fa fa fa fa fa fa fa fa fa fa fa
fa fa fa fa fa fa fa fa fa fa fa fa fa fa fa fa
fa fa fa fa fa fa fa fa fa fa fa fa fa fa fa fa
fa fa fa fa fa fa fa fa fa fa fa fa fa fa fa fa
fb fb fb fb fb fb fb fb fb fb fb fb fb fb fb fb
fb fb fb fb fb fb fb fb fb fb fb fb fb fb fb fb
fb fb fb fb fb fb fb fb fb fb fb fb fb fb fb fb
fb fb fb fb fb fb fb fb fb fb fb fb fb fb fb fb
@054000
f4 f4 f4 f4 f4 f4 f4 f4 f4 f4 f4 f4 f4 f4 f4 f4
f4 f4 f4 f4 f4 f4 f4 f4 f4 f4 f4 f4 f4 f4 f4 f4
f5 f5 f5 f5 f5 f5 f5 f5 f5 f5 f5 f5 f5 f5 f5 f5
f5 f5 f5 f5 f5 f5 f5 f5 f5 f5 f5 f5 f5 f5 f5 f5
f6 f6 f6 f6 f6 f6 f6 f6 f6 f6 f6 f6 f6 f6 f6 f6
f6 f6 f6 f6 f6 f6 f6 f6 f6 f6 f6 f6 f6 f6 f6 f6
f7 f7 f7 f7 f7 f7 f7 f7 f7 f7 f7 f7 f7 f7 f7 f7
f7 f7 f7 f7 f7 f7 f7 f7 f7 f7 f7 f7 f7 f7 f7 f7
f8 f8 f8 f8 f8 f8 f8 f8 f8 f8 f8 f8 f8 f8 f8 f8
f8 f8 f8 f8 f8 f8 f8 f8 f8 f8 f8 f8 f8 f8 f8 f8
f9 f9 f9 f9 f9 f9 f9 f9 f9 f9 f9 f9 f9 f9 f9 f9
f9 f9 f9 f9 f9 f9 f9 f9 f9 f9 f9 f9 f9 f9 f9 f9
fa fa fa fa fa fa fa fa fa fa fa fa fa fa fa fa
fa fa fa fa fa fa fa fa fa fa fa fa fa fa fa fa
fb fb fb fb fb fb fb fb fb fb fb fb fb fb fb fb
fb fb fb fb fb fb fb fb fb fb fb fb fb fb fb fb
@056000
f4 f4 f4 f4 f4 f4 f4 f4 f4 f4 f4 f4 f4 f4 f4 f4
f4 f4 f4 f4 f4 f4 f4 f4 f4 f4 f4 f4 f4 f4 f4 f4
f4 f4 f4 f4 f4 f4 f4 f4 f4 f4 f4 f4 f4 f4 f4 f4
f4 f4 f4 f4 f4 f4 f4 f4 f4 f4 f4 f4 f4 f4 f4 f4
f4 f4 f4 f4 f4 f4 f4 f4 f4 f4 f4 f4 f4 f4 f4 f4
f4 f4 f4 f4 f4 f4 f4 f4 f4 f4 f4 f4 f4 f4 f4 f4
f4 f4 f4 f4 f4 f4 f4 f4 f4 f4 f4 f4 f4 f4 f4 f4
f4 f4 f4 f4 f4 f4 f4 f4 f4 f4 f4 f4 f4 f4 f4 f4
f5 f5 f5 f5 f5 f5 f5 f5 f5 f5 f5 f5 f5 f5 f5 f5
f5 f5 f5 f5 f5 f5 f5 f5 f5 f5 f5 f5 f5 f5 f5 f5
f5 f5 f5 f5 f5 f5 f5 f5 f5 f5 f5 f5 f5 f5 f5 f5
f5 f5 f5 f5 f5 f5 f5 f5 f5 f5 f5 f5 f5 f5 f5 f5
f5 f5 f5 f5 f5 f5 f5 f5 f5 f5 f5 f5 f5 f5 f5 f5
f5 f5 f5 f5 f5 f5 f5 f5 f5 f5 f5 f5 f5 f5 f5 f5
f5 f5 f5 f5 f5 f5 f5 f5 f5 f5 f5 f5 f5 f5 f5 f5
f5 f5 f5 f5 f5 f5 f5 f5 f5 f5 f5 f5 f5 f5 f5 f5
f6 f6 f6 f6 f6 f6 f6 f6 f6 f6 f6 f6 f6 f6 f6 f6
f6 f6 f6 f6 f6 f6 f6 f6 f6 f6 f6 f6 f6 f6 f6 f6
f6 f6 f6 f6 f6 f6 f6 f6 f6 f6 f6 f6 f6 f6 f6 f6
f6 f6 f6 f6 f6 f6 f6 f6 f6 f6 f6 f6 f6 f6 f6 f6
f6 f6 f6 f6 f6 f6 f6 f6 f6 f6 f6 f6 f6 f6 f6 f6
f6 f6 f6 f6 f6 f6 f6 f6 f6 f6 f6 f6 f6 f6 f6 f6
f6 f6 f6 f6 f6 f6 f6 f6 f6 f6 f6 f6 f6 f6 f6 f6
f6 f6 f6 f6 f6 f6 f6 f6 f6 f6 f6 f6 f6 f6 f6 f6
f7 f7 f7 f7 f7 f7 f7 f7 f7 f7 f7 f7 f7 f7 f7 f7
f7 f7 f7 f7 f7 f7 f7 f7 f7 f7 f7 f7 f7 f7 f7 f7
f7 f7 f7 f7 f7 f7 f7 f7 f7 f7 f7 f7 f7 f7 f7 f7
f7 f7 f7 f7 f7 f7 f7 f7 f7 f7 f7 f7 f7 f7 f7 f7
f7 f7 f7 f7 f7 f7 f7 f7 f7 f7 f7 f7 f7 f7 f7 f7
f7 f7 f7 f7 f7 f7 f7 f7 f7 f7 f7 f7 f7 f7 f7 f7
f7 f7 f7 f7 f7 f7 f7 f7 f7 f7 f7 f7 f7 f7 f7 f7
f7 f7 f7 f7 f7 f7 f7 f7 f7 f7 f7 f7 f7 f7 f7 f7
f8 f8 f8 f8 f8 f8 f8 f8 f8 f8 f8 f8 f8 f8 f8 f8
f8 f8 f8 f8 f8 f8 f8 f8 f8 f8 f8 f8 f8 f8 f8 f8
f8 f8 f8 f8 f8 f8 f8 f8 f8 f8 f8 f8 f8 f8 f8 f8
f8 f8 f8 f8 f8 f8 f8 f8 f8 f8 f8 f8 f8 f8 f8 f8
f8 f8 f8 f8 f8 f8 f8 f8 f8 f8 f8 f8 f8 f8 f8 f8
f8 f8 f8 f8 f8 f8 f8 f8 f8 f8 f8 f8 f8 f8 f8 f8
f8 f8 f8 f8 f8 f8 f8 f8 f8 f8 f8 f8 f8 f8 f8 f8
f8 f8 f8 f8 f8 f8 f8 f8 f8 f8 f8 f8 f8 f8 f8 f8
f9 f9 f9 f9 f9 f9 f9 f9 f9 f9 f9 f9 f9 f9 f9 f9
f9 f9 f9 f9 f9 f9 f9 f9 f9 f9 f9 f9 f9 f9 f9 f9
f9 f9 f9 f9 f9 f9 f9 f9 f9 f9 f9 f9 f9 f9 f9 f9
f9 f9 f9 f9 f9 f9 f9 f9 f9 f9 f9 f9 f9 f9 f9 f9
f9 f9 f9 f9 f9 f9 f9 f9 f9 f9 f9 f9 f9 f9 f9 f9
f9 f9 f9 f9 f9 f9 f9 f9 f9 f9 f9 f9 f9 f9 f9 f9
f9 f9 f9 f9 f9 f9 f9 f9 f9 f9 f9 f9 f9 f9 f9 f9
f9 f9 f9 f9 f9 f9 f9 f9 f9 f9 f9 f9 f9 f9 f9 f9
fa fa fa fa fa fa fa fa fa fa fa fa fa fa fa fa
fa fa fa fa fa fa fa fa fa fa fa fa fa fa fa fa
fa fa fa fa fa fa fa fa fa fa fa fa fa fa fa fa
fa fa fa fa fa fa fa fa fa fa fa fa fa fa fa fa
fa fa fa fa fa fa fa fa fa fa fa fa fa fa fa fa
fa fa fa fa fa fa fa fa fa fa fa fa fa fa fa fa
fa fa fa fa fa fa fa fa fa fa fa fa fa fa fa fa
fa fa fa fa fa fa fa fa fa fa fa fa fa fa fa fa
fb fb fb fb fb fb fb fb fb fb fb fb fb fb fb fb
fb fb fb fb fb fb fb fb fb fb fb fb fb fb fb fb
fb fb fb fb fb fb fb fb fb fb fb fb fb fb fb fb
fb fb fb fb fb fb fb fb fb fb fb fb fb fb fb fb
fb fb fb fb fb fb fb fb fb fb fb fb fb fb fb fb
fb fb fb fb fb fb fb fb fb fb fb fb fb fb fb fb
fb fb fb fb fb fb fb fb fb fb fb fb fb fb fb fb
fb fb fb fb fb fb fb fb fb fb fb fb fb fb fb fb
@058000
f4 f4 f4 f4 f4 f4 f4 f4 f4 f4 f4 f4 f4 f4 f4 f4
f4 f4 f4 f4 f4 f4 f4 f4 f4 f4 f4 f4 f4 f4 f4 f4
f4 f4 f4 f4 f4 f4 f4 f4 f4 f4 f4 f4 f4 f4 f4 f4
f4 f4 f4 f4 f4 f4 f4 f4 f4 f4 f4 f4 f4 f4 f4 f4
f4 f4 f4 f4 f4 f4 f4 f4 f4 f4 f4 f4 f4 f4 f4 f4
f4 f4 f4 f4 f4 f4 f4 f4 f4 f4 f4 f4 f4 f4 f4 f4
f4 f4 f4 f4 f4 f4 f4 f4 f4 f4 f4 f4 f4 f4 f4 f4
f4 f4 f4 f4 f4 f4 f4 f4 f4 f4 f4 f4 f4 f4 f4 f4
f5 f5 f5 f5 f5 f5 f5 f5 f5 f5 f5 f5 f5 f5 f5 f5
f5 f5 f5 f5 f5 f5 f5 f5 f5 f5 f5 f5 f5 f5 f5 f5
f5 f5 f5 f5 f5 f5 f5 f5 f5 f5 f5 f5 f5 f5 f5 f5
f5 f5 f5 f5 f5 f5 f5 f5 f5 f5 f5 f5 f5 f5 f5 f5
f5 f5 f5 f5 f5 f5 f5 f5 f5 f5 f5 f5 f5 f5 f5 f5
f5 f5 f5 f5 f5 f5 f5 f5 f5 f5 f5 f5 f5 f5 f5 f5
f5 f5 f5 f5 f5 f5 f5 f5 f5 f5 f5 f5 f5 f5 f5 f5
f5 f5 f5 f5 f5 f5 f5 f5 f5 f5 f5 f5 f5 f5 f5 f5
f6 f6 f6 f6 f6 f6 f6 f6 f6 f6 f6 f6 f6 f6 f6 f6
f6 f6 f6 f6 f6 f6 f6 f6 f6 f6 f6 f6 f6 f6 f6 f6
f6 f6 f6 f6 f6 f6 f6 f6 f6 f6 f6 f6 f6 f6 f6 f6
f6 f6 f6 f6 f6 f6 f6 f6 f6 f6 f6 f6 f6 f6 f6 f6
f6 f6 f6 f6 f6 f6 f6 f6 f6 f6 f6 f6 f6 f6 f6 f6
f6 f6 f6 f6 f6 f6 f6 f6 f6 f6 f6 f6 f6 f6 f6 f6
f6 f6 f6 f6 f6 f6 f6 f6 f6 f6 f6 f6 f6 f6 f6 f6
f6 f6 f6 f6 f6 f6 f6 f6 f6 f6 f6 f6 f6 f6 f6 f6
f7 f7 f7 f7 f7 f7 f7 f7 f7 f7 f7 f7 f7 f7 f7 f7
f7 f7 f7 f7 f7 f7 f7 f7 f7 f7 f7 f7 f7 f7 f7 f7
f7 f7 f7 f7 f7 f7 f7 f7 f7 f7 f7 f7 f7 f7 f7 f7
f7 f7 f7 f7 f7 f7 f7 f7 f7 f7 f7 f7 f7 f7 f7 f7
f7 f7 f7 f7 f7 f7 f7 f7 f7 f7 f7 f7 f7 f7 f7 f7
f7 f7 f7 f7 f7 f7 f7 f7 f7 f7 f7 f7 f7 f7 f7 f7
f7 f7 f7 f7 f7 f7 f7 f7 f7 f7 f7 f7 f7 f7 f7 f7
f7 f7 f7 f7 f7 f7 f7 f7 f7 f7 f7 f7 f7 f7 f7 f7
f8 f8 f8 f8 f8 f8 f8 f8 f8 f8 f8 f8 f8 f8 f8 f8
f8 f8 f8 f8 f8 f8 f8 f8 f8 f8 f8 f8 f8 f8 f8 f8
f8 f8 f8 f8 f8 f8 f8 f8 f8 f8 f8 f8 f8 f8 f8 f8
f8 f8 f8 f8 f8 f8 f8 f8 f8 f8 f8 f8 f8 f8 f8 f8
f8 f8 f8 f8 f8 f8 f8 f8 f8 f8 f8 f8 f8 f8 f8 f8
f8 f8 f8 f8 f8 f8 f8 f8 f8 f8 f8 f8 f8 f8 f8 f8
f8 f8 f8 f8 f8 f8 f8 f8 f8 f8 f8 f8 f8 f8 f8 f8
f8 f8 f8 f8 f8 f8 f8 f8 f8 f8 f8 f8 f8 f8 f8 f8
f9 f9 f9 f9 f9 f9 f9 f9 f9 f9 f9 f9 f9 f9 f9 f9
f9 f9 f9 f9 f9 f9 f9 f9 f9 f9 f9 f9 f9 f9 f9 f9
f9 f9 f9 f9 f9 f9 f9 f9 f9 f9 f9 f9 f9 f9 f9 f9
f9 f9 f9 f9 f9 f9 f9 f9 f9 f9 f9 f9 f9 f9 f9 f9
f9 f9 f9 f9 f9 f9 f9 f9 f9 f9 f9 f9 f9 f9 f9 f9
f9 f9 f9 f9 f9 f9 f9 f9 f9 f9 f9 f9 f9 f9 f9 f9
f9 f9 f9 f9 f9 f9 f9 f9 f9 f9 f9 f9 f9 f9 f9 f9
f9 f9 f9 f9 f9 f9 f9 f9 f9 f9 f9 f9 f9 f9 f9 f9
fa fa fa fa fa fa fa fa fa fa fa fa fa fa fa fa
fa fa fa fa fa fa fa fa fa fa fa fa fa fa fa fa
fa fa fa fa fa fa fa fa fa fa fa fa fa fa fa fa
fa fa fa fa fa fa fa fa fa fa fa fa fa fa fa fa
fa fa fa fa fa fa fa fa fa fa fa fa fa fa fa fa
fa fa fa fa fa fa fa fa fa fa fa fa fa fa fa fa
fa fa fa fa fa fa fa fa fa fa fa fa fa fa fa fa
fa fa fa fa fa fa fa fa fa fa fa fa fa fa fa fa
fb fb fb fb fb fb fb fb fb fb fb fb fb fb fb fb
fb fb fb fb fb fb fb fb fb fb fb fb fb fb fb fb
fb fb fb fb fb fb fb fb fb fb fb fb fb fb fb fb
fb fb fb fb fb fb fb fb fb fb fb fb fb fb fb fb
fb fb fb fb fb fb fb fb fb fb fb fb fb fb fb fb
fb fb fb fb fb fb fb fb fb fb fb fb fb fb fb fb
fb fb fb fb fb fb fb fb fb fb fb fb fb fb fb fb
fb fb fb fb fb fb fb fb fb fb fb fb fb fb fb fb
@05a000
f4 f4 f4 f4 f4 f4 f4 f4 f4 f4 f4 f4 f4 f4 f4 f4
f4 f4 f4 f4 f4 f4 f4 f4 f4 f4 f4 f4 f4 f4 f4 f4
f5 f5 f5 f5 f5 f5 f5 f5 f5 f5 f5 f5 f5 f5 f5 f5
f5 f5 f5 f5 f5 f5 f5 f5 f5 f5 f5 f5 f5 f5 f5 f5
f6 f6 f6 f6 f6 f6 f6 f6 f6 f6 f6 f6 f6 f6 f6 f6
f6 f6 f6 f6 f6 f6 f6 f6 f6 f6 f6 f6 f6 f6 f6 f6
f7 f7 f7 f7 f7 f7 f7 f7 f7 f7 f7 f7 f7 f7 f7 f7
f7 f7 f7 f7 f7 f7 f7 f7 f7 f7 f7 f7 f7 f7 f7 f7
f8 f8 f8 f8 f8 f8 f8 f8 f8 f8 f8 f8 f8 f8 f8 f8
f8 f8 f8 f8 f8 f8 f8 f8 f8 f8 f8 f8 f8 f8 f8 f8
f9 f9 f9 f9 f9 f9 f9 f9 f9 f9 f9 f9 f9 f9 f9 f9
f9 f9 f9 f9 f9 f9 f9 f9 f9 f9 f9 f9 f9 f9 f9 f9
fa fa fa fa fa fa fa fa fa fa fa fa fa fa fa fa
fa fa fa fa fa fa fa fa fa fa fa fa fa fa fa fa
fb fb fb fb fb fb fb fb fb fb fb fb fb fb fb fb
fb fb fb fb fb fb fb fb fb fb fb fb fb fb fb fb
@05c000
00 00 00 00 00 00 00 00 00 00 00 00 00 00 00 00
00 00 00 00 00 00 00 00 00 00 00 00 00 00 00 00
00 00 00 00 00 00 00 00 00 00 00 00 00 00 00 00
00 00 00 00 00 00 00 00 00 00 00 00 00 00 00 00
00 00 00 00 00 00 00 00 00 00 00 00 00 00 00 00
00 00 00 00 00 00 00 00 00 00 00 00 00 00 00 00
00 00 00 00 00 00 00 00 00 00 00 00 00 00 00 00
00 00 00 00 00 00 00 00 00 00 00 00 00 00 00 00
00 00 00 00 00 00 00 00 00 00 00 00 00 00 00 00
00 00 00 00 00 00 00 00 00 00 00 00 00 00 00 00
00 00 00 00 00 00 00 00 00 00 00 00 00 00 00 00
00 00 00 00 00 00 00 00 00 00 00 00 00 00 00 00
00 00 00 00 00 00 00 00 00 00 00 00 00 00 00 00
00 00 00 00 00 00 00 00 00 00 00 00 00 00 00 00
00 00 00 00 00 00 00 00 00 00 00 00 00 00 00 00
00 00 00 00 00 00 00 00 00 00 00 00 00 00 00 00
00 00 00 00 00 00 00 00 00 00 00 00 00 00 00 00
00 00 00 00 00 00 00 00 00 00 00 00 00 00 00 00
00 00 00 00 00 00 00 00 00 00 00 00 00 00 00 00
00 00 00 00 00 00 00 00 00 00 00 00 00 00 00 00
00 00 00 00 00 00 00 00 00 00 00 00 00 00 00 00
00 00 00 00 00 00 00 00 00 00 00 00 00 00 00 00
00 00 00 00 00 00 00 00 00 00 00 00 00 00 00 00
00 00 00 00 00 00 00 00 00 00 00 00 00 00 00 00
00 00 00 00 00 00 00 00 00 00 00 00 00 00 00 00
00 00 00 00 00 00 00 00 00 00 00 00 00 00 00 00
00 00 00 00 00 00 00 00 00 00 00 00 00 00 00 00
00 00 00 00 00 00 00 00 00 00 00 00 00 00 00 00
00 00 00 00 00 00 00 00 00 00 00 00 00 00 00 00
00 00 00 00 00 00 00 00 00 00 00 00 00 00 00 00
00 00 00 00 00 00 00 00 00 00 00 00 00 00 00 00
00 00 00 00 00 00 00 00 00 00 00 00 00 00 00 00
00 00 00 00 00 00 00 00 00 00 00 00 00 00 00 00
00 00 00 00 00 00 00 00 00 00 00 00 00 00 00 00
00 00 00 00 00 00 00 00 00 00 00 00 00 00 00 00
00 00 00 00 00 00 00 00 00 00 00 00 00 00 00 00
00 00 00 00 00 00 00 00 00 00 00 00 00 00 00 00
00 00 00 00 00 00 00 00 00 00 00 00 00 00 00 00
00 00 00 00 00 00 00 00 00 00 00 00 00 00 00 00
00 00 00 00 00 00 00 00 00 00 00 00 00 00 00 00
00 00 00 00 00 00 00 00 00 00 00 00 00 00 00 00
00 00 00 00 00 00 00 00 00 00 00 00 00 00 00 00
00 00 00 00 00 00 00 00 00 00 00 00 00 00 00 00
00 00 00 00 00 00 00 00 00 00 00 00 00 00 00 00
00 00 00 00 00 00 00 00 00 00 00 00 00 00 00 00
00 00 00 00 00 00 00 00 00 00 00 00 00 00 00 00
00 00 00 00 00 00 00 00 00 00 00 00 00 00 00 00
00 00 00 00 00 00 00 00 00 00 00 00 00 00 00 00
00 00 00 00 00 00 00 00 00 00 00 00 00 00 00 00
00 00 00 00 00 00 00 00 00 00 00 00 00 00 00 00
00 00 00 00 00 00 00 00 00 00 00 00 00 00 00 00
00 00 00 00 00 00 00 00 00 00 00 00 00 00 00 00
00 00 00 00 00 00 00 00 00 00 00 00 00 00 00 00
00 00 00 00 00 00 00 00 00 00 00 00 00 00 00 00
00 00 00 00 00 00 00 00 00 00 00 00 00 00 00 00
00 00 00 00 00 00 00 00 00 00 00 00 00 00 00 00
00 00 00 00 00 00 00 00 00 00 00 00 00 00 00 00
00 00 00 00 00 00 00 00 00 00 00 00 00 00 00 00
00 00 00 00 00 00 00 00 00 00 00 00 00 00 00 00
00 00 00 00 00 00 00 00 00 00 00 00 00 00 00 00
00 00 00 00 00 00 00 00 00 00 00 00 00 00 00 00
00 00 00 00 00 00 00 00 00 00 00 00 00 00 00 00
00 00 00 00 00 00 00 00 00 00 00 00 00 00 00 00
00 00 00 00 00 00 00 00 00 00 00 00 00 00 00 00
@05e000
00 00 00 00 00 00 00 00 00 00 00 00 00 00 00 00
00 00 00 00 00 00 00 00 00 00 00 00 00 00 00 00
00 00 00 00 00 00 00 00 00 00 00 00 00 00 00 00
00 00 00 00 00 00 00 00 00 00 00 00 00 00 00 00
00 00 00 00 00 00 00 00 00 00 00 00 00 00 00 00
00 00 00 00 00 00 00 00 00 00 00 00 00 00 00 00
00 00 00 00 00 00 00 00 00 00 00 00 00 00 00 00
00 00 00 00 00 00 00 00 00 00 00 00 00 00 00 00
00 00 00 00 00 00 00 00 00 00 00 00 00 00 00 00
00 00 00 00 00 00 00 00 00 00 00 00 00 00 00 00
00 00 00 00 00 00 00 00 00 00 00 00 00 00 00 00
00 00 00 00 00 00 00 00 00 00 00 00 00 00 00 00
00 00 00 00 00 00 00 00 00 00 00 00 00 00 00 00
00 00 00 00 00 00 00 00 00 00 00 00 00 00 00 00
00 00 00 00 00 00 00 00 00 00 00 00 00 00 00 00
00 00 00 00 00 00 00 00 00 00 00 00 00 00 00 00
@060000
f4 f4 f4 f4 f4 f4 f4 f4 f4 f4 f4 f4 f4 f4 f4 f4
f4 f4 f4 f4 f4 f4 f4 f4 f4 f4 f4 f4 f4 f4 f4 f4
f4 f4 f4 f4 f4 f4 f4 f4 f4 f4 f4 f4 f4 f4 f4 f4
f4 f4 f4 f4 f4 f4 f4 f4 f4 f4 f4 f4 f4 f4 f4 f4
f4 f4 f4 f4 f4 f4 f4 f4 f4 f4 f4 f4 f4 f4 f4 f4
f4 f4 f4 f4 f4 f4 f4 f4 f4 f4 f4 f4 f4 f4 f4 f4
f4 f4 f4 f4 f4 f4 f4 f4 f4 f4 f4 f4 f4 f4 f4 f4
f4 f4 f4 f4 f4 f4 f4 f4 f4 f4 f4 f4 f4 f4 f4 f4
f5 f5 f5 f5 f5 f5 f5 f5 f5 f5 f5 f5 f5 f5 f5 f5
f5 f5 f5 f5 f5 f5 f5 f5 f5 f5 f5 f5 f5 f5 f5 f5
f5 f5 f5 f5 f5 f5 f5 f5 f5 f5 f5 f5 f5 f5 f5 f5
f5 f5 f5 f5 f5 f5 f5 f5 f5 f5 f5 f5 f5 f5 f5 f5
f5 f5 f5 f5 f5 f5 f5 f5 f5 f5 f5 f5 f5 f5 f5 f5
f5 f5 f5 f5 f5 f5 f5 f5 f5 f5 f5 f5 f5 f5 f5 f5
f5 f5 f5 f5 f5 f5 f5 f5 f5 f5 f5 f5 f5 f5 f5 f5
f5 f5 f5 f5 f5 f5 f5 f5 f5 f5 f5 f5 f5 f5 f5 f5
f6 f6 f6 f6 f6 f6 f6 f6 f6 f6 f6 f6 f6 f6 f6 f6
f6 f6 f6 f6 f6 f6 f6 f6 f6 f6 f6 f6 f6 f6 f6 f6
f6 f6 f6 f6 f6 f6 f6 f6 f6 f6 f6 f6 f6 f6 f6 f6
f6 f6 f6 f6 f6 f6 f6 f6 f6 f6 f6 f6 f6 f6 f6 f6
f6 f6 f6 f6 f6 f6 f6 f6 f6 f6 f6 f6 f6 f6 f6 f6
f6 f6 f6 f6 f6 f6 f6 f6 f6 f6 f6 f6 f6 f6 f6 f6
f6 f6 f6 f6 f6 f6 f6 f6 f6 f6 f6 f6 f6 f6 f6 f6
f6 f6 f6 f6 f6 f6 f6 f6 f6 f6 f6 f6 f6 f6 f6 f6
f7 f7 f7 f7 f7 f7 f7 f7 f7 f7 f7 f7 f7 f7 f7 f7
f7 f7 f7 f7 f7 f7 f7 f7 f7 f7 f7 f7 f7 f7 f7 f7
f7 f7 f7 f7 f7 f7 f7 f7 f7 f7 f7 f7 f7 f7 f7 f7
f7 f7 f7 f7 f7 f7 f7 f7 f7 f7 f7 f7 f7 f7 f7 f7
f7 f7 f7 f7 f7 f7 f7 f7 f7 f7 f7 f7 f7 f7 f7 f7
f7 f7 f7 f7 f7 f7 f7 f7 f7 f7 f7 f7 f7 f7 f7 f7
f7 f7 f7 f7 f7 f7 f7 f7 f7 f7 f7 f7 f7 f7 f7 f7
f7 f7 f7 f7 f7 f7 f7 f7 f7 f7 f7 f7 f7 f7 f7 f7
f8 f8 f8 f8 f8 f8 f8 f8 f8 f8 f8 f8 f8 f8 f8 f8
f8 f8 f8 f8 f8 f8 f8 f8 f8 f8 f8 f8 f8 f8 f8 f8
f8 f8 f8 f8 f8 f8 f8 f8 f8 f8 f8 f8 f8 f8 f8 f8
f8 f8 f8 f8 f8 f8 f8 f8 f8 f8 f8 f8 f8 f8 f8 f8
f8 f8 f8 f8 f8 f8 f8 f8 f8 f8 f8 f8 f8 f8 f8 f8
f8 f8 f8 f8 f8 f8 f8 f8 f8 f8 f8 f8 f8 f8 f8 f8
f8 f8 f8 f8 f8 f8 f8 f8 f8 f8 f8 f8 f8 f8 f8 f8
f8 f8 f8 f8 f8 f8 f8 f8 f8 f8 f8 f8 f8 f8 f8 f8
f9 f9 f9 f9 f9 f9 f9 f9 f9 f9 f9 f9 f9 f9 f9 f9
f9 f9 f9 f9 f9 f9 f9 f9 f9 f9 f9 f9 f9 f9 f9 f9
f9 f9 f9 f9 f9 f9 f9 f9 f9 f9 f9 f9 f9 f9 f9 f9
f9 f9 f9 f9 f9 f9 f9 f9 f9 f9 f9 f9 f9 f9 f9 f9
f9 f9 f9 f9 f9 f9 f9 f9 f9 f9 f9 f9 f9 f9 f9 f9
f9 f9 f9 f9 f9 f9 f9 f9 f9 f9 f9 f9 f9 f9 f9 f9
f9 f9 f9 f9 f9 f9 f9 f9 f9 f9 f9 f9 f9 f9 f9 f9
f9 f9 f9 f9 f9 f9 f9 f9 f9 f9 f9 f9 f9 f9 f9 f9
fa fa fa fa fa fa fa fa fa fa fa fa fa fa fa fa
fa fa fa fa fa fa fa fa fa fa fa fa fa fa fa fa
fa fa fa fa fa fa fa fa fa fa fa fa fa fa fa fa
fa fa fa fa fa fa fa fa fa fa fa fa fa fa fa fa
fa fa fa fa fa fa fa fa fa fa fa fa fa fa fa fa
fa fa fa fa fa fa fa fa fa fa fa fa fa fa fa fa
fa fa fa fa fa fa fa fa fa fa fa fa fa fa fa fa
fa fa fa fa fa fa fa fa fa fa fa fa fa fa fa fa
fb fb fb fb fb fb fb fb fb fb fb fb fb fb fb fb
fb fb fb fb fb fb fb fb fb fb fb fb fb fb fb fb
fb fb fb fb fb fb fb fb fb fb fb fb fb fb fb fb
fb fb fb fb fb fb fb fb fb fb fb fb fb fb fb fb
fb fb fb fb fb fb fb fb fb fb fb fb fb fb fb fb
fb fb fb fb fb fb fb fb fb fb fb fb fb fb fb fb
fb fb fb fb fb fb fb fb fb fb fb fb fb fb fb fb
fb fb fb fb fb fb fb fb fb fb fb fb fb fb fb fb
@062000
f4 f4 f4 f4 f4 f4 f4 f4 f4 f4 f4 f4 f4 f4 f4 f4
f4 f4 f4 f4 f4 f4 f4 f4 f4 f4 f4 f4 f4 f4 f4 f4
f4 f4 f4 f4 f4 f4 f4 f4 f4 f4 f4 f4 f4 f4 f4 f4
f4 f4 f4 f4 f4 f4 f4 f4 f4 f4 f4 f4 f4 f4 f4 f4
f4 f4 f4 f4 f4 f4 f4 f4 f4 f4 f4 f4 f4 f4 f4 f4
f4 f4 f4 f4 f4 f4 f4 f4 f4 f4 f4 f4 f4 f4 f4 f4
f4 f4 f4 f4 f4 f4 f4 f4 f4 f4 f4 f4 f4 f4 f4 f4
f4 f4 f4 f4 f4 f4 f4 f4 f4 f4 f4 f4 f4 f4 f4 f4
f5 f5 f5 f5 f5 f5 f5 f5 f5 f5 f5 f5 f5 f5 f5 f5
f5 f5 f5 f5 f5 f5 f5 f5 f5 f5 f5 f5 f5 f5 f5 f5
f5 f5 f5 f5 f5 f5 f5 f5 f5 f5 f5 f5 f5 f5 f5 f5
f5 f5 f5 f5 f5 f5 f5 f5 f5 f5 f5 f5 f5 f5 f5 f5
f5 f5 f5 f5 f5 f5 f5 f5 f5 f5 f5 f5 f5 f5 f5 f5
f5 f5 f5 f5 f5 f5 f5 f5 f5 f5 f5 f5 f5 f5 f5 f5
f5 f5 f5 f5 f5 f5 f5 f5 f5 f5 f5 f5 f5 f5 f5 f5
f5 f5 f5 f5 f5 f5 f5 f5 f5 f5 f5 f5 f5 f5 f5 f5
f6 f6 f6 f6 f6 f6 f6 f6 f6 f6 f6 f6 f6 f6 f6 f6
f6 f6 f6 f6 f6 f6 f6 f6 f6 f6 f6 f6 f6 f6 f6 f6
f6 f6 f6 f6 f6 f6 f6 f6 f6 f6 f6 f6 f6 f6 f6 f6
f6 f6 f6 f6 f6 f6 f6 f6 f6 f6 f6 f6 f6 f6 f6 f6
f6 f6 f6 f6 f6 f6 f6 f6 f6 f6 f6 f6 f6 f6 f6 f6
f6 f6 f6 f6 f6 f6 f6 f6 f6 f6 f6 f6 f6 f6 f6 f6
f6 f6 f6 f6 f6 f6 f6 f6 f6 f6 f6 f6 f6 f6 f6 f6
f6 f6 f6 f6 f6 f6 f6 f6 f6 f6 f6 f6 f6 f6 f6 f6
f7 f7 f7 f7 f7 f7 f7 f7 f7 f7 f7 f7 f7 f7 f7 f7
f7 f7 f7 f7 f7 f7 f7 f7 f7 f7 f7 f7 f7 f7 f7 f7
f7 f7 f7 f7 f7 f7 f7 f7 f7 f7 f7 f7 f7 f7 f7 f7
f7 f7 f7 f7 f7 f7 f7 f7 f7 f7 f7 f7 f7 f7 f7 f7
f7 f7 f7 f7 f7 f7 f7 f7 f7 f7 f7 f7 f7 f7 f7 f7
f7 f7 f7 f7 f7 f7 f7 f7 f7 f7 f7 f7 f7 f7 f7 f7
f7 f7 f7 f7 f7 f7 f7 f7 f7 f7 f7 f7 f7 f7 f7 f7
f7 f7 f7 f7 f7 f7 f7 f7 f7 f7 f7 f7 f7 f7 f7 f7
f8 f8 f8 f8 f8 f8 f8 f8 f8 f8 f8 f8 f8 f8 f8 f8
f8 f8 f8 f8 f8 f8 f8 f8 f8 f8 f8 f8 f8 f8 f8 f8
f8 f8 f8 f8 f8 f8 f8 f8 f8 f8 f8 f8 f8 f8 f8 f8
f8 f8 f8 f8 f8 f8 f8 f8 f8 f8 f8 f8 f8 f8 f8 f8
f8 f8 f8 f8 f8 f8 f8 f8 f8 f8 f8 f8 f8 f8 f8 f8
f8 f8 f8 f8 f8 f8 f8 f8 f8 f8 f8 f8 f8 f8 f8 f8
f8 f8 f8 f8 f8 f8 f8 f8 f8 f8 f8 f8 f8 f8 f8 f8
f8 f8 f8 f8 f8 f8 f8 f8 f8 f8 f8 f8 f8 f8 f8 f8
f9 f9 f9 f9 f9 f9 f9 f9 f9 f9 f9 f9 f9 f9 f9 f9
f9 f9 f9 f9 f9 f9 f9 f9 f9 f9 f9 f9 f9 f9 f9 f9
f9 f9 f9 f9 f9 f9 f9 f9 f9 f9 f9 f9 f9 f9 f9 f9
f9 f9 f9 f9 f9 f9 f9 f9 f9 f9 f9 f9 f9 f9 f9 f9
f9 f9 f9 f9 f9 f9 f9 f9 f9 f9 f9 f9 f9 f9 f9 f9
f9 f9 f9 f9 f9 f9 f9 f9 f9 f9 f9 f9 f9 f9 f9 f9
f9 f9 f9 f9 f9 f9 f9 f9 f9 f9 f9 f9 f9 f9 f9 f9
f9 f9 f9 f9 f9 f9 f9 f9 f9 f9 f9 f9 f9 f9 f9 f9
fa fa fa fa fa fa fa fa fa fa fa fa fa fa fa fa
fa fa fa fa fa fa fa fa fa fa fa fa fa fa fa fa
fa fa fa fa fa fa fa fa fa fa fa fa fa fa fa fa
fa fa fa fa fa fa fa fa fa fa fa fa fa fa fa fa
fa fa fa fa fa fa fa fa fa fa fa fa fa fa fa fa
fa fa fa fa fa fa fa fa fa fa fa fa fa fa fa fa
fa fa fa fa fa fa fa fa fa fa fa fa fa fa fa fa
fa fa fa fa fa fa fa fa fa fa fa fa fa fa fa fa
fb fb fb fb fb fb fb fb fb fb fb fb fb fb fb fb
fb fb fb fb fb fb fb fb fb fb fb fb fb fb fb fb
fb fb fb fb fb fb fb fb fb fb fb fb fb fb fb fb
fb fb fb fb fb fb fb fb fb fb fb fb fb fb fb fb
fb fb fb fb fb fb fb fb fb fb fb fb fb fb fb fb
fb fb fb fb fb fb fb fb fb fb fb fb fb fb fb fb
fb fb fb fb fb fb fb fb fb fb fb fb fb fb fb fb
fb fb fb fb fb fb fb fb fb fb fb fb fb fb fb fb
@064000
f4 f4 f4 f4 f4 f4 f4 f4 f4 f4 f4 f4 f4 f4 f4 f4
f4 f4 f4 f4 f4 f4 f4 f4 f4 f4 f4 f4 f4 f4 f4 f4
f5 f5 f5 f5 f5 f5 f5 f5 f5 f5 f5 f5 f5 f5 f5 f5
f5 f5 f5 f5 f5 f5 f5 f5 f5 f5 f5 f5 f5 f5 f5 f5
f6 f6 f6 f6 f6 f6 f6 f6 f6 f6 f6 f6 f6 f6 f6 f6
f6 f6 f6 f6 f6 f6 f6 f6 f6 f6 f6 f6 f6 f6 f6 f6
f7 f7 f7 f7 f7 f7 f7 f7 f7 f7 f7 f7 f7 f7 f7 f7
f7 f7 f7 f7 f7 f7 f7 f7 f7 f7 f7 f7 f7 f7 f7 f7
f8 f8 f8 f8 f8 f8 f8 f8 f8 f8 f8 f8 f8 f8 f8 f8
f8 f8 f8 f8 f8 f8 f8 f8 f8 f8 f8 f8 f8 f8 f8 f8
f9 f9 f9 f9 f9 f9 f9 f9 f9 f9 f9 f9 f9 f9 f9 f9
f9 f9 f9 f9 f9 f9 f9 f9 f9 f9 f9 f9 f9 f9 f9 f9
fa fa fa fa fa fa fa fa fa fa fa fa fa fa fa fa
fa fa fa fa fa fa fa fa fa fa fa fa fa fa fa fa
fb fb fb fb fb fb fb fb fb fb fb fb fb fb fb fb
fb fb fb fb fb fb fb fb fb fb fb fb fb fb fb fb
@066000
00 00 00 00 00 00 00 00 00 00 00 00 00 00 00 00
00 00 00 00 00 00 00 00 00 00 00 00 00 00 00 00
00 00 00 00 00 00 00 00 00 00 00 00 00 00 00 00
00 00 00 00 00 00 00 00 00 00 00 00 00 00 00 00
00 00 00 00 00 00 00 00 00 00 00 00 00 00 00 00
00 00 00 00 00 00 00 00 00 00 00 00 00 00 00 00
00 00 00 00 00 00 00 00 00 00 00 00 00 00 00 00
00 00 00 00 00 00 00 00 00 00 00 00 00 00 00 00
00 00 00 00 00 00 00 00 00 00 00 00 00 00 00 00
00 00 00 00 00 00 00 00 00 00 00 00 00 00 00 00
00 00 00 00 00 00 00 00 00 00 00 00 00 00 00 00
00 00 00 00 00 00 00 00 00 00 00 00 00 00 00 00
00 00 00 00 00 00 00 00 00 00 00 00 00 00 00 00
00 00 00 00 00 00 00 00 00 00 00 00 00 00 00 00
00 00 00 00 00 00 00 00 00 00 00 00 00 00 00 00
00 00 00 00 00 00 00 00 00 00 00 00 00 00 00 00
00 00 00 00 00 00 00 00 00 00 00 00 00 00 00 00
00 00 00 00 00 00 00 00 00 00 00 00 00 00 00 00
00 00 00 00 00 00 00 00 00 00 00 00 00 00 00 00
00 00 00 00 00 00 00 00 00 00 00 00 00 00 00 00
00 00 00 00 00 00 00 00 00 00 00 00 00 00 00 00
00 00 00 00 00 00 00 00 00 00 00 00 00 00 00 00
00 00 00 00 00 00 00 00 00 00 00 00 00 00 00 00
00 00 00 00 00 00 00 00 00 00 00 00 00 00 00 00
00 00 00 00 00 00 00 00 00 00 00 00 00 00 00 00
00 00 00 00 00 00 00 00 00 00 00 00 00 00 00 00
00 00 00 00 00 00 00 00 00 00 00 00 00 00 00 00
00 00 00 00 00 00 00 00 00 00 00 00 00 00 00 00
00 00 00 00 00 00 00 00 00 00 00 00 00 00 00 00
00 00 00 00 00 00 00 00 00 00 00 00 00 00 00 00
00 00 00 00 00 00 00 00 00 00 00 00 00 00 00 00
00 00 00 00 00 00 00 00 00 00 00 00 00 00 00 00
00 00 00 00 00 00 00 00 00 00 00 00 00 00 00 00
00 00 00 00 00 00 00 00 00 00 00 00 00 00 00 00
00 00 00 00 00 00 00 00 00 00 00 00 00 00 00 00
00 00 00 00 00 00 00 00 00 00 00 00 00 00 00 00
00 00 00 00 00 00 00 00 00 00 00 00 00 00 00 00
00 00 00 00 00 00 00 00 00 00 00 00 00 00 00 00
00 00 00 00 00 00 00 00 00 00 00 00 00 00 00 00
00 00 00 00 00 00 00 00 00 00 00 00 00 00 00 00
00 00 00 00 00 00 00 00 00 00 00 00 00 00 00 00
00 00 00 00 00 00 00 00 00 00 00 00 00 00 00 00
00 00 00 00 00 00 00 00 00 00 00 00 00 00 00 00
00 00 00 00 00 00 00 00 00 00 00 00 00 00 00 00
00 00 00 00 00 00 00 00 00 00 00 00 00 00 00 00
00 00 00 00 00 00 00 00 00 00 00 00 00 00 00 00
00 00 00 00 00 00 00 00 00 00 00 00 00 00 00 00
00 00 00 00 00 00 00 00 00 00 00 00 00 00 00 00
00 00 00 00 00 00 00 00 00 00 00 00 00 00 00 00
00 00 00 00 00 00 00 00 00 00 00 00 00 00 00 00
00 00 00 00 00 00 00 00 00 00 00 00 00 00 00 00
00 00 00 00 00 00 00 00 00 00 00 00 00 00 00 00
00 00 00 00 00 00 00 00 00 00 00 00 00 00 00 00
00 00 00 00 00 00 00 00 00 00 00 00 00 00 00 00
00 00 00 00 00 00 00 00 00 00 00 00 00 00 00 00
00 00 00 00 00 00 00 00 00 00 00 00 00 00 00 00
00 00 00 00 00 00 00 00 00 00 00 00 00 00 00 00
00 00 00 00 00 00 00 00 00 00 00 00 00 00 00 00
00 00 00 00 00 00 00 00 00 00 00 00 00 00 00 00
00 00 00 00 00 00 00 00 00 00 00 00 00 00 00 00
00 00 00 00 00 00 00 00 00 00 00 00 00 00 00 00
00 00 00 00 00 00 00 00 00 00 00 00 00 00 00 00
00 00 00 00 00 00 00 00 00 00 00 00 00 00 00 00
00 00 00 00 00 00 00 00 00 00 00 00 00 00 00 00
@068000
00 00 00 00 00 00 00 00 00 00 00 00 00 00 00 00
00 00 00 00 00 00 00 00 00 00 00 00 00 00 00 00
00 00 00 00 00 00 00 00 00 00 00 00 00 00 00 00
00 00 00 00 00 00 00 00 00 00 00 00 00 00 00 00
00 00 00 00 00 00 00 00 00 00 00 00 00 00 00 00
00 00 00 00 00 00 00 00 00 00 00 00 00 00 00 00
00 00 00 00 00 00 00 00 00 00 00 00 00 00 00 00
00 00 00 00 00 00 00 00 00 00 00 00 00 00 00 00
00 00 00 00 00 00 00 00 00 00 00 00 00 00 00 00
00 00 00 00 00 00 00 00 00 00 00 00 00 00 00 00
00 00 00 00 00 00 00 00 00 00 00 00 00 00 00 00
00 00 00 00 00 00 00 00 00 00 00 00 00 00 00 00
00 00 00 00 00 00 00 00 00 00 00 00 00 00 00 00
00 00 00 00 00 00 00 00 00 00 00 00 00 00 00 00
00 00 00 00 00 00 00 00 00 00 00 00 00 00 00 00
00 00 00 00 00 00 00 00 00 00 00 00 00 00 00 00
@06a000
f4 f4 f4 f4 f4 f4 f4 f4 f4 f4 f4 f4 f4 f4 f4 f4
f4 f4 f4 f4 f4 f4 f4 f4 f4 f4 f4 f4 f4 f4 f4 f4
f4 f4 f4 f4 f4 f4 f4 f4 f4 f4 f4 f4 f4 f4 f4 f4
f4 f4 f4 f4 f4 f4 f4 f4 f4 f4 f4 f4 f4 f4 f4 f4
f4 f4 f4 f4 f4 f4 f4 f4 f4 f4 f4 f4 f4 f4 f4 f4
f4 f4 f4 f4 f4 f4 f4 f4 f4 f4 f4 f4 f4 f4 f4 f4
f4 f4 f4 f4 f4 f4 f4 f4 f4 f4 f4 f4 f4 f4 f4 f4
f4 f4 f4 f4 f4 f4 f4 f4 f4 f4 f4 f4 f4 f4 f4 f4
f5 f5 f5 f5 f5 f5 f5 f5 f5 f5 f5 f5 f5 f5 f5 f5
f5 f5 f5 f5 f5 f5 f5 f5 f5 f5 f5 f5 f5 f5 f5 f5
f5 f5 f5 f5 f5 f5 f5 f5 f5 f5 f5 f5 f5 f5 f5 f5
f5 f5 f5 f5 f5 f5 f5 f5 f5 f5 f5 f5 f5 f5 f5 f5
f5 f5 f5 f5 f5 f5 f5 f5 f5 f5 f5 f5 f5 f5 f5 f5
f5 f5 f5 f5 f5 f5 f5 f5 f5 f5 f5 f5 f5 f5 f5 f5
f5 f5 f5 f5 f5 f5 f5 f5 f5 f5 f5 f5 f5 f5 f5 f5
f5 f5 f5 f5 f5 f5 f5 f5 f5 f5 f5 f5 f5 f5 f5 f5
f6 f6 f6 f6 f6 f6 f6 f6 f6 f6 f6 f6 f6 f6 f6 f6
f6 f6 f6 f6 f6 f6 f6 f6 f6 f6 f6 f6 f6 f6 f6 f6
f6 f6 f6 f6 f6 f6 f6 f6 f6 f6 f6 f6 f6 f6 f6 f6
f6 f6 f6 f6 f6 f6 f6 f6 f6 f6 f6 f6 f6 f6 f6 f6
f6 f6 f6 f6 f6 f6 f6 f6 f6 f6 f6 f6 f6 f6 f6 f6
f6 f6 f6 f6 f6 f6 f6 f6 f6 f6 f6 f6 f6 f6 f6 f6
f6 f6 f6 f6 f6 f6 f6 f6 f6 f6 f6 f6 f6 f6 f6 f6
f6 f6 f6 f6 f6 f6 f6 f6 f6 f6 f6 f6 f6 f6 f6 f6
f7 f7 f7 f7 f7 f7 f7 f7 f7 f7 f7 f7 f7 f7 f7 f7
f7 f7 f7 f7 f7 f7 f7 f7 f7 f7 f7 f7 f7 f7 f7 f7
f7 f7 f7 f7 f7 f7 f7 f7 f7 f7 f7 f7 f7 f7 f7 f7
f7 f7 f7 f7 f7 f7 f7 f7 f7 f7 f7 f7 f7 f7 f7 f7
f7 f7 f7 f7 f7 f7 f7 f7 f7 f7 f7 f7 f7 f7 f7 f7
f7 f7 f7 f7 f7 f7 f7 f7 f7 f7 f7 f7 f7 f7 f7 f7
f7 f7 f7 f7 f7 f7 f7 f7 f7 f7 f7 f7 f7 f7 f7 f7
f7 f7 f7 f7 f7 f7 f7 f7 f7 f7 f7 f7 f7 f7 f7 f7
f8 f8 f8 f8 f8 f8 f8 f8 f8 f8 f8 f8 f8 f8 f8 f8
f8 f8 f8 f8 f8 f8 f8 f8 f8 f8 f8 f8 f8 f8 f8 f8
f8 f8 f8 f8 f8 f8 f8 f8 f8 f8 f8 f8 f8 f8 f8 f8
f8 f8 f8 f8 f8 f8 f8 f8 f8 f8 f8 f8 f8 f8 f8 f8
f8 f8 f8 f8 f8 f8 f8 f8 f8 f8 f8 f8 f8 f8 f8 f8
f8 f8 f8 f8 f8 f8 f8 f8 f8 f8 f8 f8 f8 f8 f8 f8
f8 f8 f8 f8 f8 f8 f8 f8 f8 f8 f8 f8 f8 f8 f8 f8
f8 f8 f8 f8 f8 f8 f8 f8 f8 f8 f8 f8 f8 f8 f8 f8
f9 f9 f9 f9 f9 f9 f9 f9 f9 f9 f9 f9 f9 f9 f9 f9
f9 f9 f9 f9 f9 f9 f9 f9 f9 f9 f9 f9 f9 f9 f9 f9
f9 f9 f9 f9 f9 f9 f9 f9 f9 f9 f9 f9 f9 f9 f9 f9
f9 f9 f9 f9 f9 f9 f9 f9 f9 f9 f9 f9 f9 f9 f9 f9
f9 f9 f9 f9 f9 f9 f9 f9 f9 f9 f9 f9 f9 f9 f9 f9
f9 f9 f9 f9 f9 f9 f9 f9 f9 f9 f9 f9 f9 f9 f9 f9
f9 f9 f9 f9 f9 f9 f9 f9 f9 f9 f9 f9 f9 f9 f9 f9
f9 f9 f9 f9 f9 f9 f9 f9 f9 f9 f9 f9 f9 f9 f9 f9
fa fa fa fa fa fa fa fa fa fa fa fa fa fa fa fa
fa fa fa fa fa fa fa fa fa fa fa fa fa fa fa fa
fa fa fa fa fa fa fa fa fa fa fa fa fa fa fa fa
fa fa fa fa fa fa fa fa fa fa fa fa fa fa fa fa
fa fa fa fa fa fa fa fa fa fa fa fa fa fa fa fa
fa fa fa fa fa fa fa fa fa fa fa fa fa fa fa fa
fa fa fa fa fa fa fa fa fa fa fa fa fa fa fa fa
fa fa fa fa fa fa fa fa fa fa fa fa fa fa fa fa
fb fb fb fb fb fb fb fb fb fb fb fb fb fb fb fb
fb fb fb fb fb fb fb fb fb fb fb fb fb fb fb fb
fb fb fb fb fb fb fb fb fb fb fb fb fb fb fb fb
fb fb fb fb fb fb fb fb fb fb fb fb fb fb fb fb
fb fb fb fb fb fb fb fb fb fb fb fb fb fb fb fb
fb fb fb fb fb fb fb fb fb fb fb fb fb fb fb fb
fb fb fb fb fb fb fb fb fb fb fb fb fb fb fb fb
fb fb fb fb fb fb fb fb fb fb fb fb fb fb fb fb
@06c000
f4 f4 f4 f4 f4 f4 f4 f4 f4 f4 f4 f4 f4 f4 f4 f4
f4 f4 f4 f4 f4 f4 f4 f4 f4 f4 f4 f4 f4 f4 f4 f4
f4 f4 f4 f4 f4 f4 f4 f4 f4 f4 f4 f4 f4 f4 f4 f4
f4 f4 f4 f4 f4 f4 f4 f4 f4 f4 f4 f4 f4 f4 f4 f4
f4 f4 f4 f4 f4 f4 f4 f4 f4 f4 f4 f4 f4 f4 f4 f4
f4 f4 f4 f4 f4 f4 f4 f4 f4 f4 f4 f4 f4 f4 f4 f4
f4 f4 f4 f4 f4 f4 f4 f4 f4 f4 f4 f4 f4 f4 f4 f4
f4 f4 f4 f4 f4 f4 f4 f4 f4 f4 f4 f4 f4 f4 f4 f4
f5 f5 f5 f5 f5 f5 f5 f5 f5 f5 f5 f5 f5 f5 f5 f5
f5 f5 f5 f5 f5 f5 f5 f5 f5 f5 f5 f5 f5 f5 f5 f5
f5 f5 f5 f5 f5 f5 f5 f5 f5 f5 f5 f5 f5 f5 f5 f5
f5 f5 f5 f5 f5 f5 f5 f5 f5 f5 f5 f5 f5 f5 f5 f5
f5 f5 f5 f5 f5 f5 f5 f5 f5 f5 f5 f5 f5 f5 f5 f5
f5 f5 f5 f5 f5 f5 f5 f5 f5 f5 f5 f5 f5 f5 f5 f5
f5 f5 f5 f5 f5 f5 f5 f5 f5 f5 f5 f5 f5 f5 f5 f5
f5 f5 f5 f5 f5 f5 f5 f5 f5 f5 f5 f5 f5 f5 f5 f5
f6 f6 f6 f6 f6 f6 f6 f6 f6 f6 f6 f6 f6 f6 f6 f6
f6 f6 f6 f6 f6 f6 f6 f6 f6 f6 f6 f6 f6 f6 f6 f6
f6 f6 f6 f6 f6 f6 f6 f6 f6 f6 f6 f6 f6 f6 f6 f6
f6 f6 f6 f6 f6 f6 f6 f6 f6 f6 f6 f6 f6 f6 f6 f6
f6 f6 f6 f6 f6 f6 f6 f6 f6 f6 f6 f6 f6 f6 f6 f6
f6 f6 f6 f6 f6 f6 f6 f6 f6 f6 f6 f6 f6 f6 f6 f6
f6 f6 f6 f6 f6 f6 f6 f6 f6 f6 f6 f6 f6 f6 f6 f6
f6 f6 f6 f6 f6 f6 f6 f6 f6 f6 f6 f6 f6 f6 f6 f6
f7 f7 f7 f7 f7 f7 f7 f7 f7 f7 f7 f7 f7 f7 f7 f7
f7 f7 f7 f7 f7 f7 f7 f7 f7 f7 f7 f7 f7 f7 f7 f7
f7 f7 f7 f7 f7 f7 f7 f7 f7 f7 f7 f7 f7 f7 f7 f7
f7 f7 f7 f7 f7 f7 f7 f7 f7 f7 f7 f7 f7 f7 f7 f7
f7 f7 f7 f7 f7 f7 f7 f7 f7 f7 f7 f7 f7 f7 f7 f7
f7 f7 f7 f7 f7 f7 f7 f7 f7 f7 f7 f7 f7 f7 f7 f7
f7 f7 f7 f7 f7 f7 f7 f7 f7 f7 f7 f7 f7 f7 f7 f7
f7 f7 f7 f7 f7 f7 f7 f7 f7 f7 f7 f7 f7 f7 f7 f7
f8 f8 f8 f8 f8 f8 f8 f8 f8 f8 f8 f8 f8 f8 f8 f8
f8 f8 f8 f8 f8 f8 f8 f8 f8 f8 f8 f8 f8 f8 f8 f8
f8 f8 f8 f8 f8 f8 f8 f8 f8 f8 f8 f8 f8 f8 f8 f8
f8 f8 f8 f8 f8 f8 f8 f8 f8 f8 f8 f8 f8 f8 f8 f8
f8 f8 f8 f8 f8 f8 f8 f8 f8 f8 f8 f8 f8 f8 f8 f8
f8 f8 f8 f8 f8 f8 f8 f8 f8 f8 f8 f8 f8 f8 f8 f8
f8 f8 f8 f8 f8 f8 f8 f8 f8 f8 f8 f8 f8 f8 f8 f8
f8 f8 f8 f8 f8 f8 f8 f8 f8 f8 f8 f8 f8 f8 f8 f8
f9 f9 f9 f9 f9 f9 f9 f9 f9 f9 f9 f9 f9 f9 f9 f9
f9 f9 f9 f9 f9 f9 f9 f9 f9 f9 f9 f9 f9 f9 f9 f9
f9 f9 f9 f9 f9 f9 f9 f9 f9 f9 f9 f9 f9 f9 f9 f9
f9 f9 f9 f9 f9 f9 f9 f9 f9 f9 f9 f9 f9 f9 f9 f9
f9 f9 f9 f9 f9 f9 f9 f9 f9 f9 f9 f9 f9 f9 f9 f9
f9 f9 f9 f9 f9 f9 f9 f9 f9 f9 f9 f9 f9 f9 f9 f9
f9 f9 f9 f9 f9 f9 f9 f9 f9 f9 f9 f9 f9 f9 f9 f9
f9 f9 f9 f9 f9 f9 f9 f9 f9 f9 f9 f9 f9 f9 f9 f9
fa fa fa fa fa fa fa fa fa fa fa fa fa fa fa fa
fa fa fa fa fa fa fa fa fa fa fa fa fa fa fa fa
fa fa fa fa fa fa fa fa fa fa fa fa fa fa fa fa
fa fa fa fa fa fa fa fa fa fa fa fa fa fa fa fa
fa fa fa fa fa fa fa fa fa fa fa fa fa fa fa fa
fa fa fa fa fa fa fa fa fa fa fa fa fa fa fa fa
fa fa fa fa fa fa fa fa fa fa fa fa fa fa fa fa
fa fa fa fa fa fa fa fa fa fa fa fa fa fa fa fa
fb fb fb fb fb fb fb fb fb fb fb fb fb fb fb fb
fb fb fb fb fb fb fb fb fb fb fb fb fb fb fb fb
fb fb fb fb fb fb fb fb fb fb fb fb fb fb fb fb
fb fb fb fb fb fb fb fb fb fb fb fb fb fb fb fb
fb fb fb fb fb fb fb fb fb fb fb fb fb fb fb fb
fb fb fb fb fb fb fb fb fb fb fb fb fb fb fb fb
fb fb fb fb fb fb fb fb fb fb fb fb fb fb fb fb
fb fb fb fb fb fb fb fb fb fb fb fb fb fb fb fb
@06e000
f4 f4 f4 f4 f4 f4 f4 f4 f4 f4 f4 f4 f4 f4 f4 f4
f4 f4 f4 f4 f4 f4 f4 f4 f4 f4 f4 f4 f4 f4 f4 f4
f5 f5 f5 f5 f5 f5 f5 f5 f5 f5 f5 f5 f5 f5 f5 f5
f5 f5 f5 f5 f5 f5 f5 f5 f5 f5 f5 f5 f5 f5 f5 f5
f6 f6 f6 f6 f6 f6 f6 f6 f6 f6 f6 f6 f6 f6 f6 f6
f6 f6 f6 f6 f6 f6 f6 f6 f6 f6 f6 f6 f6 f6 f6 f6
f7 f7 f7 f7 f7 f7 f7 f7 f7 f7 f7 f7 f7 f7 f7 f7
f7 f7 f7 f7 f7 f7 f7 f7 f7 f7 f7 f7 f7 f7 f7 f7
f8 f8 f8 f8 f8 f8 f8 f8 f8 f8 f8 f8 f8 f8 f8 f8
f8 f8 f8 f8 f8 f8 f8 f8 f8 f8 f8 f8 f8 f8 f8 f8
f9 f9 f9 f9 f9 f9 f9 f9 f9 f9 f9 f9 f9 f9 f9 f9
f9 f9 f9 f9 f9 f9 f9 f9 f9 f9 f9 f9 f9 f9 f9 f9
fa fa fa fa fa fa fa fa fa fa fa fa fa fa fa fa
fa fa fa fa fa fa fa fa fa fa fa fa fa fa fa fa
fb fb fb fb fb fb fb fb fb fb fb fb fb fb fb fb
fb fb fb fb fb fb fb fb fb fb fb fb fb fb fb fb
@070000
00 00 00 00 00 00 00 00 00 00 00 00 00 00 00 00
00 00 00 00 00 00 00 00 00 00 00 00 00 00 00 00
00 00 00 00 00 00 00 00 00 00 00 00 00 00 00 00
00 00 00 00 00 00 00 00 00 00 00 00 00 00 00 00
00 00 00 00 00 00 00 00 00 00 00 00 00 00 00 00
00 00 00 00 00 00 00 00 00 00 00 00 00 00 00 00
00 00 00 00 00 00 00 00 00 00 00 00 00 00 00 00
00 00 00 00 00 00 00 00 00 00 00 00 00 00 00 00
00 00 00 00 00 00 00 00 00 00 00 00 00 00 00 00
00 00 00 00 00 00 00 00 00 00 00 00 00 00 00 00
00 00 00 00 00 00 00 00 00 00 00 00 00 00 00 00
00 00 00 00 00 00 00 00 00 00 00 00 00 00 00 00
00 00 00 00 00 00 00 00 00 00 00 00 00 00 00 00
00 00 00 00 00 00 00 00 00 00 00 00 00 00 00 00
00 00 00 00 00 00 00 00 00 00 00 00 00 00 00 00
00 00 00 00 00 00 00 00 00 00 00 00 00 00 00 00
00 00 00 00 00 00 00 00 00 00 00 00 00 00 00 00
00 00 00 00 00 00 00 00 00 00 00 00 00 00 00 00
00 00 00 00 00 00 00 00 00 00 00 00 00 00 00 00
00 00 00 00 00 00 00 00 00 00 00 00 00 00 00 00
00 00 00 00 00 00 00 00 00 00 00 00 00 00 00 00
00 00 00 00 00 00 00 00 00 00 00 00 00 00 00 00
00 00 00 00 00 00 00 00 00 00 00 00 00 00 00 00
00 00 00 00 00 00 00 00 00 00 00 00 00 00 00 00
00 00 00 00 00 00 00 00 00 00 00 00 00 00 00 00
00 00 00 00 00 00 00 00 00 00 00 00 00 00 00 00
00 00 00 00 00 00 00 00 00 00 00 00 00 00 00 00
00 00 00 00 00 00 00 00 00 00 00 00 00 00 00 00
00 00 00 00 00 00 00 00 00 00 00 00 00 00 00 00
00 00 00 00 00 00 00 00 00 00 00 00 00 00 00 00
00 00 00 00 00 00 00 00 00 00 00 00 00 00 00 00
00 00 00 00 00 00 00 00 00 00 00 00 00 00 00 00
00 00 00 00 00 00 00 00 00 00 00 00 00 00 00 00
00 00 00 00 00 00 00 00 00 00 00 00 00 00 00 00
00 00 00 00 00 00 00 00 00 00 00 00 00 00 00 00
00 00 00 00 00 00 00 00 00 00 00 00 00 00 00 00
00 00 00 00 00 00 00 00 00 00 00 00 00 00 00 00
00 00 00 00 00 00 00 00 00 00 00 00 00 00 00 00
00 00 00 00 00 00 00 00 00 00 00 00 00 00 00 00
00 00 00 00 00 00 00 00 00 00 00 00 00 00 00 00
00 00 00 00 00 00 00 00 00 00 00 00 00 00 00 00
00 00 00 00 00 00 00 00 00 00 00 00 00 00 00 00
00 00 00 00 00 00 00 00 00 00 00 00 00 00 00 00
00 00 00 00 00 00 00 00 00 00 00 00 00 00 00 00
00 00 00 00 00 00 00 00 00 00 00 00 00 00 00 00
00 00 00 00 00 00 00 00 00 00 00 00 00 00 00 00
00 00 00 00 00 00 00 00 00 00 00 00 00 00 00 00
00 00 00 00 00 00 00 00 00 00 00 00 00 00 00 00
00 00 00 00 00 00 00 00 00 00 00 00 00 00 00 00
00 00 00 00 00 00 00 00 00 00 00 00 00 00 00 00
00 00 00 00 00 00 00 00 00 00 00 00 00 00 00 00
00 00 00 00 00 00 00 00 00 00 00 00 00 00 00 00
00 00 00 00 00 00 00 00 00 00 00 00 00 00 00 00
00 00 00 00 00 00 00 00 00 00 00 00 00 00 00 00
00 00 00 00 00 00 00 00 00 00 00 00 00 00 00 00
00 00 00 00 00 00 00 00 00 00 00 00 00 00 00 00
00 00 00 00 00 00 00 00 00 00 00 00 00 00 00 00
00 00 00 00 00 00 00 00 00 00 00 00 00 00 00 00
00 00 00 00 00 00 00 00 00 00 00 00 00 00 00 00
00 00 00 00 00 00 00 00 00 00 00 00 00 00 00 00
00 00 00 00 00 00 00 00 00 00 00 00 00 00 00 00
00 00 00 00 00 00 00 00 00 00 00 00 00 00 00 00
00 00 00 00 00 00 00 00 00 00 00 00 00 00 00 00
00 00 00 00 00 00 00 00 00 00 00 00 00 00 00 00
@072000
00 00 00 00 00 00 00 00 00 00 00 00 00 00 00 00
00 00 00 00 00 00 00 00 00 00 00 00 00 00 00 00
00 00 00 00 00 00 00 00 00 00 00 00 00 00 00 00
00 00 00 00 00 00 00 00 00 00 00 00 00 00 00 00
00 00 00 00 00 00 00 00 00 00 00 00 00 00 00 00
00 00 00 00 00 00 00 00 00 00 00 00 00 00 00 00
00 00 00 00 00 00 00 00 00 00 00 00 00 00 00 00
00 00 00 00 00 00 00 00 00 00 00 00 00 00 00 00
00 00 00 00 00 00 00 00 00 00 00 00 00 00 00 00
00 00 00 00 00 00 00 00 00 00 00 00 00 00 00 00
00 00 00 00 00 00 00 00 00 00 00 00 00 00 00 00
00 00 00 00 00 00 00 00 00 00 00 00 00 00 00 00
00 00 00 00 00 00 00 00 00 00 00 00 00 00 00 00
00 00 00 00 00 00 00 00 00 00 00 00 00 00 00 00
00 00 00 00 00 00 00 00 00 00 00 00 00 00 00 00
00 00 00 00 00 00 00 00 00 00 00 00 00 00 00 00
@074000
f4 f4 f4 f4 f4 f4 f4 f4 f4 f4 f4 f4 f4 f4 f4 f4
f4 f4 f4 f4 f4 f4 f4 f4 f4 f4 f4 f4 f4 f4 f4 f4
f4 f4 f4 f4 f4 f4 f4 f4 f4 f4 f4 f4 f4 f4 f4 f4
f4 f4 f4 f4 f4 f4 f4 f4 f4 f4 f4 f4 f4 f4 f4 f4
f4 f4 f4 f4 f4 f4 f4 f4 f4 f4 f4 f4 f4 f4 f4 f4
f4 f4 f4 f4 f4 f4 f4 f4 f4 f4 f4 f4 f4 f4 f4 f4
f4 f4 f4 f4 f4 f4 f4 f4 f4 f4 f4 f4 f4 f4 f4 f4
f4 f4 f4 f4 f4 f4 f4 f4 f4 f4 f4 f4 f4 f4 f4 f4
f5 f5 f5 f5 f5 f5 f5 f5 f5 f5 f5 f5 f5 f5 f5 f5
f5 f5 f5 f5 f5 f5 f5 f5 f5 f5 f5 f5 f5 f5 f5 f5
f5 f5 f5 f5 f5 f5 f5 f5 f5 f5 f5 f5 f5 f5 f5 f5
f5 f5 f5 f5 f5 f5 f5 f5 f5 f5 f5 f5 f5 f5 f5 f5
f5 f5 f5 f5 f5 f5 f5 f5 f5 f5 f5 f5 f5 f5 f5 f5
f5 f5 f5 f5 f5 f5 f5 f5 f5 f5 f5 f5 f5 f5 f5 f5
f5 f5 f5 f5 f5 f5 f5 f5 f5 f5 f5 f5 f5 f5 f5 f5
f5 f5 f5 f5 f5 f5 f5 f5 f5 f5 f5 f5 f5 f5 f5 f5
f6 f6 f6 f6 f6 f6 f6 f6 f6 f6 f6 f6 f6 f6 f6 f6
f6 f6 f6 f6 f6 f6 f6 f6 f6 f6 f6 f6 f6 f6 f6 f6
f6 f6 f6 f6 f6 f6 f6 f6 f6 f6 f6 f6 f6 f6 f6 f6
f6 f6 f6 f6 f6 f6 f6 f6 f6 f6 f6 f6 f6 f6 f6 f6
f6 f6 f6 f6 f6 f6 f6 f6 f6 f6 f6 f6 f6 f6 f6 f6
f6 f6 f6 f6 f6 f6 f6 f6 f6 f6 f6 f6 f6 f6 f6 f6
f6 f6 f6 f6 f6 f6 f6 f6 f6 f6 f6 f6 f6 f6 f6 f6
f6 f6 f6 f6 f6 f6 f6 f6 f6 f6 f6 f6 f6 f6 f6 f6
f7 f7 f7 f7 f7 f7 f7 f7 f7 f7 f7 f7 f7 f7 f7 f7
f7 f7 f7 f7 f7 f7 f7 f7 f7 f7 f7 f7 f7 f7 f7 f7
f7 f7 f7 f7 f7 f7 f7 f7 f7 f7 f7 f7 f7 f7 f7 f7
f7 f7 f7 f7 f7 f7 f7 f7 f7 f7 f7 f7 f7 f7 f7 f7
f7 f7 f7 f7 f7 f7 f7 f7 f7 f7 f7 f7 f7 f7 f7 f7
f7 f7 f7 f7 f7 f7 f7 f7 f7 f7 f7 f7 f7 f7 f7 f7
f7 f7 f7 f7 f7 f7 f7 f7 f7 f7 f7 f7 f7 f7 f7 f7
f7 f7 f7 f7 f7 f7 f7 f7 f7 f7 f7 f7 f7 f7 f7 f7
f8 f8 f8 f8 f8 f8 f8 f8 f8 f8 f8 f8 f8 f8 f8 f8
f8 f8 f8 f8 f8 f8 f8 f8 f8 f8 f8 f8 f8 f8 f8 f8
f8 f8 f8 f8 f8 f8 f8 f8 f8 f8 f8 f8 f8 f8 f8 f8
f8 f8 f8 f8 f8 f8 f8 f8 f8 f8 f8 f8 f8 f8 f8 f8
f8 f8 f8 f8 f8 f8 f8 f8 f8 f8 f8 f8 f8 f8 f8 f8
f8 f8 f8 f8 f8 f8 f8 f8 f8 f8 f8 f8 f8 f8 f8 f8
f8 f8 f8 f8 f8 f8 f8 f8 f8 f8 f8 f8 f8 f8 f8 f8
f8 f8 f8 f8 f8 f8 f8 f8 f8 f8 f8 f8 f8 f8 f8 f8
f9 f9 f9 f9 f9 f9 f9 f9 f9 f9 f9 f9 f9 f9 f9 f9
f9 f9 f9 f9 f9 f9 f9 f9 f9 f9 f9 f9 f9 f9 f9 f9
f9 f9 f9 f9 f9 f9 f9 f9 f9 f9 f9 f9 f9 f9 f9 f9
f9 f9 f9 f9 f9 f9 f9 f9 f9 f9 f9 f9 f9 f9 f9 f9
f9 f9 f9 f9 f9 f9 f9 f9 f9 f9 f9 f9 f9 f9 f9 f9
f9 f9 f9 f9 f9 f9 f9 f9 f9 f9 f9 f9 f9 f9 f9 f9
f9 f9 f9 f9 f9 f9 f9 f9 f9 f9 f9 f9 f9 f9 f9 f9
f9 f9 f9 f9 f9 f9 f9 f9 f9 f9 f9 f9 f9 f9 f9 f9
fa fa fa fa fa fa fa fa fa fa fa fa fa fa fa fa
fa fa fa fa fa fa fa fa fa fa fa fa fa fa fa fa
fa fa fa fa fa fa fa fa fa fa fa fa fa fa fa fa
fa fa fa fa fa fa fa fa fa fa fa fa fa fa fa fa
fa fa fa fa fa fa fa fa fa fa fa fa fa fa fa fa
fa fa fa fa fa fa fa fa fa fa fa fa fa fa fa fa
fa fa fa fa fa fa fa fa fa fa fa fa fa fa fa fa
fa fa fa fa fa fa fa fa fa fa fa fa fa fa fa fa
fb fb fb fb fb fb fb fb fb fb fb fb fb fb fb fb
fb fb fb fb fb fb fb fb fb fb fb fb fb fb fb fb
fb fb fb fb fb fb fb fb fb fb fb fb fb fb fb fb
fb fb fb fb fb fb fb fb fb fb fb fb fb fb fb fb
fb fb fb fb fb fb fb fb fb fb fb fb fb fb fb fb
fb fb fb fb fb fb fb fb fb fb fb fb fb fb fb fb
fb fb fb fb fb fb fb fb fb fb fb fb fb fb fb fb
fb fb fb fb fb fb fb fb fb fb fb fb fb fb fb fb
@076000
f4 f4 f4 f4 f4 f4 f4 f4 f4 f4 f4 f4 f4 f4 f4 f4
f4 f4 f4 f4 f4 f4 f4 f4 f4 f4 f4 f4 f4 f4 f4 f4
f4 f4 f4 f4 f4 f4 f4 f4 f4 f4 f4 f4 f4 f4 f4 f4
f4 f4 f4 f4 f4 f4 f4 f4 f4 f4 f4 f4 f4 f4 f4 f4
f4 f4 f4 f4 f4 f4 f4 f4 f4 f4 f4 f4 f4 f4 f4 f4
f4 f4 f4 f4 f4 f4 f4 f4 f4 f4 f4 f4 f4 f4 f4 f4
f4 f4 f4 f4 f4 f4 f4 f4 f4 f4 f4 f4 f4 f4 f4 f4
f4 f4 f4 f4 f4 f4 f4 f4 f4 f4 f4 f4 f4 f4 f4 f4
@078000
f4 f4 f4 f4 f4 f4 f4 f4 f4 f4 f4 f4 f4 f4 f4 f4
f4 f4 f4 f4 f4 f4 f4 f4 f4 f4 f4 f4 f4 f4 f4 f4
f4 f4 f4 f4 f4 f4 f4 f4 f4 f4 f4 f4 f4 f4 f4 f4
f4 f4 f4 f4 f4 f4 f4 f4 f4 f4 f4 f4 f4 f4 f4 f4
@07a000
f4 f4 f4 f4 f4 f4 f4 f4 f4 f4 f4 f4 f4 f4 f4 f4
f4 f4 f4 f4 f4 f4 f4 f4 f4 f4 f4 f4 f4 f4 f4 f4
f4 f4 f4 f4 f4 f4 f4 f4 f4 f4 f4 f4 f4 f4 f4 f4
f4 f4 f4 f4 f4 f4 f4 f4 f4 f4 f4 f4 f4 f4 f4 f4
f4 f4 f4 f4 f4 f4 f4 f4 f4 f4 f4 f4 f4 f4 f4 f4
f4 f4 f4 f4 f4 f4 f4 f4 f4 f4 f4 f4 f4 f4 f4 f4
f4 f4 f4 f4 f4 f4 f4 f4 f4 f4 f4 f4 f4 f4 f4 f4
f4 f4 f4 f4 f4 f4 f4 f4 f4 f4 f4 f4 f4 f4 f4 f4
f4 f4 f4 f4 f4 f4 f4 f4 f4 f4 f4 f4 f4 f4 f4 f4
f4 f4 f4 f4 f4 f4 f4 f4 f4 f4 f4 f4 f4 f4 f4 f4
f4 f4 f4 f4 f4 f4 f4 f4 f4 f4 f4 f4 f4 f4 f4 f4
f4 f4 f4 f4 f4 f4 f4 f4 f4 f4 f4 f4 f4 f4 f4 f4
f4 f4 f4 f4 f4 f4 f4 f4 f4 f4 f4 f4 f4 f4 f4 f4
f4 f4 f4 f4 f4 f4 f4 f4 f4 f4 f4 f4 f4 f4 f4 f4
f4 f4 f4 f4 f4 f4 f4 f4 f4 f4 f4 f4 f4 f4 f4 f4
f4 f4 f4 f4 f4 f4 f4 f4 f4 f4 f4 f4 f4 f4 f4 f4
@07c000
f4 f4 f4 f4 f4 f4 f4 f4 f4 f4 f4 f4 f4 f4 f4 f4
f4 f4 f4 f4 f4 f4 f4 f4 f4 f4 f4 f4 f4 f4 f4 f4
f4 f4 f4 f4 f4 f4 f4 f4 f4 f4 f4 f4 f4 f4 f4 f4
f4 f4 f4 f4 f4 f4 f4 f4 f4 f4 f4 f4 f4 f4 f4 f4
