@000000
00 00 00 00 00 00 e8 00 00 00 00 00 00 e8 00 00
00 00 00 00 00 18 f5 00 00 00 00 00 e8 f5 00 00
00 00 00 00 e8 0b 02 00 00 00 00 e8 f5 02 00 00
00 00 00 e8 f5 fe 0f 00 00 00 18 f5 02 0f 00 00
00 00 e8 f5 02 f1 1c 00 00 e8 0b 02 0f 1c 00 00
00 e8 f5 02 0f e4 ea 00 e8 f5 fe 0f 1c ea 00 18
18 f5 02 0f 1c 16 f7 e8 f5 02 f1 1c ea f7 e8 0b
0b 02 0f 1c ea 09 04 f5 02 0f e4 ea f7 04 f5 fe
fe 0f 1c ea f7 fc 11 02 0f 1c 16 f7 04 11 02 f1
f1 1c ea f7 04 ef 1e 0f 1c ea 09 04 11 1e 0f e4
e4 ea f7 04 11 e2 ec 1c ea f7 fc 11 1e ec 1c 16
16 f7 04 11 1e 14 f9 ea f7 04 ef 1e ec f9 ea 09
09 04 11 1e ec 07 06 f7 04 11 e2 ec f9 06 f7 fc
fc 11 1e ec f9 fa 13 04 11 1e 14 f9 06 13 04 ef
ef 1e ec f9 06 ed e1 11 1e ec 07 06 13 e1 11 e2
e2 ec f9 06 13 1f ee 1e ec f9 fa 13 e1 ee 1e 14
14 f9 06 13 e1 12 fb ec f9 06 ed e1 ee fb ec 07
07 06 13 e1 ee 05 08 f9 06 13 1f ee fb 08 f9 fa
fa 13 e1 ee fb f8 15 06 13 e1 12 fb 08 15 06 ed
ed e1 ee fb 08 eb e3 13 e1 ee 05 08 15 e3 13 1f
1f ee fb 08 15 1d f0 e1 ee fb f8 15 e3 f0 e1 12
12 fb 08 15 e3 10 fd ee fb 08 eb e3 f0 fd ee 05
05 08 15 e3 f0 03 0a fb 08 15 1d f0 fd 0a fb f8
f8 15 e3 f0 fd f6 17 08 15 e3 10 fd 0a 17 08 eb
eb e3 f0 fd 0a e9 e5 15 e3 f0 03 0a 17 e5 15 1d
1d f0 fd 0a 17 1b f2 e3 f0 fd f6 17 e5 f2 e3 10
10 fd 0a 17 e5 0e ff f0 fd 0a e9 e5 f2 ff f0 03
03 0a 17 e5 f2 01 0c fd 0a 17 1b f2 ff 0c fd f6
f6 17 e5 f2 ff f4 19 0a 17 e5 0e ff 0c 19 0a e9
e9 e5 f2 ff 0c e7 e7 17 e5 f2 01 0c 19 e7 17 1b
1b f2 ff 0c 19 19 f4 e5 f2 ff f4 19 e7 f4 e5 0e
0e ff 0c 19 e7 0c 01 f2 ff 0c e7 e7 f4 01 f2 01
01 0c 19 e7 f4 ff 0e ff 0c 19 19 f4 01 0e ff f4
f4 19 e7 f4 01 f2 1b 0c 19 e7 0c 01 0e 1b 0c e7
e7 e7 f4 01 0e e5 e9 19 e7 f4 ff 0e 1b e9 19 19
19 f4 01 0e 1b 17 f6 e7 f4 01 f2 1b e9 f6 e7 0c
0c 01 0e 1b e9 0a 03 f4 01 0e e5 e9 f6 03 f4 ff
ff 0e 1b e9 f6 fd 10 01 0e 1b 17 f6 03 10 01 f2
f2 1b e9 f6 03 f0 1d 0e 1b e9 0a 03 10 1d 0e e5
e5 e9 f6 03 10 e3 eb 1b e9 f6 fd 10 1d eb 1b 17
17 f6 03 10 1d 15 f8 e9 f6 03 f0 1d eb f8 e9 0a
0a 03 10 1d eb 08 05 f6 03 10 e3 eb f8 05 f6 fd
fd 10 1d eb f8 fb 12 03 10 1d 15 f8 05 12 03 f0
f0 1d eb f8 05 ee 1f 10 1d eb 08 05 12 1f 10 e3
e3 eb f8 05 12 e1 ed 1d eb f8 fb 12 1f ed 1d 15
15 f8 05 12 1f 13 fa eb f8 05 ee 1f ed fa eb 08
08 05 12 1f ed 06 07 f8 05 12 e1 ed fa 07 f8 fb
fb 12 1f ed fa f9 14 05 12 1f 13 fa 07 14 05 ee
ee 1f ed fa 07 ec e2 12 1f ed 06 07 14 e2 12 e1
e1 ed fa 07 14 1e ef 1f ed fa f9 14 e2 ef 1f 13
13 fa 07 14 e2 11 fc ed fa 07 ec e2 ef fc ed 06
06 07 14 e2 ef 04 09 fa 07 14 1e ef fc 09 fa f9
f9 14 e2 ef fc f7 16 07 14 e2 11 fc 09 16 07 ec
ec e2 ef fc 09 ea e4 14 e2 ef 04 09 16 e4 14 1e
1e ef fc 09 16 1c f1 e2 ef fc f7 16 e4 f1 e2 11
11 fc 09 16 e4 0f fe ef fc 09 ea e4 f1 fe ef 04
04 09 16 e4 f1 02 0b fc 09 16 1c f1 fe 0b fc f7
f7 16 e4 f1 fe f5 18 09 16 e4 0f fe 0b 18 09 ea
ea e4 f1 fe 0b e8 e6 16 e4 f1 02 0b 18 e6 16 1c
1c f1 fe 0b 18 1a f3 e4 f1 fe f5 18 e6 f3 e4 0f
0f fe 0b 18 e6 0d 00 f1 fe 0b e8 e6 f3 00 f1 02
02 0b 18 e6 f3 00 0d fe 0b 18 1a f3 00 0d fe f5
f5 18 e6 f3 00 f3 1a 0b 18 e6 0d 00 0d 1a 0b e8
e8 e6 f3 00 0d e6 e8 18 e6 f3 00 0d 1a e8 18 1a
1a f3 00 0d 1a 18 f5 e6 f3 00 f3 1a e8 f5 e6 0d
0d 00 0d 1a e8 0b 02 f3 00 0d e6 e8 f5 02 f3 00
00 0d 1a e8 f5 fe 0f 00 0d 1a 18 f5 02 0f 00 f3
f3 1a e8 f5 02 f1 1c 0d 1a e8 0b 02 0f 1c 0d e6
e6 e8 f5 02 0f e4 ea 1a e8 f5 fe 0f 1c ea 1a 18
18 f5 02 0f 1c 16 f7 e8 f5 02 f1 1c ea f7 e8 0b
0b 02 0f 1c ea 09 04 f5 02 0f e4 ea f7 04 f5 fe
fe 0f 1c ea f7 fc 11 02 0f 1c 16 f7 04 11 02 f1
f1 1c ea f7 04 ef 1e 0f 1c ea 09 04 11 1e 0f e4
e4 ea f7 04 11 e2 ec 1c ea f7 fc 11 1e ec 1c 16
16 f7 04 11 1e 14 f9 ea f7 04 ef 1e ec f9 ea 09
09 04 11 1e ec 07 06 f7 04 11 e2 ec f9 06 f7 fc
fc 11 1e ec f9 fa 13 04 11 1e 14 f9 06 13 04 ef
ef 1e ec f9 06 ed e1 11 1e ec 07 06 13 e1 11 e2
e2 ec f9 06 13 1f ee 1e ec f9 fa 13 e1 ee 1e 14
14 f9 06 13 e1 12 fb ec f9 06 ed e1 ee fb ec 07
07 06 13 e1 ee 05 08 f9 06 13 1f ee fb 08 f9 fa
fa 13 e1 ee fb f8 15 06 13 e1 12 fb 08 15 06 ed
ed e1 ee fb 08 eb e3 13 e1 ee 05 08 15 e3 13 1f
1f ee fb 08 15 1d f0 e1 ee fb f8 15 e3 f0 e1 12
12 fb 08 15 e3 10 fd ee fb 08 eb e3 f0 fd ee 05
05 08 15 e3 f0 03 0a fb 08 15 1d f0 fd 0a fb f8
f8 15 e3 f0 fd f6 17 08 15 e3 10 fd 0a 17 08 eb
eb e3 f0 fd 0a e9 e5 15 e3 f0 03 0a 17 e5 15 1d
1d f0 fd 0a 17 1b f2 e3 f0 fd f6 17 e5 f2 e3 10
10 fd 0a 17 e5 0e ff f0 fd 0a e9 e5 f2 ff f0 03
03 0a 17 e5 f2 01 0c fd 0a 17 1b f2 ff 0c fd f6
f6 17 e5 f2 ff f4 19 0a 17 e5 0e ff 0c 19 0a e9
e9 e5 f2 ff 0c e7 e7 17 e5 f2 01 0c 19 e7 17 1b
1b f2 ff 0c 19 19 f4 e5 f2 ff f4 19 e7 f4 e5 0e
0e ff 0c 19 e7 0c 01 f2 ff 0c e7 e7 f4 01 f2 01
01 0c 19 e7 f4 ff 0e ff 0c 19 19 f4 01 0e ff f4
f4 19 e7 f4 01 f2 1b 0c 19 e7 0c 01 0e 1b 0c e7
e7 e7 f4 01 0e e5 e9 19 e7 f4 ff 0e 1b e9 19 19
19 f4 01 0e 1b 17 f6 e7 f4 01 f2 1b e9 f6 e7 0c
0c 01 0e 1b e9 0a 03 f4 01 0e e5 e9 f6 03 f4 ff
ff 0e 1b e9 f6 fd 10 01 0e 1b 17 f6 03 10 01 f2
f2 1b e9 f6 03 f0 1d 0e 1b e9 0a 03 10 1d 0e e5
e5 e9 f6 03 10 e3 eb 1b e9 f6 fd 10 1d eb 1b 17
17 f6 03 10 1d 15 f8 e9 f6 03 f0 1d eb f8 e9 0a
0a 03 10 1d eb 08 05 f6 03 10 e3 eb f8 05 f6 fd
fd 10 1d eb f8 fb 12 03 10 1d 15 f8 05 12 03 f0
f0 1d eb f8 05 ee 1f 10 1d eb 08 05 12 1f 10 e3
e3 eb f8 05 12 e1 ed 1d eb f8 fb 12 1f ed 1d 15
15 f8 05 12 1f 13 fa eb f8 05 ee 1f ed fa eb 08
08 05 12 1f ed 06 07 f8 05 12 e1 ed fa 07 f8 fb
fb 12 1f ed fa f9 14 05 12 1f 13 fa 07 14 05 ee
ee 1f ed fa 07 ec e2 12 1f ed 06 07 14 e2 12 e1
e1 ed fa 07 14 1e ef 1f ed fa f9 14 e2 ef 1f 13
13 fa 07 14 e2 11 fc ed fa 07 ec e2 ef fc ed 06
06 07 14 e2 ef 04 09 fa 07 14 1e ef fc 09 fa f9
f9 14 e2 ef fc f7 16 07 14 e2 11 fc 09 16 07 ec
ec e2 ef fc 09 ea e4 14 e2 ef 04 09 16 e4 14 1e
1e ef fc 09 16 1c f1 e2 ef fc f7 16 e4 f1 e2 11
11 fc 09 16 e4 0f fe ef fc 09 ea e4 f1 fe ef 04
04 09 16 e4 f1 02 0b fc 09 16 1c f1 fe 0b fc f7
f7 16 e4 f1 fe f5 18 09 16 e4 0f fe 0b 18 09 ea
ea e4 f1 fe 0b e8 e6 16 e4 f1 02 0b 18 e6 16 1c
1c f1 fe 0b 18 1a f3 e4 f1 fe f5 18 e6 f3 e4 0f
0f fe 0b 18 e6 0d 00 f1 fe 0b e8 e6 f3 00 f1 02
02 0b 18 e6 f3 00 0d fe 0b 18 1a f3 00 0d fe f5
f5 18 e6 f3 00 f3 1a 0b 18 e6 0d 00 0d 1a 0b e8
e8 e6 f3 00 0d e6 e8 18 e6 f3 00 0d 1a e8 18 1a
1a f3 00 0d 1a 18 f5 e6 f3 00 f3 1a e8 f5 e6 0d
0d 00 0d 1a e8 0b 02 f3 00 0d e6 e8 f5 02 f3 00
00 0d 1a e8 f5 fe 0f 00 0d 1a 18 f5 02 0f 00 f3
f3 1a e8 f5 02 f1 1c 0d 1a e8 0b 02 0f 1c 0d e6
e6 e8 f5 02 0f e4 ea 1a e8 f5 fe 0f 1c ea 1a 18
18 f5 02 0f 1c 16 f7 e8 f5 02 f1 1c ea f7 e8 0b
0b 02 0f 1c ea 09 04 f5 02 0f e4 ea f7 04 f5 fe
fe 0f 1c ea f7 fc 11 02 0f 1c 16 f7 04 11 02 f1
f1 1c ea f7 04 ef 1e 0f 1c ea 09 04 11 1e 0f e4
e4 ea f7 04 11 e2 ec 1c ea f7 fc 11 1e ec 1c 16
16 f7 04 11 1e 14 f9 ea f7 04 ef 1e ec f9 ea 09
09 04 11 1e ec 07 06 f7 04 11 e2 ec f9 06 f7 fc
fc 11 1e ec f9 fa 13 04 11 1e 14 f9 06 13 04 ef
ef 1e ec f9 06 ed e1 11 1e ec 07 06 13 e1 11 e2
e2 ec f9 06 13 1f ee 1e ec f9 fa 13 e1 ee 1e 14
14 f9 06 13 e1 12 fb ec f9 06 ed e1 ee fb ec 07
07 06 13 e1 ee 05 08 f9 06 13 1f ee fb 08 f9 fa
fa 13 e1 ee fb f8 15 06 13 e1 12 fb 08 15 06 ed
ed e1 ee fb 08 eb e3 13 e1 ee 05 08 15 e3 13 1f
1f ee fb 08 15 1d f0 e1 ee fb f8 15 e3 f0 e1 12
12 fb 08 15 e3 10 fd ee fb 08 eb e3 f0 fd ee 05
05 08 15 e3 f0 03 0a fb 08 15 1d f0 fd 0a fb f8
f8 15 e3 f0 fd f6 17 08 15 e3 10 fd 0a 17 08 eb
eb e3 f0 fd 0a e9 e5 15 e3 f0 03 0a 17 e5 15 1d
1d f0 fd 0a 17 1b f2 e3 f0 fd f6 17 e5 f2 e3 10
10 fd 0a 17 e5 0e ff f0 fd 0a e9 e5 f2 ff f0 03
03 0a 17 e5 f2 01 0c fd 0a 17 1b f2 ff 0c fd f6
f6 17 e5 f2 ff f4 19 0a 17 e5 0e ff 0c 19 0a e9
e9 e5 f2 ff 0c e7 e7 17 e5 f2 01 0c 19 e7 17 1b
1b f2 ff 0c 19 19 f4 e5 f2 ff f4 19 e7 f4 e5 0e
0e ff 0c 19 e7 0c 01 f2 ff 0c e7 e7 f4 01 f2 01
01 0c 19 e7 f4 ff 0e ff 0c 19 19 f4 01 0e ff f4
f4 19 e7 f4 01 f2 1b 0c 19 e7 0c 01 0e 1b 0c e7
e7 e7 f4 01 0e e5 e9 19 e7 f4 ff 0e 1b e9 19 19
19 f4 01 0e 1b 17 f6 e7 f4 01 f2 1b e9 f6 e7 0c
0c 01 0e 1b e9 0a 03 f4 01 0e e5 e9 f6 03 f4 ff
ff 0e 1b e9 f6 fd 10 01 0e 1b 17 f6 03 10 01 f2
f2 1b e9 f6 03 f0 1d 0e 1b e9 0a 03 10 1d 0e e5
e5 e9 f6 03 10 e3 eb 1b e9 f6 fd 10 1d eb 1b 17
17 f6 03 10 1d 15 f8 e9 f6 03 f0 1d eb f8 e9 0a
0a 03 10 1d eb 08 05 f6 03 10 e3 eb f8 05 f6 fd
fd 10 1d eb f8 fb 12 03 10 1d 15 f8 05 12 03 f0
f0 1d eb f8 05 ee 1f 10 1d eb 08 05 12 1f 10 e3
e3 eb f8 05 12 e1 ed 1d eb f8 fb 12 1f ed 1d 15
15 f8 05 12 1f 13 fa eb f8 05 ee 1f ed fa eb 08
08 05 12 1f ed 06 07 f8 05 12 e1 ed fa 07 f8 fb
fb 12 1f ed fa f9 14 05 12 1f 13 fa 07 14 05 ee
ee 1f ed fa 07 ec e2 12 1f ed 06 07 14 e2 12 e1
e1 ed fa 07 14 1e ef 1f ed fa f9 14 e2 ef 1f 13
13 fa 07 14 e2 11 fc ed fa 07 ec e2 ef fc ed 06
06 07 14 e2 ef 04 09 fa 07 14 1e ef fc 09 fa f9
f9 14 e2 ef fc f7 16 07 14 e2 11 fc 09 16 07 ec
ec e2 ef fc 09 ea e4 14 e2 ef 04 09 16 e4 14 1e
1e ef fc 09 16 1c f1 e2 ef fc f7 16 e4 f1 e2 11
11 fc 09 16 e4 0f fe ef fc 09 ea e4 f1 fe ef 04
04 09 16 e4 f1 02 0b fc 09 16 1c f1 fe 0b fc f7
f7 16 e4 f1 fe f5 18 09 16 e4 0f fe 0b 18 09 ea
ea e4 f1 fe 0b e8 e6 16 e4 f1 02 0b 18 e6 16 1c
1c f1 fe 0b 18 1a f3 e4 f1 fe f5 18 e6 f3 e4 0f
0f fe 0b 18 e6 0d 00 f1 fe 0b e8 e6 f3 00 f1 02
02 0b 18 e6 f3 00 0d fe 0b 18 1a f3 00 0d fe f5
f5 18 e6 f3 00 f3 1a 0b 18 e6 0d 00 0d 1a 0b e8
e8 e6 f3 00 0d e6 e8 18 e6 f3 00 0d 1a e8 18 1a
1a f3 00 0d 1a 18 f5 e6 f3 00 f3 1a e8 f5 e6 0d
0d 00 0d 1a e8 0b 02 f3 00 0d e6 e8 f5 02 f3 00
00 0d 1a e8 f5 fe 0f 00 0d 1a 18 f5 02 0f 00 f3
f3 1a e8 f5 02 f1 1c 0d 1a e8 0b 02 0f 1c 0d e6
e6 e8 f5 02 0f e4 ea 1a e8 f5 fe 0f 1c ea 1a 18
18 f5 02 0f 1c 16 f7 e8 f5 02 f1 1c ea f7 e8 0b
0b 02 0f 1c ea 09 04 f5 02 0f e4 ea f7 04 f5 fe
fe 0f 1c ea f7 fc 11 02 0f 1c 16 f7 04 11 02 f1
f1 1c ea f7 04 ef 1e 0f 1c ea 09 04 11 1e 0f e4
e4 ea f7 04 11 e2 ec 1c ea f7 fc 11 1e ec 1c 16
16 f7 04 11 1e 14 f9 ea f7 04 ef 1e ec f9 ea 09
09 04 11 1e ec 07 06 f7 04 11 e2 ec f9 06 f7 fc
fc 11 1e ec f9 fa 13 04 11 1e 14 f9 06 13 04 ef
ef 1e ec f9 06 ed e1 11 1e ec 07 06 13 e1 11 e2
e2 ec f9 06 13 1f ee 1e ec f9 fa 13 e1 ee 1e 14
14 f9 06 13 e1 12 fb ec f9 06 ed e1 ee fb ec 07
07 06 13 e1 ee 05 08 f9 06 13 1f ee fb 08 f9 fa
fa 13 e1 ee fb f8 15 06 13 e1 12 fb 08 15 06 ed
ed e1 ee fb 08 eb e3 13 e1 ee 05 08 15 e3 13 1f
1f ee fb 08 15 1d f0 e1 ee fb f8 15 e3 f0 e1 12
12 fb 08 15 e3 10 fd ee fb 08 eb e3 f0 fd ee 05
05 08 15 e3 f0 03 0a fb 08 15 1d f0 fd 0a fb f8
f8 15 e3 f0 fd f6 17 08 15 e3 10 fd 0a 17 08 eb
eb e3 f0 fd 0a e9 e5 15 e3 f0 03 0a 17 e5 15 1d
1d f0 fd 0a 17 1b f2 e3 f0 fd f6 17 e5 f2 e3 10
10 fd 0a 17 e5 0e ff f0 fd 0a e9 e5 f2 ff f0 03
03 0a 17 e5 f2 01 0c fd 0a 17 1b f2 ff 0c fd f6
f6 17 e5 f2 ff f4 19 0a 17 e5 0e ff 0c 19 0a e9
e9 e5 f2 ff 0c e7 e7 17 e5 f2 01 0c 19 e7 17 1b
1b f2 ff 0c 19 19 f4 e5 f2 ff f4 19 e7 f4 e5 0e
0e ff 0c 19 e7 0c 01 f2 ff 0c e7 e7 f4 01 f2 01
01 0c 19 e7 f4 ff 0e ff 0c 19 19 f4 01 0e ff f4
f4 19 e7 f4 01 f2 1b 0c 19 e7 0c 01 0e 1b 0c e7
e7 e7 f4 01 0e e5 e9 19 e7 f4 ff 0e 1b e9 19 19
19 f4 01 0e 1b 17 f6 e7 f4 01 f2 1b e9 f6 e7 0c
0c 01 0e 1b e9 0a 03 f4 01 0e e5 e9 f6 03 f4 ff
ff 0e 1b e9 f6 fd 10 01 0e 1b 17 f6 03 10 01 f2
f2 1b e9 f6 03 f0 1d 0e 1b e9 0a 03 10 1d 0e e5
e5 e9 f6 03 10 e3 eb 1b e9 f6 fd 10 1d eb 1b 17
17 f6 03 10 1d 15 f8 e9 f6 03 f0 1d eb f8 e9 0a
0a 03 10 1d eb 08 05 f6 03 10 e3 eb f8 05 f6 fd
fd 10 1d eb f8 fb 12 03 10 1d 15 f8 05 12 03 f0
f0 1d eb f8 05 ee 1f 10 1d eb 08 05 12 1f 10 e3
e3 eb f8 05 12 e1 ed 1d eb f8 fb 12 1f ed 1d 15
15 f8 05 12 1f 13 fa eb f8 05 ee 1f ed fa eb 08
08 05 12 1f ed 06 07 f8 05 12 e1 ed fa 07 f8 fb
fb 12 1f ed fa f9 14 05 12 1f 13 fa 07 14 05 ee
ee 1f ed fa 07 ec e2 12 1f ed 06 07 14 e2 12 e1
e1 ed fa 07 14 1e ef 1f ed fa f9 14 e2 ef 1f 13
13 fa 07 14 e2 11 fc ed fa 07 ec e2 ef fc ed 06
06 07 14 e2 ef 04 09 fa 07 14 1e ef fc 09 fa f9
f9 14 e2 ef fc f7 16 07 14 e2 11 fc 09 16 07 ec
ec e2 ef fc 09 ea e4 14 e2 ef 04 09 16 e4 14 1e
1e ef fc 09 16 1c f1 e2 ef fc f7 16 e4 f1 e2 11
11 fc 09 16 e4 0f fe ef fc 09 ea e4 f1 fe ef 04
04 09 16 e4 f1 02 0b fc 09 16 1c f1 fe 0b fc f7
f7 16 e4 f1 fe f5 18 09 16 e4 0f fe 0b 18 09 ea
ea e4 f1 fe 0b e8 e6 16 e4 f1 02 0b 18 e6 16 1c
1c f1 fe 0b 18 1a f3 e4 f1 fe f5 18 e6 f3 e4 0f
0f fe 0b 18 e6 0d 00 f1 fe 0b e8 e6 f3 00 f1 02
02 0b 18 e6 f3 00 0d fe 0b 18 1a f3 00 0d fe f5
f5 18 e6 f3 00 f3 1a 0b 18 e6 0d 00 0d 1a 0b e8
e8 e6 f3 00 0d e6 e8 18 e6 f3 00 0d 1a e8 18 1a
1a f3 00 0d 1a 18 f5 e6 f3 00 f3 1a e8 f5 e6 0d
0d 00 0d 1a e8 0b 02 f3 00 0d e6 e8 f5 02 f3 00
00 0d 1a e8 f5 fe 0f 00 0d 1a 18 f5 02 0f 00 f3
f3 1a e8 f5 02 f1 1c 0d 1a e8 0b 02 0f 1c 0d e6
e6 e8 f5 02 0f e4 ea 1a e8 f5 fe 0f 1c ea 1a 18
18 f5 02 0f 1c 16 f7 e8 f5 02 f1 1c ea f7 e8 0b
0b 02 0f 1c ea 09 04 f5 02 0f e4 ea f7 04 f5 fe
fe 0f 1c ea f7 fc 11 02 0f 1c 16 f7 04 11 02 f1
f1 1c ea f7 04 ef 1e 0f 1c ea 09 04 11 1e 0f e4
e4 ea f7 04 11 e2 ec 1c ea f7 fc 11 1e ec 1c 16
16 f7 04 11 1e 14 f9 ea f7 04 ef 1e ec f9 ea 09
09 04 11 1e ec 07 06 f7 04 11 e2 ec f9 06 f7 fc
fc 11 1e ec f9 fa 13 04 11 1e 14 f9 06 13 04 ef
ef 1e ec f9 06 ed e1 11 1e ec 07 06 13 e1 11 e2
e2 ec f9 06 13 1f ee 1e ec f9 fa 13 e1 ee 1e 14
14 f9 06 13 e1 12 fb ec f9 06 ed e1 ee fb ec 07
07 06 13 e1 ee 05 08 f9 06 13 1f ee fb 08 f9 fa
fa 13 e1 ee fb f8 15 06 13 e1 12 fb 08 15 06 ed
ed e1 ee fb 08 eb e3 13 e1 ee 05 08 15 e3 13 1f
1f ee fb 08 15 1d f0 e1 ee fb f8 15 e3 f0 e1 12
12 fb 08 15 e3 10 fd ee fb 08 eb e3 f0 fd ee 05
05 08 15 e3 f0 03 0a fb 08 15 1d f0 fd 0a fb f8
f8 15 e3 f0 fd f6 17 08 15 e3 10 fd 0a 17 08 eb
eb e3 f0 fd 0a e9 e5 15 e3 f0 03 0a 17 e5 15 1d
1d f0 fd 0a 17 1b f2 e3 f0 fd f6 17 e5 f2 e3 10
10 fd 0a 17 e5 0e ff f0 fd 0a e9 e5 f2 ff f0 03
03 0a 17 e5 f2 01 0c fd 0a 17 1b f2 ff 0c fd f6
f6 17 e5 f2 ff f4 19 0a 17 e5 0e ff 0c 19 0a e9
e9 e5 f2 ff 0c e7 e7 17 e5 f2 01 0c 19 e7 17 1b
1b f2 ff 0c 19 19 f4 e5 f2 ff f4 19 e7 f4 e5 0e
0e ff 0c 19 e7 0c 01 f2 ff 0c e7 e7 f4 01 f2 01
01 0c 19 e7 f4 ff 0e ff 0c 19 19 f4 01 0e ff f4
f4 19 e7 f4 01 f2 1b 0c 19 e7 0c 01 0e 1b 0c e7
e7 e7 f4 01 0e e5 e9 19 e7 f4 ff 0e 1b e9 19 19
19 f4 01 0e 1b 17 f6 e7 f4 01 f2 1b e9 f6 e7 0c
0c 01 0e 1b e9 0a 03 f4 01 0e e5 e9 f6 03 f4 ff
ff 0e 1b e9 f6 fd 10 01 0e 1b 17 f6 03 10 01 f2
f2 1b e9 f6 03 f0 1d 0e 1b e9 0a 03 10 1d 0e e5
e5 e9 f6 03 10 e3 eb 1b e9 f6 fd 10 1d eb 1b 17
17 f6 03 10 1d 15 f8 e9 f6 03 f0 1d eb f8 e9 0a
0a 03 10 1d eb 08 05 f6 03 10 e3 eb f8 05 f6 fd
fd 10 1d eb f8 fb 12 03 10 1d 15 f8 05 12 03 f0
f0 1d eb f8 05 ee 1f 10 1d eb 08 05 12 1f 10 e3
e3 eb f8 05 12 e1 ed 1d eb f8 fb 12 1f ed 1d 15
15 f8 05 12 1f 13 fa eb f8 05 ee 1f ed fa eb 08
08 05 12 1f ed 06 07 f8 05 12 e1 ed fa 07 f8 fb
fb 12 1f ed fa f9 14 05 12 1f 13 fa 07 14 05 ee
ee 1f ed fa 07 ec e2 12 1f ed 06 07 14 e2 12 e1
e1 ed fa 07 14 1e ef 1f ed fa f9 14 e2 ef 1f 13
13 fa 07 14 e2 11 fc ed fa 07 ec e2 ef fc ed 06
06 07 14 e2 ef 04 09 fa 07 14 1e ef fc 09 fa f9
f9 14 e2 ef fc f7 16 07 14 e2 11 fc 09 16 07 ec
ec e2 ef fc 09 ea e4 14 e2 ef 04 09 16 e4 14 1e
1e ef fc 09 16 1c f1 e2 ef fc f7 16 e4 f1 e2 11
11 fc 09 16 e4 0f fe ef fc 09 ea e4 f1 fe ef 04
04 09 16 e4 f1 02 0b fc 09 16 1c f1 fe 0b fc f7
f7 16 e4 f1 fe f5 18 09 16 e4 0f fe 0b 18 09 ea
ea e4 f1 fe 0b e8 e6 16 e4 f1 02 0b 18 e6 16 1c
1c f1 fe 0b 18 1a f3 e4 f1 fe f5 18 e6 f3 e4 0f
0f fe 0b 18 e6 0d 00 f1 fe 0b e8 e6 f3 00 f1 02
02 0b 18 e6 f3 00 0d fe 0b 18 1a f3 00 0d fe f5
f5 18 e6 f3 00 f3 1a 0b 18 e6 0d 00 0d 1a 0b e8
e8 e6 f3 00 0d e6 e8 18 e6 f3 00 0d 1a e8 18 1a
1a f3 00 0d 1a 18 f5 e6 f3 00 f3 1a e8 f5 e6 0d
0d 00 0d 1a e8 0b 02 f3 00 0d e6 e8 f5 02 f3 00
00 0d 1a e8 f5 fe 0f 00 0d 1a 18 f5 02 0f 00 f3
f3 1a e8 f5 02 f1 1c 0d 1a e8 0b 02 0f 1c 0d e6
@002000
00 00 00 00 00 00 00 00 00 00 00 00 00 00 00 00
00 00 00 00 18 00 00 00 00 00 00 00 18 00 00 00
00 00 00 00 0b 00 00 00 00 00 00 00 0b 00 00 00
00 00 00 00 fe 00 00 00 00 00 00 00 fe 00 00 00
00 00 00 00 f4 00 00 00 00 18 00 00 f4 00 00 00
00 00 00 18 ed 00 00 ef 00 0b 00 ef ed 00 00 00
00 ef 00 0b 16 18 00 f7 00 fe 00 f7 16 00 00 00
00 f7 00 fe 09 0b 00 02 00 f4 18 02 09 00 18 00
00 02 00 f4 fc fe 00 0f ef ed 0b 0f fc 00 0b 00
00 0f ef ed f3 f4 ef 1c f7 16 fe 1c f3 00 fe 00
ef 1c f7 16 ed ed f7 f0 02 09 f4 f0 ed 00 f4 ef
f7 f0 02 09 14 16 02 f8 0f fc ed f8 14 ef ed f7
02 f8 0f fc 07 09 0f 04 1c f3 16 04 07 f7 16 02
0f 04 1c f3 fb fc 1c 11 f0 ed 09 11 fb 02 09 0f
1c 11 f0 ed f2 f3 f0 1e f8 14 fc 1e f2 0f fc 1c
f0 1e f8 14 1f ed f8 f1 04 07 f3 f1 1f 1c f3 f0
f8 f1 04 07 12 14 04 fa 11 fb ed fa 12 f0 ed f8
04 fa 11 fb 05 07 11 06 1e f2 14 06 05 f8 14 04
11 06 1e f2 f9 fb 1e 13 f1 1f 07 13 f9 04 07 11
1e 13 f1 1f f1 f2 f1 ec fa 12 fb ec f1 11 fb 1e
f1 ec fa 12 1d 1f fa f2 06 05 f2 f2 1d 1e f2 f1
fa f2 06 05 10 12 06 fb 13 f9 1f fb 10 f1 1f fa
06 fb 13 f9 03 05 13 08 ec f1 12 08 03 fa 12 06
13 08 ec f1 f7 f9 ec 15 f2 1d 05 15 f7 06 05 13
ec 15 f2 1d f0 f1 f2 ed fb 10 f9 ed f0 13 f9 ec
f2 ed fb 10 1b 1d fb f3 08 03 f1 f3 1b ec f1 f2
fb f3 08 03 0e 10 08 fd 15 f7 1d fd 0e f2 1d fb
08 fd 15 f7 01 03 15 0a ed f0 10 0a 01 fb 10 08
15 0a ed f0 f6 f7 ed 17 f3 1b 03 17 f6 08 03 15
ed 17 f3 1b ef f0 f3 ee fd 0e f7 ee ef 15 f7 ed
f3 ee fd 0e 19 1b fd f5 0a 01 f0 f5 19 ed f0 f3
fd f5 0a 01 0c 0e 0a ff 17 f6 1b ff 0c f3 1b fd
0a ff 17 f6 ff 01 17 0c ee ef 0e 0c ff fd 0e 0a
17 0c ee ef f5 f6 ee 19 f5 19 01 19 f5 0a 01 17
ee 19 f5 19 ee ef f5 ef ff 0c f6 ef ee 17 f6 ee
f5 ef ff 0c 17 19 ff f6 0c ff ef f6 17 ee ef f5
ff f6 0c ff 0a 0c 0c 01 19 f5 19 01 0a f5 19 ff
0c 01 19 f5 fd ff 19 0e ef ee 0c 0e fd ff 0c 0c
19 0e ef ee f3 f5 ef 1b f6 17 ff 1b f3 0c ff 19
ef 1b f6 17 ed ee f6 f0 01 0a f5 f0 ed 19 f5 ef
f6 f0 01 0a 15 17 01 f7 0e fd ee f7 15 ef ee f6
01 f7 0e fd 08 0a 0e 03 1b f3 17 03 08 f6 17 01
0e 03 1b f3 fb fd 1b 10 f0 ed 0a 10 fb 01 0a 0e
1b 10 f0 ed f2 f3 f0 1d f7 15 fd 1d f2 0e fd 1b
f0 1d f7 15 ec ed f7 f1 03 08 f3 f1 ec 1b f3 f0
f7 f1 03 08 13 15 03 f9 10 fb ed f9 13 f0 ed f7
03 f9 10 fb 06 08 10 05 1d f2 15 05 06 f7 15 03
10 05 1d f2 fa fb 1d 12 f1 ec 08 12 fa 03 08 10
1d 12 f1 ec f1 f2 f1 1f f9 13 fb 1f f1 10 fb 1d
f1 1f f9 13 1e ec f9 f2 05 06 f2 f2 1e 1d f2 f1
f9 f2 05 06 11 13 05 fb 12 fa ec fb 11 f1 ec f9
05 fb 12 fa 04 06 12 07 1f f1 13 07 04 f9 13 05
12 07 1f f1 f8 fa 1f 14 f2 1e 06 14 f8 05 06 12
1f 14 f2 1e f0 f1 f2 ed fb 11 fa ed f0 12 fa 1f
f2 ed fb 11 1c 1e fb f3 07 04 f1 f3 1c 1f f1 f2
fb f3 07 04 0f 11 07 fc 14 f8 1e fc 0f f2 1e fb
07 fc 14 f8 02 04 14 09 ed f0 11 09 02 fb 11 07
14 09 ed f0 f7 f8 ed 16 f3 1c 04 16 f7 07 04 14
ed 16 f3 1c ef f0 f3 ed fc 0f f8 ed ef 14 f8 ed
f3 ed fc 0f 1a 1c fc f4 09 02 f0 f4 1a ed f0 f3
fc f4 09 02 0d 0f 09 fe 16 f7 1c fe 0d f3 1c fc
09 fe 16 f7 00 02 16 0b ed ef 0f 0b 00 fc 0f 09
16 0b ed ef f5 f7 ed 18 f4 1a 02 18 f5 09 02 16
ed 18 f4 1a ee ef f4 ee fe 0d f7 ee ee 16 f7 ed
f4 ee fe 0d 18 1a fe f5 0b 00 ef f5 18 ed ef f4
fe f5 0b 00 0b 0d 0b 00 18 f5 1a 00 0b f4 1a fe
0b 00 18 f5 fe 00 18 0d ee ee 0d 0d fe fe 0d 0b
18 0d ee ee f4 f5 ee 1a f5 18 00 1a f4 0b 00 18
ee 1a f5 18 ed ee f5 ef 00 0b f5 ef ed 18 f5 ee
f5 ef 00 0b 16 18 00 f7 0d fe ee f7 16 ee ee f5
00 f7 0d fe 09 0b 0d 02 1a f4 18 02 09 f5 18 00
0d 02 1a f4 fc fe 1a 0f ef ed 0b 0f fc 00 0b 0d
1a 0f ef ed f3 f4 ef 1c f7 16 fe 1c f3 0d fe 1a
ef 1c f7 16 ed ed f7 f0 02 09 f4 f0 ed 1a f4 ef
f7 f0 02 09 14 16 02 f8 0f fc ed f8 14 ef ed f7
02 f8 0f fc 07 09 0f 04 1c f3 16 04 07 f7 16 02
0f 04 1c f3 fb fc 1c 11 f0 ed 09 11 fb 02 09 0f
1c 11 f0 ed f2 f3 f0 1e f8 14 fc 1e f2 0f fc 1c
f0 1e f8 14 1f ed f8 f1 04 07 f3 f1 1f 1c f3 f0
f8 f1 04 07 12 14 04 fa 11 fb ed fa 12 f0 ed f8
04 fa 11 fb 05 07 11 06 1e f2 14 06 05 f8 14 04
11 06 1e f2 f9 fb 1e 13 f1 1f 07 13 f9 04 07 11
1e 13 f1 1f f1 f2 f1 ec fa 12 fb ec f1 11 fb 1e
f1 ec fa 12 1d 1f fa f2 06 05 f2 f2 1d 1e f2 f1
fa f2 06 05 10 12 06 fb 13 f9 1f fb 10 f1 1f fa
06 fb 13 f9 03 05 13 08 ec f1 12 08 03 fa 12 06
13 08 ec f1 f7 f9 ec 15 f2 1d 05 15 f7 06 05 13
ec 15 f2 1d f0 f1 f2 ed fb 10 f9 ed f0 13 f9 ec
f2 ed fb 10 1b 1d fb f3 08 03 f1 f3 1b ec f1 f2
fb f3 08 03 0e 10 08 fd 15 f7 1d fd 0e f2 1d fb
08 fd 15 f7 01 03 15 0a ed f0 10 0a 01 fb 10 08
15 0a ed f0 f6 f7 ed 17 f3 1b 03 17 f6 08 03 15
ed 17 f3 1b ef f0 f3 ee fd 0e f7 ee ef 15 f7 ed
f3 ee fd 0e 19 1b fd f5 0a 01 f0 f5 19 ed f0 f3
fd f5 0a 01 0c 0e 0a ff 17 f6 1b ff 0c f3 1b fd
0a ff 17 f6 ff 01 17 0c ee ef 0e 0c ff fd 0e 0a
17 0c ee ef f5 f6 ee 19 f5 19 01 19 f5 0a 01 17
ee 19 f5 19 ee ef f5 ef ff 0c f6 ef ee 17 f6 ee
f5 ef ff 0c 17 19 ff f6 0c ff ef f6 17 ee ef f5
ff f6 0c ff 0a 0c 0c 01 19 f5 19 01 0a f5 19 ff
0c 01 19 f5 fd ff 19 0e ef ee 0c 0e fd ff 0c 0c
19 0e ef ee f3 f5 ef 1b f6 17 ff 1b f3 0c ff 19
ef 1b f6 17 ed ee f6 f0 01 0a f5 f0 ed 19 f5 ef
f6 f0 01 0a 15 17 01 f7 0e fd ee f7 15 ef ee f6
01 f7 0e fd 08 0a 0e 03 1b f3 17 03 08 f6 17 01
0e 03 1b f3 fb fd 1b 10 f0 ed 0a 10 fb 01 0a 0e
1b 10 f0 ed f2 f3 f0 1d f7 15 fd 1d f2 0e fd 1b
f0 1d f7 15 ec ed f7 f1 03 08 f3 f1 ec 1b f3 f0
f7 f1 03 08 13 15 03 f9 10 fb ed f9 13 f0 ed f7
03 f9 10 fb 06 08 10 05 1d f2 15 05 06 f7 15 03
10 05 1d f2 fa fb 1d 12 f1 ec 08 12 fa 03 08 10
1d 12 f1 ec f1 f2 f1 1f f9 13 fb 1f f1 10 fb 1d
f1 1f f9 13 1e ec f9 f2 05 06 f2 f2 1e 1d f2 f1
f9 f2 05 06 11 13 05 fb 12 fa ec fb 11 f1 ec f9
05 fb 12 fa 04 06 12 07 1f f1 13 07 04 f9 13 05
12 07 1f f1 f8 fa 1f 14 f2 1e 06 14 f8 05 06 12
1f 14 f2 1e f0 f1 f2 ed fb 11 fa ed f0 12 fa 1f
f2 ed fb 11 1c 1e fb f3 07 04 f1 f3 1c 1f f1 f2
fb f3 07 04 0f 11 07 fc 14 f8 1e fc 0f f2 1e fb
07 fc 14 f8 02 04 14 09 ed f0 11 09 02 fb 11 07
14 09 ed f0 f7 f8 ed 16 f3 1c 04 16 f7 07 04 14
ed 16 f3 1c ef f0 f3 ed fc 0f f8 ed ef 14 f8 ed
f3 ed fc 0f 1a 1c fc f4 09 02 f0 f4 1a ed f0 f3
fc f4 09 02 0d 0f 09 fe 16 f7 1c fe 0d f3 1c fc
09 fe 16 f7 00 02 16 0b ed ef 0f 0b 00 fc 0f 09
16 0b ed ef f5 f7 ed 18 f4 1a 02 18 f5 09 02 16
ed 18 f4 1a ee ef f4 ee fe 0d f7 ee ee 16 f7 ed
f4 ee fe 0d 18 1a fe f5 0b 00 ef f5 18 ed ef f4
fe f5 0b 00 0b 0d 0b 00 18 f5 1a 00 0b f4 1a fe
0b 00 18 f5 fe 00 18 0d ee ee 0d 0d fe fe 0d 0b
18 0d ee ee f4 f5 ee 1a f5 18 00 1a f4 0b 00 18
ee 1a f5 18 ed ee f5 ef 00 0b f5 ef ed 18 f5 ee
f5 ef 00 0b 16 18 00 f7 0d fe ee f7 16 ee ee f5
00 f7 0d fe 09 0b 0d 02 1a f4 18 02 09 f5 18 00
0d 02 1a f4 fc fe 1a 0f ef ed 0b 0f fc 00 0b 0d
1a 0f ef ed f3 f4 ef 1c f7 16 fe 1c f3 0d fe 1a
ef 1c f7 16 ed ed f7 f0 02 09 f4 f0 ed 1a f4 ef
f7 f0 02 09 14 16 02 f8 0f fc ed f8 14 ef ed f7
02 f8 0f fc 07 09 0f 04 1c f3 16 04 07 f7 16 02
0f 04 1c f3 fb fc 1c 11 f0 ed 09 11 fb 02 09 0f
1c 11 f0 ed f2 f3 f0 1e f8 14 fc 1e f2 0f fc 1c
f0 1e f8 14 1f ed f8 f1 04 07 f3 f1 1f 1c f3 f0
f8 f1 04 07 12 14 04 fa 11 fb ed fa 12 f0 ed f8
04 fa 11 fb 05 07 11 06 1e f2 14 06 05 f8 14 04
11 06 1e f2 f9 fb 1e 13 f1 1f 07 13 f9 04 07 11
1e 13 f1 1f f1 f2 f1 ec fa 12 fb ec f1 11 fb 1e
f1 ec fa 12 1d 1f fa f2 06 05 f2 f2 1d 1e f2 f1
fa f2 06 05 10 12 06 fb 13 f9 1f fb 10 f1 1f fa
06 fb 13 f9 03 05 13 08 ec f1 12 08 03 fa 12 06
13 08 ec f1 f7 f9 ec 15 f2 1d 05 15 f7 06 05 13
ec 15 f2 1d f0 f1 f2 ed fb 10 f9 ed f0 13 f9 ec
f2 ed fb 10 1b 1d fb f3 08 03 f1 f3 1b ec f1 f2
fb f3 08 03 0e 10 08 fd 15 f7 1d fd 0e f2 1d fb
08 fd 15 f7 01 03 15 0a ed f0 10 0a 01 fb 10 08
15 0a ed f0 f6 f7 ed 17 f3 1b 03 17 f6 08 03 15
ed 17 f3 1b ef f0 f3 ee fd 0e f7 ee ef 15 f7 ed
f3 ee fd 0e 19 1b fd f5 0a 01 f0 f5 19 ed f0 f3
fd f5 0a 01 0c 0e 0a ff 17 f6 1b ff 0c f3 1b fd
0a ff 17 f6 ff 01 17 0c ee ef 0e 0c ff fd 0e 0a
17 0c ee ef f5 f6 ee 19 f5 19 01 19 f5 0a 01 17
ee 19 f5 19 ee ef f5 ef ff 0c f6 ef ee 17 f6 ee
f5 ef ff 0c 17 19 ff f6 0c ff ef f6 17 ee ef f5
ff f6 0c ff 0a 0c 0c 01 19 f5 19 01 0a f5 19 ff
0c 01 19 f5 fd ff 19 0e ef ee 0c 0e fd ff 0c 0c
19 0e ef ee f3 f5 ef 1b f6 17 ff 1b f3 0c ff 19
ef 1b f6 17 ed ee f6 f0 01 0a f5 f0 ed 19 f5 ef
f6 f0 01 0a 15 17 01 f7 0e fd ee f7 15 ef ee f6
01 f7 0e fd 08 0a 0e 03 1b f3 17 03 08 f6 17 01
0e 03 1b f3 fb fd 1b 10 f0 ed 0a 10 fb 01 0a 0e
1b 10 f0 ed f2 f3 f0 1d f7 15 fd 1d f2 0e fd 1b
f0 1d f7 15 ec ed f7 f1 03 08 f3 f1 ec 1b f3 f0
f7 f1 03 08 13 15 03 f9 10 fb ed f9 13 f0 ed f7
03 f9 10 fb 06 08 10 05 1d f2 15 05 06 f7 15 03
10 05 1d f2 fa fb 1d 12 f1 ec 08 12 fa 03 08 10
1d 12 f1 ec f1 f2 f1 1f f9 13 fb 1f f1 10 fb 1d
f1 1f f9 13 1e ec f9 f2 05 06 f2 f2 1e 1d f2 f1
f9 f2 05 06 11 13 05 fb 12 fa ec fb 11 f1 ec f9
05 fb 12 fa 04 06 12 07 1f f1 13 07 04 f9 13 05
12 07 1f f1 f8 fa 1f 14 f2 1e 06 14 f8 05 06 12
1f 14 f2 1e f0 f1 f2 ed fb 11 fa ed f0 12 fa 1f
f2 ed fb 11 1c 1e fb f3 07 04 f1 f3 1c 1f f1 f2
fb f3 07 04 0f 11 07 fc 14 f8 1e fc 0f f2 1e fb
07 fc 14 f8 02 04 14 09 ed f0 11 09 02 fb 11 07
14 09 ed f0 f7 f8 ed 16 f3 1c 04 16 f7 07 04 14
ed 16 f3 1c ef f0 f3 ed fc 0f f8 ed ef 14 f8 ed
f3 ed fc 0f 1a 1c fc f4 09 02 f0 f4 1a ed f0 f3
fc f4 09 02 0d 0f 09 fe 16 f7 1c fe 0d f3 1c fc
09 fe 16 f7 00 02 16 0b ed ef 0f 0b 00 fc 0f 09
16 0b ed ef f5 f7 ed 18 f4 1a 02 18 f5 09 02 16
ed 18 f4 1a ee ef f4 ee fe 0d f7 ee ee 16 f7 ed
f4 ee fe 0d 18 1a fe f5 0b 00 ef f5 18 ed ef f4
fe f5 0b 00 0b 0d 0b 00 18 f5 1a 00 0b f4 1a fe
0b 00 18 f5 fe 00 18 0d ee ee 0d 0d fe fe 0d 0b
18 0d ee ee f4 f5 ee 1a f5 18 00 1a f4 0b 00 18
ee 1a f5 18 ed ee f5 ef 00 0b f5 ef ed 18 f5 ee
f5 ef 00 0b 16 18 00 f7 0d fe ee f7 16 ee ee f5
00 f7 0d fe 09 0b 0d 02 1a f4 18 02 09 f5 18 00
0d 02 1a f4 fc fe 1a 0f ef ed 0b 0f fc 00 0b 0d
1a 0f ef ed f3 f4 ef 1c f7 16 fe 1c f3 0d fe 1a
ef 1c f7 16 ed ed f7 f0 02 09 f4 f0 ed 1a f4 ef
f7 f0 02 09 14 16 02 f8 0f fc ed f8 14 ef ed f7
02 f8 0f fc 07 09 0f 04 1c f3 16 04 07 f7 16 02
0f 04 1c f3 fb fc 1c 11 f0 ed 09 11 fb 02 09 0f
1c 11 f0 ed f2 f3 f0 1e f8 14 fc 1e f2 0f fc 1c
f0 1e f8 14 1f ed f8 f1 04 07 f3 f1 1f 1c f3 f0
f8 f1 04 07 12 14 04 fa 11 fb ed fa 12 f0 ed f8
04 fa 11 fb 05 07 11 06 1e f2 14 06 05 f8 14 04
11 06 1e f2 f9 fb 1e 13 f1 1f 07 13 f9 04 07 11
1e 13 f1 1f f1 f2 f1 ec fa 12 fb ec f1 11 fb 1e
f1 ec fa 12 1d 1f fa f2 06 05 f2 f2 1d 1e f2 f1
fa f2 06 05 10 12 06 fb 13 f9 1f fb 10 f1 1f fa
06 fb 13 f9 03 05 13 08 ec f1 12 08 03 fa 12 06
13 08 ec f1 f7 f9 ec 15 f2 1d 05 15 f7 06 05 13
ec 15 f2 1d f0 f1 f2 ed fb 10 f9 ed f0 13 f9 ec
f2 ed fb 10 1b 1d fb f3 08 03 f1 f3 1b ec f1 f2
fb f3 08 03 0e 10 08 fd 15 f7 1d fd 0e f2 1d fb
08 fd 15 f7 01 03 15 0a ed f0 10 0a 01 fb 10 08
15 0a ed f0 f6 f7 ed 17 f3 1b 03 17 f6 08 03 15
ed 17 f3 1b ef f0 f3 ee fd 0e f7 ee ef 15 f7 ed
f3 ee fd 0e 19 1b fd f5 0a 01 f0 f5 19 ed f0 f3
fd f5 0a 01 0c 0e 0a ff 17 f6 1b ff 0c f3 1b fd
0a ff 17 f6 ff 01 17 0c ee ef 0e 0c ff fd 0e 0a
17 0c ee ef f5 f6 ee 19 f5 19 01 19 f5 0a 01 17
ee 19 f5 19 ee ef f5 ef ff 0c f6 ef ee 17 f6 ee
f5 ef ff 0c 17 19 ff f6 0c ff ef f6 17 ee ef f5
ff f6 0c ff 0a 0c 0c 01 19 f5 19 01 0a f5 19 ff
0c 01 19 f5 fd ff 19 0e ef ee 0c 0e fd ff 0c 0c
19 0e ef ee f3 f5 ef 1b f6 17 ff 1b f3 0c ff 19
ef 1b f6 17 ed ee f6 f0 01 0a f5 f0 ed 19 f5 ef
f6 f0 01 0a 15 17 01 f7 0e fd ee f7 15 ef ee f6
01 f7 0e fd 08 0a 0e 03 1b f3 17 03 08 f6 17 01
0e 03 1b f3 fb fd 1b 10 f0 ed 0a 10 fb 01 0a 0e
1b 10 f0 ed f2 f3 f0 1d f7 15 fd 1d f2 0e fd 1b
f0 1d f7 15 ec ed f7 f1 03 08 f3 f1 ec 1b f3 f0
f7 f1 03 08 13 15 03 f9 10 fb ed f9 13 f0 ed f7
03 f9 10 fb 06 08 10 05 1d f2 15 05 06 f7 15 03
10 05 1d f2 fa fb 1d 12 f1 ec 08 12 fa 03 08 10
1d 12 f1 ec f1 f2 f1 1f f9 13 fb 1f f1 10 fb 1d
f1 1f f9 13 1e ec f9 f2 05 06 f2 f2 1e 1d f2 f1
f9 f2 05 06 11 13 05 fb 12 fa ec fb 11 f1 ec f9
05 fb 12 fa 04 06 12 07 1f f1 13 07 04 f9 13 05
12 07 1f f1 f8 fa 1f 14 f2 1e 06 14 f8 05 06 12
1f 14 f2 1e f0 f1 f2 ed fb 11 fa ed f0 12 fa 1f
f2 ed fb 11 1c 1e fb f3 07 04 f1 f3 1c 1f f1 f2
fb f3 07 04 0f 11 07 fc 14 f8 1e fc 0f f2 1e fb
07 fc 14 f8 02 04 14 09 ed f0 11 09 02 fb 11 07
14 09 ed f0 f7 f8 ed 16 f3 1c 04 16 f7 07 04 14
ed 16 f3 1c ef f0 f3 ed fc 0f f8 ed ef 14 f8 ed
f3 ed fc 0f 1a 1c fc f4 09 02 f0 f4 1a ed f0 f3
fc f4 09 02 0d 0f 09 fe 16 f7 1c fe 0d f3 1c fc
09 fe 16 f7 00 02 16 0b ed ef 0f 0b 00 fc 0f 09
16 0b ed ef f5 f7 ed 18 f4 1a 02 18 f5 09 02 16
ed 18 f4 1a ee ef f4 ee fe 0d f7 ee ee 16 f7 ed
f4 ee fe 0d 18 1a fe f5 0b 00 ef f5 18 ed ef f4
fe f5 0b 00 0b 0d 0b 00 18 f5 1a 00 0b f4 1a fe
0b 00 18 f5 fe 00 18 0d ee ee 0d 0d fe fe 0d 0b
18 0d ee ee f4 f5 ee 1a f5 18 00 1a f4 0b 00 18
ee 1a f5 18 ed ee f5 ef 00 0b f5 ef ed 18 f5 ee
f5 ef 00 0b 16 18 00 f7 0d fe ee f7 16 ee ee f5
00 f7 0d fe 09 0b 0d 02 1a f4 18 02 09 f5 18 00
0d 02 1a f4 fc fe 1a 0f ef ed 0b 0f fc 00 0b 0d
1a 0f ef ed f3 f4 ef 1c f7 16 fe 1c f3 0d fe 1a
ef 1c f7 16 ed ed f7 f0 02 09 f4 f0 ed 1a f4 ef
f7 f0 02 09 14 16 02 f8 0f fc ed f8 14 ef ed f7
02 f8 0f fc 07 09 0f 04 1c f3 16 04 07 f7 16 02
0f 04 1c f3 fb fc 1c 11 f0 ed 09 11 fb 02 09 0f
1c 11 f0 ed f2 f3 f0 1e f8 14 fc 1e f2 0f fc 1c
f0 1e f8 14 1f ed f8 f1 04 07 f3 f1 1f 1c f3 f0
f8 f1 04 07 12 14 04 fa 11 fb ed fa 12 f0 ed f8
04 fa 11 fb 05 07 11 06 1e f2 14 06 05 f8 14 04
11 06 1e f2 f9 fb 1e 13 f1 1f 07 13 f9 04 07 11
1e 13 f1 1f f1 f2 f1 ec fa 12 fb ec f1 11 fb 1e
f1 ec fa 12 1d 1f fa f2 06 05 f2 f2 1d 1e f2 f1
fa f2 06 05 10 12 06 fb 13 f9 1f fb 10 f1 1f fa
06 fb 13 f9 03 05 13 08 ec f1 12 08 03 fa 12 06
13 08 ec f1 f7 f9 ec 15 f2 1d 05 15 f7 06 05 13
ec 15 f2 1d f0 f1 f2 ed fb 10 f9 ed f0 13 f9 ec
f2 ed fb 10 1b 1d fb f3 08 03 f1 f3 1b ec f1 f2
fb f3 08 03 0e 10 08 fd 15 f7 1d fd 0e f2 1d fb
08 fd 15 f7 01 03 15 0a ed f0 10 0a 01 fb 10 08
15 0a ed f0 f6 f7 ed 17 f3 1b 03 17 f6 08 03 15
ed 17 f3 1b ef f0 f3 ee fd 0e f7 ee ef 15 f7 ed
f3 ee fd 0e 19 1b fd f5 0a 01 f0 f5 19 ed f0 f3
fd f5 0a 01 0c 0e 0a ff 17 f6 1b ff 0c f3 1b fd
0a ff 17 f6 ff 01 17 0c ee ef 0e 0c ff fd 0e 0a
17 0c ee ef f5 f6 ee 19 f5 19 01 19 f5 0a 01 17
ee 19 f5 19 ee ef f5 ef ff 0c f6 ef ee 17 f6 ee
f5 ef ff 0c 17 19 ff f6 0c ff ef f6 17 ee ef f5
ff f6 0c ff 0a 0c 0c 01 19 f5 19 01 0a f5 19 ff
0c 01 19 f5 fd ff 19 0e ef ee 0c 0e fd ff 0c 0c
19 0e ef ee f3 f5 ef 1b f6 17 ff 1b f3 0c ff 19
ef 1b f6 17 ed ee f6 f0 01 0a f5 f0 ed 19 f5 ef
f6 f0 01 0a 15 17 01 f7 0e fd ee f7 15 ef ee f6
01 f7 0e fd 08 0a 0e 03 1b f3 17 03 08 f6 17 01
0e 03 1b f3 fb fd 1b 10 f0 ed 0a 10 fb 01 0a 0e
1b 10 f0 ed f2 f3 f0 1d f7 15 fd 1d f2 0e fd 1b
f0 1d f7 15 ec ed f7 f1 03 08 f3 f1 ec 1b f3 f0
f7 f1 03 08 13 15 03 f9 10 fb ed f9 13 f0 ed f7
03 f9 10 fb 06 08 10 05 1d f2 15 05 06 f7 15 03
10 05 1d f2 fa fb 1d 12 f1 ec 08 12 fa 03 08 10
1d 12 f1 ec f1 f2 f1 1f f9 13 fb 1f f1 10 fb 1d
f1 1f f9 13 1e ec f9 f2 05 06 f2 f2 1e 1d f2 f1
f9 f2 05 06 11 13 05 fb 12 fa ec fb 11 f1 ec f9
05 fb 12 fa 04 06 12 07 1f f1 13 07 04 f9 13 05
12 07 1f f1 f8 fa 1f 14 f2 1e 06 14 f8 05 06 12
1f 14 f2 1e f0 f1 f2 ed fb 11 fa ed f0 12 fa 1f
f2 ed fb 11 1c 1e fb f3 07 04 f1 f3 1c 1f f1 f2
fb f3 07 04 0f 11 07 fc 14 f8 1e fc 0f f2 1e fb
07 fc 14 f8 02 04 14 09 ed f0 11 09 02 fb 11 07
14 09 ed f0 f7 f8 ed 16 f3 1c 04 16 f7 07 04 14
ed 16 f3 1c ef f0 f3 ed fc 0f f8 ed ef 14 f8 ed
f3 ed fc 0f 1a 1c fc f4 09 02 f0 f4 1a ed f0 f3
fc f4 09 02 0d 0f 09 fe 16 f7 1c fe 0d f3 1c fc
09 fe 16 f7 00 02 16 0b ed ef 0f 0b 00 fc 0f 09
16 0b ed ef f5 f7 ed 18 f4 1a 02 18 f5 09 02 16
ed 18 f4 1a ee ef f4 ee fe 0d f7 ee ee 16 f7 ed
f4 ee fe 0d 18 1a fe f5 0b 00 ef f5 18 ed ef f4
fe f5 0b 00 0b 0d 0b 00 18 f5 1a 00 0b f4 1a fe
0b 00 18 f5 fe 00 18 0d ee ee 0d 0d fe fe 0d 0b
18 0d ee ee f4 f5 ee 1a f5 18 00 1a f4 0b 00 18
@004000
00 00 00 00 00 00 e8 00 00 00 00 00 00 e8 00 00
00 00 00 00 00 18 0d 00 00 00 00 00 e8 f5 18 00
00 00 00 00 e8 0b 0d 00 00 00 00 e8 f5 02 0b 00
00 00 00 e8 f5 fe 0d 00 00 00 18 f5 02 0f fe 00
00 00 e8 f5 02 f1 12 00 00 e8 0b 02 0f 0b f6 00
00 e8 f5 13 0f e4 dc f3 e8 f5 fe 27 1c e1 f2 18
18 0d 02 18 1c 09 0d e0 f5 02 f1 27 ea f9 fe 0b
0b 0d 0f 1a 02 01 0d f7 f1 0f e4 e8 f7 10 fe fe
fe 0d 0f de 02 fe 0d 11 06 1c 16 ed 04 24 fe f1
e4 12 e2 e4 02 fe 13 2b 1e ea 09 f6 04 0e 04 e4
dc dc f9 14 07 fe de 0f f6 f7 ef 27 16 e4 0e 09
18 0d 13 19 10 07 0d e3 0a f7 e7 27 ee fd fe 01
18 0d 2d 1a 02 00 0d fb f4 09 e4 e8 08 13 fe fe
18 0d 11 df 02 fe 0e 15 09 20 23 ee 22 26 ff fe
e2 13 e5 e6 02 fe d6 2f 22 fb 23 f8 06 d2 06 fe
db de fd 15 08 3d 0d 12 f9 15 ed 27 da e8 3d 07
18 0d 17 19 d3 06 0d e7 0c f9 e6 e8 f2 00 fe 00
18 0d 31 dc 02 00 0d ff f7 0c 23 e9 0c 16 fe fe
18 0e d5 e0 02 fe 0f 19 0d e5 23 f0 26 01 00 fe
e1 d6 e9 0f 03 fe d7 04 e6 ff 23 27 09 d5 07 3d
1a 0d 01 16 0a 0e 0d d6 fc 19 ec 27 de eb fe 06
18 0d 1b 1a 02 05 0d e9 e7 fc e6 e8 f6 04 fe 00
18 0d 06 dc 02 fe 0d 03 fa 10 23 ea 10 19 fe fe
e9 0f d8 e1 02 fe 0f 1d 10 e9 23 f1 fb 04 00 fe
e0 d7 eb 10 04 fe d8 07 ea 03 f4 27 0c d8 08 0e
18 0d 05 17 0b 0d 0d d8 ff ee eb 27 e0 ef fe 05
18 0d 1f 1a 02 03 0d ed ea ff e4 e8 fa 08 fe fe
18 0d 09 dc 02 fe 0d 07 fd 12 23 ea 14 1c fe fe
e8 0f da e2 02 fe 10 21 14 ed 23 f2 fe 07 01 fe
de d8 ef 11 04 fe da 09 ee 07 f3 27 0e dc 0a 0d
18 0d 09 17 0c 0b 0d dc 02 f1 e9 27 e4 f3 fe 03
18 0d 23 1a 02 03 0d f1 ed 01 e4 e8 fe 0b fe fe
18 0d 0b dd 02 fe 0d 0b 01 16 23 eb 18 1f fe fe
e6 10 de e3 02 fe 12 25 18 f1 23 f4 00 0a 03 fe
de da f3 12 05 fe db 0c f1 0b f1 27 12 df 0b 0b
18 0d 0d 18 0e 0a 0d de 05 f3 e9 27 e8 f7 fe 03
18 0d 27 1a 02 01 0d f5 f0 05 e4 e8 02 0e fe fe
18 0d 0e de 02 fe 0d 0f 04 1a 23 ed 1c 22 fe fe
e5 12 e0 e4 02 fe 12 29 1c f5 23 f5 03 0d 03 fe
dc db f7 13 07 fe dd 0e f4 0f f0 27 14 e2 0d 0a
18 0d 11 19 0f 08 0d e1 08 f6 e7 27 ec fb fe 01
18 0d 2b 1a 02 00 0d f9 f3 07 e4 e8 06 12 fe fe
18 0d 10 de 02 fe 0d 13 07 1e 23 ed 20 25 fe fe
e3 12 e3 e5 02 fe 14 2d 20 f9 23 f7 05 10 05 fe
db dd fb 14 07 fe de 11 f8 13 ee 27 17 e6 0e 08
18 0d 15 19 11 07 0d e5 0b f8 e6 27 f0 ff fe 00
18 0d 2f 1a 02 00 0d fd f6 0a e4 e8 0a 15 fe fe
18 0d 13 df 02 fe 0f 17 0b 22 23 ef 24 28 00 fe
e2 14 e7 e6 02 fe d6 31 24 fd 23 f8 08 d4 06 fe
db de ff 15 09 3d 0d 14 fb 17 ed 27 dc ea 3d 07
18 0d 19 19 d3 06 0d e8 0e fb e6 e8 f4 02 fe 00
18 0d 33 dc 02 ff 0d 01 f9 0e 23 ea 0e 18 fe fe
18 0f d7 e0 02 fe 0f 1b 0f e7 23 f0 28 03 00 fe
e1 d6 ea 0f 04 fe d7 06 e8 01 23 27 0b d7 07 3d
19 0d 03 16 0a 0e 0d d7 fe 1b ec 27 df ed fe 06
18 0d 1d 1a 02 04 0d eb e9 fe e5 e8 f8 06 fe ff
18 0d 08 dc 02 fe 0d 05 fc 11 23 ea 12 1b fe fe
e9 0f d9 e1 02 fe 10 1f 12 eb 23 f1 fd 05 01 fe
df d7 ed 11 04 fe d9 08 ec 05 f4 27 0d da 09 0e
18 0d 07 17 0b 0c 0d da 01 f0 ea 27 e2 f1 fe 04
18 0d 21 1a 02 03 0d ef eb 00 e4 e8 fc 09 fe fe
18 0d 0a dd 02 fe 0d 09 ff 14 23 eb 16 1e fe fe
e7 10 dc e2 02 fe 11 23 16 ef 23 f3 ff 08 02 fe
de d9 f1 12 05 fe da 0a ef 09 f2 27 10 dd 0a 0c
18 0d 0b 18 0d 0a 0d dd 04 f2 e9 27 e6 f5 fe 03
18 0d 25 1a 02 02 0d f3 ee 03 e4 e8 00 0d fe fe
18 0d 0c dd 02 fe 0d 0d 02 18 23 ec 1a 21 fe fe
e5 11 df e3 02 fe 12 27 1a f3 23 f4 01 0b 03 fe
dd da f5 13 06 fe dc 0d f3 0d f0 27 13 e1 0c 0a
18 0d 0f 18 0e 09 0d e0 07 f4 e8 27 ea f9 fe 02
18 0d 29 1a 02 01 0d f7 f1 06 e4 e8 04 10 fe fe
18 0d 0f de 02 fe 0d 11 06 1c 23 ed 1e 24 fe fe
e4 12 e2 e4 02 fe 13 2b 1e f7 23 f6 04 0e 04 fe
dc dc f9 14 07 fe de 0f f6 11 ef 27 16 e4 0e 09
18 0d 13 19 10 07 0d e3 0a f7 e7 27 ee fd fe 01
18 0d 2d 1a 02 00 0d fb f4 09 e4 e8 08 13 fe fe
18 0d 11 df 02 fe 0e 15 09 20 23 ee 22 26 ff fe
e2 13 e5 e6 02 fe d6 2f 22 fb 23 f8 06 d2 06 fe
db de fd 15 08 3d 0d 12 f9 15 ed 27 da e8 3d 07
18 0d 17 19 d3 06 0d e7 0c f9 e6 e8 f2 00 fe 00
18 0d 31 dc 02 00 0d ff f7 0c 23 e9 0c 16 fe fe
18 0e d5 e0 02 fe 0f 19 0d e5 23 f0 26 01 00 fe
e1 d6 e9 0f 03 fe d7 04 e6 ff 23 27 09 d5 07 3d
1a 0d 01 16 0a 0e 0d d6 fc 19 ec 27 de eb fe 06
18 0d 1b 1a 02 05 0d e9 e7 fc e6 e8 f6 04 fe 00
18 0d 06 dc 02 fe 0d 03 fa 10 23 ea 10 19 fe fe
e9 0f d8 e1 02 fe 0f 1d 10 e9 23 f1 fb 04 00 fe
e0 d7 eb 10 04 fe d8 07 ea 03 f4 27 0c d8 08 0e
18 0d 05 17 0b 0d 0d d8 ff ee eb 27 e0 ef fe 05
18 0d 1f 1a 02 03 0d ed ea ff e4 e8 fa 08 fe fe
18 0d 09 dc 02 fe 0d 07 fd 12 23 ea 14 1c fe fe
e8 0f da e2 02 fe 10 21 14 ed 23 f2 fe 07 01 fe
de d8 ef 11 04 fe da 09 ee 07 f3 27 0e dc 0a 0d
18 0d 09 17 0c 0b 0d dc 02 f1 e9 27 e4 f3 fe 03
18 0d 23 1a 02 03 0d f1 ed 01 e4 e8 fe 0b fe fe
18 0d 0b dd 02 fe 0d 0b 01 16 23 eb 18 1f fe fe
e6 10 de e3 02 fe 12 25 18 f1 23 f4 00 0a 03 fe
de da f3 12 05 fe db 0c f1 0b f1 27 12 df 0b 0b
18 0d 0d 18 0e 0a 0d de 05 f3 e9 27 e8 f7 fe 03
18 0d 27 1a 02 01 0d f5 f0 05 e4 e8 02 0e fe fe
18 0d 0e de 02 fe 0d 0f 04 1a 23 ed 1c 22 fe fe
e5 12 e0 e4 02 fe 12 29 1c f5 23 f5 03 0d 03 fe
dc db f7 13 07 fe dd 0e f4 0f f0 27 14 e2 0d 0a
18 0d 11 19 0f 08 0d e1 08 f6 e7 27 ec fb fe 01
18 0d 2b 1a 02 00 0d f9 f3 07 e4 e8 06 12 fe fe
18 0d 10 de 02 fe 0d 13 07 1e 23 ed 20 25 fe fe
e3 12 e3 e5 02 fe 14 2d 20 f9 23 f7 05 10 05 fe
db dd fb 14 07 fe de 11 f8 13 ee 27 17 e6 0e 08
18 0d 15 19 11 07 0d e5 0b f8 e6 27 f0 ff fe 00
18 0d 2f 1a 02 00 0d fd f6 0a e4 e8 0a 15 fe fe
18 0d 13 df 02 fe 0f 17 0b 22 23 ef 24 28 00 fe
e2 14 e7 e6 02 fe d6 31 24 fd 23 f8 08 d4 06 fe
db de ff 15 09 3d 0d 14 fb 17 ed 27 dc ea 3d 07
18 0d 19 19 d3 06 0d e8 0e fb e6 e8 f4 02 fe 00
18 0d 33 dc 02 ff 0d 01 f9 0e 23 ea 0e 18 fe fe
18 0f d7 e0 02 fe 0f 1b 0f e7 23 f0 28 03 00 fe
e1 d6 ea 0f 04 fe d7 06 e8 01 23 27 0b d7 07 3d
19 0d 03 16 0a 0e 0d d7 fe 1b ec 27 df ed fe 06
18 0d 1d 1a 02 04 0d eb e9 fe e5 e8 f8 06 fe ff
18 0d 08 dc 02 fe 0d 05 fc 11 23 ea 12 1b fe fe
e9 0f d9 e1 02 fe 10 1f 12 eb 23 f1 fd 05 01 fe
df d7 ed 11 04 fe d9 08 ec 05 f4 27 0d da 09 0e
18 0d 07 17 0b 0c 0d da 01 f0 ea 27 e2 f1 fe 04
18 0d 21 1a 02 03 0d ef eb 00 e4 e8 fc 09 fe fe
18 0d 0a dd 02 fe 0d 09 ff 14 23 eb 16 1e fe fe
e7 10 dc e2 02 fe 11 23 16 ef 23 f3 ff 08 02 fe
de d9 f1 12 05 fe da 0a ef 09 f2 27 10 dd 0a 0c
18 0d 0b 18 0d 0a 0d dd 04 f2 e9 27 e6 f5 fe 03
18 0d 25 1a 02 02 0d f3 ee 03 e4 e8 00 0d fe fe
18 0d 0c dd 02 fe 0d 0d 02 18 23 ec 1a 21 fe fe
e5 11 df e3 02 fe 12 27 1a f3 23 f4 01 0b 03 fe
dd da f5 13 06 fe dc 0d f3 0d f0 27 13 e1 0c 0a
18 0d 0f 18 0e 09 0d e0 07 f4 e8 27 ea f9 fe 02
18 0d 29 1a 02 01 0d f7 f1 06 e4 e8 04 10 fe fe
18 0d 0f de 02 fe 0d 11 06 1c 23 ed 1e 24 fe fe
e4 12 e2 e4 02 fe 13 2b 1e f7 23 f6 04 0e 04 fe
dc dc f9 14 07 fe de 0f f6 11 ef 27 16 e4 0e 09
18 0d 13 19 10 07 0d e3 0a f7 e7 27 ee fd fe 01
18 0d 2d 1a 02 00 0d fb f4 09 e4 e8 08 13 fe fe
18 0d 11 df 02 fe 0e 15 09 20 23 ee 22 26 ff fe
e2 13 e5 e6 02 fe d6 2f 22 fb 23 f8 06 d2 06 fe
db de fd 15 08 3d 0d 12 f9 15 ed 27 da e8 3d 07
18 0d 17 19 d3 06 0d e7 0c f9 e6 e8 f2 00 fe 00
18 0d 31 dc 02 00 0d ff f7 0c 23 e9 0c 16 fe fe
18 0e d5 e0 02 fe 0f 19 0d e5 23 f0 26 01 00 fe
e1 d6 e9 0f 03 fe d7 04 e6 ff 23 27 09 d5 07 3d
1a 0d 01 16 0a 0e 0d d6 fc 19 ec 27 de eb fe 06
18 0d 1b 1a 02 05 0d e9 e7 fc e6 e8 f6 04 fe 00
18 0d 06 dc 02 fe 0d 03 fa 10 23 ea 10 19 fe fe
e9 0f d8 e1 02 fe 0f 1d 10 e9 23 f1 fb 04 00 fe
e0 d7 eb 10 04 fe d8 07 ea 03 f4 27 0c d8 08 0e
18 0d 05 17 0b 0d 0d d8 ff ee eb 27 e0 ef fe 05
18 0d 1f 1a 02 03 0d ed ea ff e4 e8 fa 08 fe fe
18 0d 09 dc 02 fe 0d 07 fd 12 23 ea 14 1c fe fe
e8 0f da e2 02 fe 10 21 14 ed 23 f2 fe 07 01 fe
de d8 ef 11 04 fe da 09 ee 07 f3 27 0e dc 0a 0d
18 0d 09 17 0c 0b 0d dc 02 f1 e9 27 e4 f3 fe 03
18 0d 23 1a 02 03 0d f1 ed 01 e4 e8 fe 0b fe fe
18 0d 0b dd 02 fe 0d 0b 01 16 23 eb 18 1f fe fe
e6 10 de e3 02 fe 12 25 18 f1 23 f4 00 0a 03 fe
de da f3 12 05 fe db 0c f1 0b f1 27 12 df 0b 0b
18 0d 0d 18 0e 0a 0d de 05 f3 e9 27 e8 f7 fe 03
18 0d 27 1a 02 01 0d f5 f0 05 e4 e8 02 0e fe fe
18 0d 0e de 02 fe 0d 0f 04 1a 23 ed 1c 22 fe fe
e5 12 e0 e4 02 fe 12 29 1c f5 23 f5 03 0d 03 fe
dc db f7 13 07 fe dd 0e f4 0f f0 27 14 e2 0d 0a
18 0d 11 19 0f 08 0d e1 08 f6 e7 27 ec fb fe 01
18 0d 2b 1a 02 00 0d f9 f3 07 e4 e8 06 12 fe fe
18 0d 10 de 02 fe 0d 13 07 1e 23 ed 20 25 fe fe
e3 12 e3 e5 02 fe 14 2d 20 f9 23 f7 05 10 05 fe
db dd fb 14 07 fe de 11 f8 13 ee 27 17 e6 0e 08
18 0d 15 19 11 07 0d e5 0b f8 e6 27 f0 ff fe 00
18 0d 2f 1a 02 00 0d fd f6 0a e4 e8 0a 15 fe fe
18 0d 13 df 02 fe 0f 17 0b 22 23 ef 24 28 00 fe
e2 14 e7 e6 02 fe d6 31 24 fd 23 f8 08 d4 06 fe
db de ff 15 09 3d 0d 14 fb 17 ed 27 dc ea 3d 07
18 0d 19 19 d3 06 0d e8 0e fb e6 e8 f4 02 fe 00
18 0d 33 dc 02 ff 0d 01 f9 0e 23 ea 0e 18 fe fe
18 0f d7 e0 02 fe 0f 1b 0f e7 23 f0 28 03 00 fe
e1 d6 ea 0f 04 fe d7 06 e8 01 23 27 0b d7 07 3d
19 0d 03 16 0a 0e 0d d7 fe 1b ec 27 df ed fe 06
18 0d 1d 1a 02 04 0d eb e9 fe e5 e8 f8 06 fe ff
18 0d 08 dc 02 fe 0d 05 fc 11 23 ea 12 1b fe fe
e9 0f d9 e1 02 fe 10 1f 12 eb 23 f1 fd 05 01 fe
df d7 ed 11 04 fe d9 08 ec 05 f4 27 0d da 09 0e
18 0d 07 17 0b 0c 0d da 01 f0 ea 27 e2 f1 fe 04
18 0d 21 1a 02 03 0d ef eb 00 e4 e8 fc 09 fe fe
18 0d 0a dd 02 fe 0d 09 ff 14 23 eb 16 1e fe fe
e7 10 dc e2 02 fe 11 23 16 ef 23 f3 ff 08 02 fe
de d9 f1 12 05 fe da 0a ef 09 f2 27 10 dd 0a 0c
18 0d 0b 18 0d 0a 0d dd 04 f2 e9 27 e6 f5 fe 03
18 0d 25 1a 02 02 0d f3 ee 03 e4 e8 00 0d fe fe
18 0d 0c dd 02 fe 0d 0d 02 18 23 ec 1a 21 fe fe
e5 11 df e3 02 fe 12 27 1a f3 23 f4 01 0b 03 fe
dd da f5 13 06 fe dc 0d f3 0d f0 27 13 e1 0c 0a
18 0d 0f 18 0e 09 0d e0 07 f4 e8 27 ea f9 fe 02
18 0d 29 1a 02 01 0d f7 f1 06 e4 e8 04 10 fe fe
18 0d 0f de 02 fe 0d 11 06 1c 23 ed 1e 24 fe fe
e4 12 e2 e4 02 fe 13 2b 1e f7 23 f6 04 0e 04 fe
dc dc f9 14 07 fe de 0f f6 11 ef 27 16 e4 0e 09
18 0d 13 19 10 07 0d e3 0a f7 e7 27 ee fd fe 01
18 0d 2d 1a 02 00 0d fb f4 09 e4 e8 08 13 fe fe
18 0d 11 df 02 fe 0e 15 09 20 23 ee 22 26 ff fe
e2 13 e5 e6 02 fe d6 2f 22 fb 23 f8 06 d2 06 fe
db de fd 15 08 3d 0d 12 f9 15 ed 27 da e8 3d 07
18 0d 17 19 d3 06 0d e7 0c f9 e6 e8 f2 00 fe 00
18 0d 31 dc 02 00 0d ff f7 0c 23 e9 0c 16 fe fe
18 0e d5 e0 02 fe 0f 19 0d e5 23 f0 26 01 00 fe
e1 d6 e9 0f 03 fe d7 04 e6 ff 23 27 09 d5 07 3d
1a 0d 01 16 0a 0e 0d d6 fc 19 ec 27 de eb fe 06
18 0d 1b 1a 02 05 0d e9 e7 fc e6 e8 f6 04 fe 00
18 0d 06 dc 02 fe 0d 03 fa 10 23 ea 10 19 fe fe
e9 0f d8 e1 02 fe 0f 1d 10 e9 23 f1 fb 04 00 fe
e0 d7 eb 10 04 fe d8 07 ea 03 f4 27 0c d8 08 0e
18 0d 05 17 0b 0d 0d d8 ff ee eb 27 e0 ef fe 05
18 0d 1f 1a 02 03 0d ed ea ff e4 e8 fa 08 fe fe
18 0d 09 dc 02 fe 0d 07 fd 12 23 ea 14 1c fe fe
e8 0f da e2 02 fe 10 21 14 ed 23 f2 fe 07 01 fe
de d8 ef 11 04 fe da 09 ee 07 f3 27 0e dc 0a 0d
18 0d 09 17 0c 0b 0d dc 02 f1 e9 27 e4 f3 fe 03
18 0d 23 1a 02 03 0d f1 ed 01 e4 e8 fe 0b fe fe
18 0d 0b dd 02 fe 0d 0b 01 16 23 eb 18 1f fe fe
e6 10 de e3 02 fe 12 25 18 f1 23 f4 00 0a 03 fe
de da f3 12 05 fe db 0c f1 0b f1 27 12 df 0b 0b
18 0d 0d 18 0e 0a 0d de 05 f3 e9 27 e8 f7 fe 03
18 0d 27 1a 02 01 0d f5 f0 05 e4 e8 02 0e fe fe
18 0d 0e de 02 fe 0d 0f 04 1a 23 ed 1c 22 fe fe
e5 12 e0 e4 02 fe 12 29 1c f5 23 f5 03 0d 03 fe
dc db f7 13 07 fe dd 0e f4 0f f0 27 14 e2 0d 0a
18 0d 11 19 0f 08 0d e1 08 f6 e7 27 ec fb fe 01
18 0d 2b 1a 02 00 0d f9 f3 07 e4 e8 06 12 fe fe
18 0d 10 de 02 fe 0d 13 07 1e 23 ed 20 25 fe fe
e3 12 e3 e5 02 fe 14 2d 20 f9 23 f7 05 10 05 fe
db dd fb 14 07 fe de 11 f8 13 ee 27 17 e6 0e 08
18 0d 15 19 11 07 0d e5 0b f8 e6 27 f0 ff fe 00
18 0d 2f 1a 02 00 0d fd f6 0a e4 e8 0a 15 fe fe
18 0d 13 df 02 fe 0f 17 0b 22 23 ef 24 28 00 fe
e2 14 e7 e6 02 fe d6 31 24 fd 23 f8 08 d4 06 fe
db de ff 15 09 3d 0d 14 fb 17 ed 27 dc ea 3d 07
18 0d 19 19 d3 06 0d e8 0e fb e6 e8 f4 02 fe 00
18 0d 33 dc 02 ff 0d 01 f9 0e 23 ea 0e 18 fe fe
18 0f d7 e0 02 fe 0f 1b 0f e7 23 f0 28 03 00 fe
e1 d6 ea 0f 04 fe d7 06 e8 01 23 27 0b d7 07 3d
19 0d 03 16 0a 0e 0d d7 fe 1b ec 27 df ed fe 06
18 0d 1d 1a 02 04 0d eb e9 fe e5 e8 f8 06 fe ff
18 0d 08 dc 02 fe 0d 05 fc 11 23 ea 12 1b fe fe
e9 0f d9 e1 02 fe 10 1f 12 eb 23 f1 fd 05 01 fe
df d7 ed 11 04 fe d9 08 ec 05 f4 27 0d da 09 0e
18 0d 07 17 0b 0c 0d da 01 f0 ea 27 e2 f1 fe 04
18 0d 21 1a 02 03 0d ef eb 00 e4 e8 fc 09 fe fe
18 0d 0a dd 02 fe 0d 09 ff 14 23 eb 16 1e fe fe
e7 10 dc e2 02 fe 11 23 16 ef 23 f3 ff 08 02 fe
de d9 f1 12 05 fe da 0a ef 09 f2 27 10 dd 0a 0c
18 0d 0b 18 0d 0a 0d dd 04 f2 e9 27 e6 f5 fe 03
18 0d 25 1a 02 02 0d f3 ee 03 e4 e8 00 0d fe fe
18 0d 0c dd 02 fe 0d 0d 02 18 23 ec 1a 21 fe fe
e5 11 df e3 02 fe 12 27 1a f3 23 f4 01 0b 03 fe
dd da f5 13 06 fe dc 0d f3 0d f0 27 13 e1 0c 0a
18 0d 0f 18 0e 09 0d e0 07 f4 e8 27 ea f9 fe 02
18 0d 29 1a 02 01 0d f7 f1 06 e4 e8 04 10 fe fe
18 0d 0f de 02 fe 0d 11 06 1c 23 ed 1e 24 fe fe
e4 12 e2 e4 02 fe 13 2b 1e f7 23 f6 04 0e 04 fe
dc dc f9 14 07 fe de 0f f6 11 ef 27 16 e4 0e 09
18 0d 13 19 10 07 0d e3 0a f7 e7 27 ee fd fe 01
18 0d 2d 1a 02 00 0d fb f4 09 e4 e8 08 13 fe fe
18 0d 11 df 02 fe 0e 15 09 20 23 ee 22 26 ff fe
e2 13 e5 e6 02 fe d6 2f 22 fb 23 f8 06 d2 06 fe
db de fd 15 08 3d 0d 12 f9 15 ed 27 da e8 3d 07
18 0d 17 19 d3 06 0d e7 0c f9 e6 e8 f2 00 fe 00
18 0d 31 dc 02 00 0d ff f7 0c 23 e9 0c 16 fe fe
18 0e d5 e0 02 fe 0f 19 0d e5 23 f0 26 01 00 fe
e1 d6 e9 0f 03 fe d7 04 e6 ff 23 27 09 d5 07 3d
1a 0d 01 16 0a 0e 0d d6 fc 19 ec 27 de eb fe 06
18 0d 1b 1a 02 05 0d e9 e7 fc e6 e8 f6 04 fe 00
18 0d 06 dc 02 fe 0d 03 fa 10 23 ea 10 19 fe fe
e9 0f d8 e1 02 fe 0f 1d 10 e9 23 f1 fb 04 00 fe
e0 d7 eb 10 04 fe d8 07 ea 03 f4 27 0c d8 08 0e
18 0d 05 17 0b 0d 0d d8 ff ee eb 27 e0 ef fe 05
18 0d 1f 1a 02 03 0d ed ea ff e4 e8 fa 08 fe fe
18 0d 09 dc 02 fe 0d 07 fd 12 23 ea 14 1c fe fe
e8 0f da e2 02 fe 10 21 14 ed 23 f2 fe 07 01 fe
de d8 ef 11 04 fe da 09 ee 07 f3 27 0e dc 0a 0d
18 0d 09 17 0c 0b 0d dc 02 f1 e9 27 e4 f3 fe 03
18 0d 23 1a 02 03 0d f1 ed 01 e4 e8 fe 0b fe fe
18 0d 0b dd 02 fe 0d 0b 01 16 23 eb 18 1f fe fe
e6 10 de e3 02 fe 12 25 18 f1 23 f4 00 0a 03 fe
de da f3 12 05 fe db 0c f1 0b f1 27 12 df 0b 0b
18 0d 0d 18 0e 0a 0d de 05 f3 e9 27 e8 f7 fe 03
18 0d 27 1a 02 01 0d f5 f0 05 e4 e8 02 0e fe fe
18 0d 0e de 02 fe 0d 0f 04 1a 23 ed 1c 22 fe fe
e5 12 e0 e4 02 fe 12 29 1c f5 23 f5 03 0d 03 fe
dc db f7 13 07 fe dd 0e f4 0f f0 27 14 e2 0d 0a
18 0d 11 19 0f 08 0d e1 08 f6 e7 27 ec fb fe 01
18 0d 2b 1a 02 00 0d f9 f3 07 e4 e8 06 12 fe fe
18 0d 10 de 02 fe 0d 13 07 1e 23 ed 20 25 fe fe
e3 12 e3 e5 02 fe 14 2d 20 f9 23 f7 05 10 05 fe
db dd fb 14 07 fe de 11 f8 13 ee 27 17 e6 0e 08
18 0d 15 19 11 07 0d e5 0b f8 e6 27 f0 ff fe 00
18 0d 2f 1a 02 00 0d fd f6 0a e4 e8 0a 15 fe fe
18 0d 13 df 02 fe 0f 17 0b 22 23 ef 24 28 00 fe
e2 14 e7 e6 02 fe d6 31 24 fd 23 f8 08 d4 06 fe
db de ff 15 09 3d 0d 14 fb 17 ed 27 dc ea 3d 07
18 0d 19 19 d3 06 0d e8 0e fb e6 e8 f4 02 fe 00
18 0d 33 dc 02 ff 0d 01 f9 0e 23 ea 0e 18 fe fe
18 0f d7 e0 02 fe 0f 1b 0f e7 23 f0 28 03 00 fe
e1 d6 ea 0f 04 fe d7 06 e8 01 23 27 0b d7 07 3d
19 0d 03 16 0a 0e 0d d7 fe 1b ec 27 df ed fe 06
18 0d 1d 1a 02 04 0d eb e9 fe e5 e8 f8 06 fe ff
18 0d 08 dc 02 fe 0d 05 fc 11 23 ea 12 1b fe fe
e9 0f d9 e1 02 fe 10 1f 12 eb 23 f1 fd 05 01 fe
df d7 ed 11 04 fe d9 08 ec 05 f4 27 0d da 09 0e
18 0d 07 17 0b 0c 0d da 01 f0 ea 27 e2 f1 fe 04
18 0d 21 1a 02 03 0d ef eb 00 e4 e8 fc 09 fe fe
18 0d 0a dd 02 fe 0d 09 ff 14 23 eb 16 1e fe fe
e7 10 dc e2 02 fe 11 23 16 ef 23 f3 ff 08 02 fe
de d9 f1 12 05 fe da 0a ef 09 f2 27 10 dd 0a 0c
18 0d 0b 18 0d 0a 0d dd 04 f2 e9 27 e6 f5 fe 03
18 0d 25 1a 02 02 0d f3 ee 03 e4 e8 00 0d fe fe
18 0d 0c dd 02 fe 0d 0d 02 18 23 ec 1a 21 fe fe
e5 11 df e3 02 fe 12 27 1a f3 23 f4 01 0b 03 fe
@006000
00 00 00 00 00 00 00 00 00 00 00 00 00 00 00 00
00 00 00 ef 00 00 00 00 00 00 00 00 00 00 00 00
00 00 00 f7 00 00 00 00 00 00 00 00 00 00 00 00
00 00 00 02 00 00 00 00 00 00 00 00 00 00 00 00
00 00 00 0f 00 00 00 00 00 18 00 00 00 00 00 00
00 00 00 1c 00 00 00 00 00 0b ef 00 00 00 00 00
00 ef 00 f0 00 00 00 00 00 fe 0d 00 00 00 00 00
00 0d 18 f8 00 00 00 00 00 f7 0d 00 00 00 00 00
00 0d 0b 04 00 00 00 00 ef f5 0d 00 00 00 00 00
00 0d fe 04 00 00 00 00 f7 fe 12 00 00 00 ef 00
00 12 f4 16 00 00 00 00 02 fe ea 00 00 00 f7 00
00 ea ed f2 00 00 00 00 27 fe 0d 00 00 00 02 00
ef 0d 16 08 00 00 00 00 27 04 0d 00 00 00 0f 18
f7 0d 09 22 00 00 18 00 ef 0e 0d 00 00 00 0b 0b
13 0d 09 06 00 00 0b 18 f2 fe 13 00 00 00 ec fe
18 13 f8 ea 00 00 fe 0b f7 fe eb 00 00 18 fa ed
1a eb ec f5 00 00 f4 0f 27 ff 0d 00 00 0b 10 ea
eb 0d 05 0c 00 00 ed fb 27 06 0d 00 00 fe 24 18
ed 0d f1 26 00 00 09 ed ef 3d 0e 00 00 f4 0e 18
14 0e 07 09 00 ef 01 0a f2 fe e9 00 00 ed ed 18
19 e9 f6 eb 00 f7 fe f7 f9 fe 0d ef 0d 16 fd ed
1a 0d 1b f7 00 02 fe 0c 27 00 0d f7 20 09 13 ea
eb 0d 01 10 00 0f fe f8 ef 07 0d 02 09 f3 26 18
ee 0d ef fb 18 0f 07 eb f0 fe 0f 0f f3 ef e8 18
15 0f 04 0c 0b ed 00 07 f3 fe e9 1c e8 ed ef 18
19 e9 f3 ec fe fa fe f6 27 fe 0d 02 f4 23 00 ec
ea 0d 17 fb f4 13 fe 09 27 00 0d 02 1d 23 16 1a
ec 0d fd 14 ed 2d 3d f5 ef 08 0d 02 05 f2 01 18
0f 0d 12 fe 09 11 06 1a f0 fe 0f 07 f1 ee e8 18
16 0f 01 0e 01 ee 00 04 f4 fe e9 10 e7 23 f1 f0
1a e9 f2 ed fe fd fe 19 27 fe 0d 02 f2 23 04 ec
ea 0d 13 fe fe 17 fe 06 27 01 0d 02 19 23 19 18
ec 0d fa 18 fe 31 0e f3 ef 0a 0d 02 01 f1 04 18
10 0d 0f 00 07 e8 05 16 f0 fe 10 08 ef ee e9 18
17 10 ff 12 00 f0 fe 01 f5 fe ea e8 fc 23 f3 ef
1a ea f0 ef fe 01 fe 16 27 fe 0d 02 2a 23 08 eb
ea 0d 0f 02 fe 1b fe 03 27 03 0d 02 17 f6 1c 18
ed 0d f7 1c 3d 06 0d f1 ef 0b 0d 03 fd f1 07 18
11 0d 0d 03 06 e9 03 12 f1 fe 12 0a ed ed ea 18
17 12 fb 14 00 f1 fe fe f6 fe ea 02 fa 23 f5 ee
1a ea ee f1 fe 05 fe 13 27 fe 0d 02 28 23 0b eb
eb 0d 0b 06 fe 1f fe ff 27 03 0d 02 13 f5 1f 18
ed 0d f4 20 0e 09 0b ef ef 0d 0d 04 fa f0 0a 18
12 0d 0a 05 05 ea 03 0f f2 fe 12 0b eb ed eb 18
18 12 fa 17 fe f3 fe fb f7 fe eb 02 f8 23 f8 ee
1a eb ed f3 fe 09 fe 10 27 fe 0d 02 24 23 0e ea
eb 0d 07 0a fe 23 fe fc 27 05 0d 02 0f f4 22 18
ed 0d f2 24 0d 0b 0a ed ef 0e 0d 04 f7 f0 0d 18
13 0d 08 08 03 eb 01 0c f2 fe 14 0c ea ed ed 18
19 14 f7 ea fe f5 fe f9 f8 fe eb 02 f6 23 fb ed
1a eb eb f6 fe 0d fe 0d 27 00 0d 02 22 23 12 ea
eb 0d 03 0e fe 27 fe fa 27 06 0d 02 0b f3 25 18
ee 0d f0 28 0b 0e 08 ec ef 3d 0f 05 f4 ef 10 18
14 0f 05 0b 03 ec 00 08 f3 fe e9 0e e9 ed ee 18
19 e9 f5 eb fe f8 fe f7 f9 fe 0d 02 f5 23 ff ed
1a 0d 19 f9 fe 11 fe 0a 27 00 0d 02 1f 23 15 ea
eb 0d ff 12 fe 2b fe f7 ef 07 0d 02 07 f2 28 18
ee 0d ee fd 0a 10 07 ea f0 fe 0f 07 f2 ee e8 18
15 0f 02 0d 01 ed 00 05 f3 fe e9 0f e8 ed f0 18
19 e9 f3 ed fe fb fe f5 27 fe 0d 02 f3 23 02 ec
ea 0d 15 fc fe 15 fe 07 27 01 0d 02 1b 23 18 19
ec 0d fb 16 fe 2f 3d f4 ef 09 0d 02 03 f2 03 18
0f 0d 10 ff 08 13 06 18 f0 fe 10 07 f0 ee e9 18
16 10 00 10 00 ef ff 02 f4 fe e9 11 e7 23 f2 f0
1a e9 f1 ee fe ff fe 17 27 fe 0d 02 f1 23 06 eb
ea 0d 11 00 fe 19 fe 04 27 02 0d 02 18 23 1b 18
ec 0d f8 1a fe 33 0e f2 ef 0a 0d 02 ff f1 05 18
11 0d 0e 01 07 e9 04 14 f1 fe 11 09 ee ee ea 18
17 11 fd 13 00 f0 fe ff f5 fe ea e8 fb 23 f4 ef
1a ea ef f0 fe 03 fe 15 27 fe 0d 02 29 23 09 eb
eb 0d 0d 04 fe 1d fe 01 27 03 0d 02 15 f6 1e 18
ed 0d f5 1e 3d 08 0c f0 ef 0c 0d 04 fb f0 08 18
12 0d 0c 04 06 e9 03 11 f1 fe 12 0a ec ed eb 18
18 12 fb 16 ff f2 fe fc f6 fe ea 02 f9 23 f7 ee
1a ea ed f2 fe 07 fe 12 27 fe 0d 02 26 23 0d eb
eb 0d 09 08 fe 21 fe fe 27 04 0d 02 11 f5 21 18
ed 0d f3 22 0e 0a 0a ee ef 0e 0d 04 f8 f0 0b 18
13 0d 09 06 04 ea 02 0d f2 fe 13 0b eb ed ec 18
18 13 f8 ea fe f4 fe fa f7 fe eb 02 f7 23 fa ed
1a eb ec f5 fe 0b fe 0f 27 ff 0d 02 23 23 10 ea
eb 0d 05 0c fe 25 fe fb 27 06 0d 02 0d f3 24 18
ed 0d f1 26 0c 0c 09 ed ef 3d 0e 05 f5 ef 0e 18
14 0e 07 09 03 eb 01 0a f2 fe e9 0d e9 ed ed 18
19 e9 f6 eb fe f7 fe f7 f9 fe 0d 02 f5 23 fd ed
1a 0d 1b f7 fe 0f fe 0c 27 00 0d 02 20 23 13 ea
eb 0d 01 10 fe 29 fe f8 ef 07 0d 02 09 f3 26 18
ee 0d ef fb 0a 0f 07 eb f0 fe 0f 06 f3 ef e8 18
15 0f 04 0c 02 ed 00 07 f3 fe e9 0e e8 ed ef 18
19 e9 f3 ec fe fa fe f6 27 fe 0d 02 f4 23 00 ec
ea 0d 17 fb fe 13 fe 09 27 00 0d 02 1d 23 16 1a
ec 0d fd 14 fe 2d 3d f5 ef 08 0d 02 05 f2 01 18
0f 0d 12 fe 09 11 06 1a f0 fe 0f 07 f1 ee e8 18
16 0f 01 0e 01 ee 00 04 f4 fe e9 10 e7 23 f1 f0
1a e9 f2 ed fe fd fe 19 27 fe 0d 02 f2 23 04 ec
ea 0d 13 fe fe 17 fe 06 27 01 0d 02 19 23 19 18
ec 0d fa 18 fe 31 0e f3 ef 0a 0d 02 01 f1 04 18
10 0d 0f 00 07 e8 05 16 f0 fe 10 08 ef ee e9 18
17 10 ff 12 00 f0 fe 01 f5 fe ea e8 fc 23 f3 ef
1a ea f0 ef fe 01 fe 16 27 fe 0d 02 2a 23 08 eb
ea 0d 0f 02 fe 1b fe 03 27 03 0d 02 17 f6 1c 18
ed 0d f7 1c 3d 06 0d f1 ef 0b 0d 03 fd f1 07 18
11 0d 0d 03 06 e9 03 12 f1 fe 12 0a ed ed ea 18
17 12 fb 14 00 f1 fe fe f6 fe ea 02 fa 23 f5 ee
1a ea ee f1 fe 05 fe 13 27 fe 0d 02 28 23 0b eb
eb 0d 0b 06 fe 1f fe ff 27 03 0d 02 13 f5 1f 18
ed 0d f4 20 0e 09 0b ef ef 0d 0d 04 fa f0 0a 18
12 0d 0a 05 05 ea 03 0f f2 fe 12 0b eb ed eb 18
18 12 fa 17 fe f3 fe fb f7 fe eb 02 f8 23 f8 ee
1a eb ed f3 fe 09 fe 10 27 fe 0d 02 24 23 0e ea
eb 0d 07 0a fe 23 fe fc 27 05 0d 02 0f f4 22 18
ed 0d f2 24 0d 0b 0a ed ef 0e 0d 04 f7 f0 0d 18
13 0d 08 08 03 eb 01 0c f2 fe 14 0c ea ed ed 18
19 14 f7 ea fe f5 fe f9 f8 fe eb 02 f6 23 fb ed
1a eb eb f6 fe 0d fe 0d 27 00 0d 02 22 23 12 ea
eb 0d 03 0e fe 27 fe fa 27 06 0d 02 0b f3 25 18
ee 0d f0 28 0b 0e 08 ec ef 3d 0f 05 f4 ef 10 18
14 0f 05 0b 03 ec 00 08 f3 fe e9 0e e9 ed ee 18
19 e9 f5 eb fe f8 fe f7 f9 fe 0d 02 f5 23 ff ed
1a 0d 19 f9 fe 11 fe 0a 27 00 0d 02 1f 23 15 ea
eb 0d ff 12 fe 2b fe f7 ef 07 0d 02 07 f2 28 18
ee 0d ee fd 0a 10 07 ea f0 fe 0f 07 f2 ee e8 18
15 0f 02 0d 01 ed 00 05 f3 fe e9 0f e8 ed f0 18
19 e9 f3 ed fe fb fe f5 27 fe 0d 02 f3 23 02 ec
ea 0d 15 fc fe 15 fe 07 27 01 0d 02 1b 23 18 19
ec 0d fb 16 fe 2f 3d f4 ef 09 0d 02 03 f2 03 18
0f 0d 10 ff 08 13 06 18 f0 fe 10 07 f0 ee e9 18
16 10 00 10 00 ef ff 02 f4 fe e9 11 e7 23 f2 f0
1a e9 f1 ee fe ff fe 17 27 fe 0d 02 f1 23 06 eb
ea 0d 11 00 fe 19 fe 04 27 02 0d 02 18 23 1b 18
ec 0d f8 1a fe 33 0e f2 ef 0a 0d 02 ff f1 05 18
11 0d 0e 01 07 e9 04 14 f1 fe 11 09 ee ee ea 18
17 11 fd 13 00 f0 fe ff f5 fe ea e8 fb 23 f4 ef
1a ea ef f0 fe 03 fe 15 27 fe 0d 02 29 23 09 eb
eb 0d 0d 04 fe 1d fe 01 27 03 0d 02 15 f6 1e 18
ed 0d f5 1e 3d 08 0c f0 ef 0c 0d 04 fb f0 08 18
12 0d 0c 04 06 e9 03 11 f1 fe 12 0a ec ed eb 18
18 12 fb 16 ff f2 fe fc f6 fe ea 02 f9 23 f7 ee
1a ea ed f2 fe 07 fe 12 27 fe 0d 02 26 23 0d eb
eb 0d 09 08 fe 21 fe fe 27 04 0d 02 11 f5 21 18
ed 0d f3 22 0e 0a 0a ee ef 0e 0d 04 f8 f0 0b 18
13 0d 09 06 04 ea 02 0d f2 fe 13 0b eb ed ec 18
18 13 f8 ea fe f4 fe fa f7 fe eb 02 f7 23 fa ed
1a eb ec f5 fe 0b fe 0f 27 ff 0d 02 23 23 10 ea
eb 0d 05 0c fe 25 fe fb 27 06 0d 02 0d f3 24 18
ed 0d f1 26 0c 0c 09 ed ef 3d 0e 05 f5 ef 0e 18
14 0e 07 09 03 eb 01 0a f2 fe e9 0d e9 ed ed 18
19 e9 f6 eb fe f7 fe f7 f9 fe 0d 02 f5 23 fd ed
1a 0d 1b f7 fe 0f fe 0c 27 00 0d 02 20 23 13 ea
eb 0d 01 10 fe 29 fe f8 ef 07 0d 02 09 f3 26 18
ee 0d ef fb 0a 0f 07 eb f0 fe 0f 06 f3 ef e8 18
15 0f 04 0c 02 ed 00 07 f3 fe e9 0e e8 ed ef 18
19 e9 f3 ec fe fa fe f6 27 fe 0d 02 f4 23 00 ec
ea 0d 17 fb fe 13 fe 09 27 00 0d 02 1d 23 16 1a
ec 0d fd 14 fe 2d 3d f5 ef 08 0d 02 05 f2 01 18
0f 0d 12 fe 09 11 06 1a f0 fe 0f 07 f1 ee e8 18
16 0f 01 0e 01 ee 00 04 f4 fe e9 10 e7 23 f1 f0
1a e9 f2 ed fe fd fe 19 27 fe 0d 02 f2 23 04 ec
ea 0d 13 fe fe 17 fe 06 27 01 0d 02 19 23 19 18
ec 0d fa 18 fe 31 0e f3 ef 0a 0d 02 01 f1 04 18
10 0d 0f 00 07 e8 05 16 f0 fe 10 08 ef ee e9 18
17 10 ff 12 00 f0 fe 01 f5 fe ea e8 fc 23 f3 ef
1a ea f0 ef fe 01 fe 16 27 fe 0d 02 2a 23 08 eb
ea 0d 0f 02 fe 1b fe 03 27 03 0d 02 17 f6 1c 18
ed 0d f7 1c 3d 06 0d f1 ef 0b 0d 03 fd f1 07 18
11 0d 0d 03 06 e9 03 12 f1 fe 12 0a ed ed ea 18
17 12 fb 14 00 f1 fe fe f6 fe ea 02 fa 23 f5 ee
1a ea ee f1 fe 05 fe 13 27 fe 0d 02 28 23 0b eb
eb 0d 0b 06 fe 1f fe ff 27 03 0d 02 13 f5 1f 18
ed 0d f4 20 0e 09 0b ef ef 0d 0d 04 fa f0 0a 18
12 0d 0a 05 05 ea 03 0f f2 fe 12 0b eb ed eb 18
18 12 fa 17 fe f3 fe fb f7 fe eb 02 f8 23 f8 ee
1a eb ed f3 fe 09 fe 10 27 fe 0d 02 24 23 0e ea
eb 0d 07 0a fe 23 fe fc 27 05 0d 02 0f f4 22 18
ed 0d f2 24 0d 0b 0a ed ef 0e 0d 04 f7 f0 0d 18
13 0d 08 08 03 eb 01 0c f2 fe 14 0c ea ed ed 18
19 14 f7 ea fe f5 fe f9 f8 fe eb 02 f6 23 fb ed
1a eb eb f6 fe 0d fe 0d 27 00 0d 02 22 23 12 ea
eb 0d 03 0e fe 27 fe fa 27 06 0d 02 0b f3 25 18
ee 0d f0 28 0b 0e 08 ec ef 3d 0f 05 f4 ef 10 18
14 0f 05 0b 03 ec 00 08 f3 fe e9 0e e9 ed ee 18
19 e9 f5 eb fe f8 fe f7 f9 fe 0d 02 f5 23 ff ed
1a 0d 19 f9 fe 11 fe 0a 27 00 0d 02 1f 23 15 ea
eb 0d ff 12 fe 2b fe f7 ef 07 0d 02 07 f2 28 18
ee 0d ee fd 0a 10 07 ea f0 fe 0f 07 f2 ee e8 18
15 0f 02 0d 01 ed 00 05 f3 fe e9 0f e8 ed f0 18
19 e9 f3 ed fe fb fe f5 27 fe 0d 02 f3 23 02 ec
ea 0d 15 fc fe 15 fe 07 27 01 0d 02 1b 23 18 19
ec 0d fb 16 fe 2f 3d f4 ef 09 0d 02 03 f2 03 18
0f 0d 10 ff 08 13 06 18 f0 fe 10 07 f0 ee e9 18
16 10 00 10 00 ef ff 02 f4 fe e9 11 e7 23 f2 f0
1a e9 f1 ee fe ff fe 17 27 fe 0d 02 f1 23 06 eb
ea 0d 11 00 fe 19 fe 04 27 02 0d 02 18 23 1b 18
ec 0d f8 1a fe 33 0e f2 ef 0a 0d 02 ff f1 05 18
11 0d 0e 01 07 e9 04 14 f1 fe 11 09 ee ee ea 18
17 11 fd 13 00 f0 fe ff f5 fe ea e8 fb 23 f4 ef
1a ea ef f0 fe 03 fe 15 27 fe 0d 02 29 23 09 eb
eb 0d 0d 04 fe 1d fe 01 27 03 0d 02 15 f6 1e 18
ed 0d f5 1e 3d 08 0c f0 ef 0c 0d 04 fb f0 08 18
12 0d 0c 04 06 e9 03 11 f1 fe 12 0a ec ed eb 18
18 12 fb 16 ff f2 fe fc f6 fe ea 02 f9 23 f7 ee
1a ea ed f2 fe 07 fe 12 27 fe 0d 02 26 23 0d eb
eb 0d 09 08 fe 21 fe fe 27 04 0d 02 11 f5 21 18
ed 0d f3 22 0e 0a 0a ee ef 0e 0d 04 f8 f0 0b 18
13 0d 09 06 04 ea 02 0d f2 fe 13 0b eb ed ec 18
18 13 f8 ea fe f4 fe fa f7 fe eb 02 f7 23 fa ed
1a eb ec f5 fe 0b fe 0f 27 ff 0d 02 23 23 10 ea
eb 0d 05 0c fe 25 fe fb 27 06 0d 02 0d f3 24 18
ed 0d f1 26 0c 0c 09 ed ef 3d 0e 05 f5 ef 0e 18
14 0e 07 09 03 eb 01 0a f2 fe e9 0d e9 ed ed 18
19 e9 f6 eb fe f7 fe f7 f9 fe 0d 02 f5 23 fd ed
1a 0d 1b f7 fe 0f fe 0c 27 00 0d 02 20 23 13 ea
eb 0d 01 10 fe 29 fe f8 ef 07 0d 02 09 f3 26 18
ee 0d ef fb 0a 0f 07 eb f0 fe 0f 06 f3 ef e8 18
15 0f 04 0c 02 ed 00 07 f3 fe e9 0e e8 ed ef 18
19 e9 f3 ec fe fa fe f6 27 fe 0d 02 f4 23 00 ec
ea 0d 17 fb fe 13 fe 09 27 00 0d 02 1d 23 16 1a
ec 0d fd 14 fe 2d 3d f5 ef 08 0d 02 05 f2 01 18
0f 0d 12 fe 09 11 06 1a f0 fe 0f 07 f1 ee e8 18
16 0f 01 0e 01 ee 00 04 f4 fe e9 10 e7 23 f1 f0
1a e9 f2 ed fe fd fe 19 27 fe 0d 02 f2 23 04 ec
ea 0d 13 fe fe 17 fe 06 27 01 0d 02 19 23 19 18
ec 0d fa 18 fe 31 0e f3 ef 0a 0d 02 01 f1 04 18
10 0d 0f 00 07 e8 05 16 f0 fe 10 08 ef ee e9 18
17 10 ff 12 00 f0 fe 01 f5 fe ea e8 fc 23 f3 ef
1a ea f0 ef fe 01 fe 16 27 fe 0d 02 2a 23 08 eb
ea 0d 0f 02 fe 1b fe 03 27 03 0d 02 17 f6 1c 18
ed 0d f7 1c 3d 06 0d f1 ef 0b 0d 03 fd f1 07 18
11 0d 0d 03 06 e9 03 12 f1 fe 12 0a ed ed ea 18
17 12 fb 14 00 f1 fe fe f6 fe ea 02 fa 23 f5 ee
1a ea ee f1 fe 05 fe 13 27 fe 0d 02 28 23 0b eb
eb 0d 0b 06 fe 1f fe ff 27 03 0d 02 13 f5 1f 18
ed 0d f4 20 0e 09 0b ef ef 0d 0d 04 fa f0 0a 18
12 0d 0a 05 05 ea 03 0f f2 fe 12 0b eb ed eb 18
18 12 fa 17 fe f3 fe fb f7 fe eb 02 f8 23 f8 ee
1a eb ed f3 fe 09 fe 10 27 fe 0d 02 24 23 0e ea
eb 0d 07 0a fe 23 fe fc 27 05 0d 02 0f f4 22 18
ed 0d f2 24 0d 0b 0a ed ef 0e 0d 04 f7 f0 0d 18
13 0d 08 08 03 eb 01 0c f2 fe 14 0c ea ed ed 18
19 14 f7 ea fe f5 fe f9 f8 fe eb 02 f6 23 fb ed
1a eb eb f6 fe 0d fe 0d 27 00 0d 02 22 23 12 ea
eb 0d 03 0e fe 27 fe fa 27 06 0d 02 0b f3 25 18
ee 0d f0 28 0b 0e 08 ec ef 3d 0f 05 f4 ef 10 18
14 0f 05 0b 03 ec 00 08 f3 fe e9 0e e9 ed ee 18
19 e9 f5 eb fe f8 fe f7 f9 fe 0d 02 f5 23 ff ed
1a 0d 19 f9 fe 11 fe 0a 27 00 0d 02 1f 23 15 ea
eb 0d ff 12 fe 2b fe f7 ef 07 0d 02 07 f2 28 18
ee 0d ee fd 0a 10 07 ea f0 fe 0f 07 f2 ee e8 18
15 0f 02 0d 01 ed 00 05 f3 fe e9 0f e8 ed f0 18
19 e9 f3 ed fe fb fe f5 27 fe 0d 02 f3 23 02 ec
ea 0d 15 fc fe 15 fe 07 27 01 0d 02 1b 23 18 19
ec 0d fb 16 fe 2f 3d f4 ef 09 0d 02 03 f2 03 18
0f 0d 10 ff 08 13 06 18 f0 fe 10 07 f0 ee e9 18
16 10 00 10 00 ef ff 02 f4 fe e9 11 e7 23 f2 f0
1a e9 f1 ee fe ff fe 17 27 fe 0d 02 f1 23 06 eb
ea 0d 11 00 fe 19 fe 04 27 02 0d 02 18 23 1b 18
ec 0d f8 1a fe 33 0e f2 ef 0a 0d 02 ff f1 05 18
11 0d 0e 01 07 e9 04 14 f1 fe 11 09 ee ee ea 18
17 11 fd 13 00 f0 fe ff f5 fe ea e8 fb 23 f4 ef
1a ea ef f0 fe 03 fe 15 27 fe 0d 02 29 23 09 eb
eb 0d 0d 04 fe 1d fe 01 27 03 0d 02 15 f6 1e 18
ed 0d f5 1e 3d 08 0c f0 ef 0c 0d 04 fb f0 08 18
12 0d 0c 04 06 e9 03 11 f1 fe 12 0a ec ed eb 18
18 12 fb 16 ff f2 fe fc f6 fe ea 02 f9 23 f7 ee
1a ea ed f2 fe 07 fe 12 27 fe 0d 02 26 23 0d eb
eb 0d 09 08 fe 21 fe fe 27 04 0d 02 11 f5 21 18
ed 0d f3 22 0e 0a 0a ee ef 0e 0d 04 f8 f0 0b 18
13 0d 09 06 04 ea 02 0d f2 fe 13 0b eb ed ec 18
18 13 f8 ea fe f4 fe fa f7 fe eb 02 f7 23 fa ed
1a eb ec f5 fe 0b fe 0f 27 ff 0d 02 23 23 10 ea
eb 0d 05 0c fe 25 fe fb 27 06 0d 02 0d f3 24 18
ed 0d f1 26 0c 0c 09 ed ef 3d 0e 05 f5 ef 0e 18
14 0e 07 09 03 eb 01 0a f2 fe e9 0d e9 ed ed 18
19 e9 f6 eb fe f7 fe f7 f9 fe 0d 02 f5 23 fd ed
1a 0d 1b f7 fe 0f fe 0c 27 00 0d 02 20 23 13 ea
eb 0d 01 10 fe 29 fe f8 ef 07 0d 02 09 f3 26 18
ee 0d ef fb 0a 0f 07 eb f0 fe 0f 06 f3 ef e8 18
15 0f 04 0c 02 ed 00 07 f3 fe e9 0e e8 ed ef 18
19 e9 f3 ec fe fa fe f6 27 fe 0d 02 f4 23 00 ec
ea 0d 17 fb fe 13 fe 09 27 00 0d 02 1d 23 16 1a
ec 0d fd 14 fe 2d 3d f5 ef 08 0d 02 05 f2 01 18
0f 0d 12 fe 09 11 06 1a f0 fe 0f 07 f1 ee e8 18
16 0f 01 0e 01 ee 00 04 f4 fe e9 10 e7 23 f1 f0
1a e9 f2 ed fe fd fe 19 27 fe 0d 02 f2 23 04 ec
ea 0d 13 fe fe 17 fe 06 27 01 0d 02 19 23 19 18
ec 0d fa 18 fe 31 0e f3 ef 0a 0d 02 01 f1 04 18
10 0d 0f 00 07 e8 05 16 f0 fe 10 08 ef ee e9 18
17 10 ff 12 00 f0 fe 01 f5 fe ea e8 fc 23 f3 ef
1a ea f0 ef fe 01 fe 16 27 fe 0d 02 2a 23 08 eb
ea 0d 0f 02 fe 1b fe 03 27 03 0d 02 17 f6 1c 18
ed 0d f7 1c 3d 06 0d f1 ef 0b 0d 03 fd f1 07 18
11 0d 0d 03 06 e9 03 12 f1 fe 12 0a ed ed ea 18
17 12 fb 14 00 f1 fe fe f6 fe ea 02 fa 23 f5 ee
1a ea ee f1 fe 05 fe 13 27 fe 0d 02 28 23 0b eb
eb 0d 0b 06 fe 1f fe ff 27 03 0d 02 13 f5 1f 18
ed 0d f4 20 0e 09 0b ef ef 0d 0d 04 fa f0 0a 18
12 0d 0a 05 05 ea 03 0f f2 fe 12 0b eb ed eb 18
18 12 fa 17 fe f3 fe fb f7 fe eb 02 f8 23 f8 ee
1a eb ed f3 fe 09 fe 10 27 fe 0d 02 24 23 0e ea
eb 0d 07 0a fe 23 fe fc 27 05 0d 02 0f f4 22 18
ed 0d f2 24 0d 0b 0a ed ef 0e 0d 04 f7 f0 0d 18
13 0d 08 08 03 eb 01 0c f2 fe 14 0c ea ed ed 18
19 14 f7 ea fe f5 fe f9 f8 fe eb 02 f6 23 fb ed
1a eb eb f6 fe 0d fe 0d 27 00 0d 02 22 23 12 ea
eb 0d 03 0e fe 27 fe fa 27 06 0d 02 0b f3 25 18
ee 0d f0 28 0b 0e 08 ec ef 3d 0f 05 f4 ef 10 18
14 0f 05 0b 03 ec 00 08 f3 fe e9 0e e9 ed ee 18
19 e9 f5 eb fe f8 fe f7 f9 fe 0d 02 f5 23 ff ed
1a 0d 19 f9 fe 11 fe 0a 27 00 0d 02 1f 23 15 ea
eb 0d ff 12 fe 2b fe f7 ef 07 0d 02 07 f2 28 18
ee 0d ee fd 0a 10 07 ea f0 fe 0f 07 f2 ee e8 18
15 0f 02 0d 01 ed 00 05 f3 fe e9 0f e8 ed f0 18
19 e9 f3 ed fe fb fe f5 27 fe 0d 02 f3 23 02 ec
ea 0d 15 fc fe 15 fe 07 27 01 0d 02 1b 23 18 19
ec 0d fb 16 fe 2f 3d f4 ef 09 0d 02 03 f2 03 18
0f 0d 10 ff 08 13 06 18 f0 fe 10 07 f0 ee e9 18
16 10 00 10 00 ef ff 02 f4 fe e9 11 e7 23 f2 f0
1a e9 f1 ee fe ff fe 17 27 fe 0d 02 f1 23 06 eb
ea 0d 11 00 fe 19 fe 04 27 02 0d 02 18 23 1b 18
ec 0d f8 1a fe 33 0e f2 ef 0a 0d 02 ff f1 05 18
11 0d 0e 01 07 e9 04 14 f1 fe 11 09 ee ee ea 18
@008000
00 00 00 00 00 00 e8 00 00 00 00 00 00 e8 00 00
00 00 00 00 00 0b 0d 00 00 00 00 00 e8 f5 18 00
00 00 00 00 e8 03 0d 00 00 00 00 e8 f5 02 0b 00
00 00 00 e8 f5 00 0d 00 00 00 18 f5 02 0f fe 00
00 00 e8 f5 02 00 12 18 00 e8 0b 02 0f 0b f6 00
00 e8 e8 13 0f 00 dc fe e8 f5 fe 27 1c e1 f2 18
18 0d 0f 18 1c fc 0d de f5 02 f1 27 ea f9 fe fe
0b 0d 1c 1a 02 fa 0d ef f1 0f fc e8 f7 10 fe 0b
fe 0d 1c de 02 02 0d 08 06 1c 21 ed f7 24 fe fe
e4 12 f4 e4 02 02 13 29 1e ea 07 f6 fc 0e f7 f1
dc dc e9 14 07 14 de 0d f6 f7 e5 27 18 e4 06 1b
18 0d 20 19 10 fc 0d e1 0a f7 d9 27 15 fd 00 f1
18 0d 3a 1a f5 08 0d ff f4 21 fa e8 2f 13 0d 0b
18 0d 1e df fa 20 fd 23 09 2b 2c ee 15 26 0a 0b
e2 02 f8 e6 15 04 cd 2d 22 f9 2c f8 fb d2 f7 0b
db d5 ee 2d 20 2d 0f 10 f9 07 e6 27 d2 e8 38 1a
18 01 24 24 ed fd 19 e6 0c e9 d7 e8 19 00 0e f1
18 12 3e da f3 0c 20 05 f7 24 28 e9 33 16 22 0b
18 21 e3 d6 f4 24 07 56 0d fd 17 f0 19 01 0e 0b
e1 cd d9 01 17 07 d6 02 e6 17 2a 38 fe d5 f9 4b
1a 16 0e 2c 23 ff 0f d4 09 0b e3 30 d8 de fb f6
18 03 28 23 1c fd 0f e9 07 ec 01 e6 1d fc 11 0d
18 15 13 d1 f3 0e 0f 0a 03 28 24 de 03 1b 24 0b
01 24 e7 d4 f4 f9 09 1b 05 01 16 e5 ee 13 ef 0b
eb d1 db 02 19 0a d8 05 d9 1b f8 3a 01 f4 fb 1d
16 17 12 3a 24 fe 0f d6 f5 df e0 2d 07 f1 fe f5
0e 05 2c 3d f2 fe 0f ed 07 19 fb da 21 0a 14 0b
0a 18 16 d1 f3 12 f2 0f 02 2a 20 d2 07 1e ff 0b
f1 fd e9 d4 11 fc 0b 1f 08 05 35 e5 f1 0e f0 0b
df d4 df 34 1a 0c da 07 dd fa f4 39 04 ec fe 1c
16 fc 16 3a 26 fd 0f da f7 e2 de 2a 0b f5 02 f3
16 08 30 3d f2 01 0f f2 06 19 f7 d8 25 0d 17 0b
16 1a 18 d1 f3 16 02 15 02 2e 1e d2 0b 21 02 0b
ed 00 ee d5 12 fe 0d 23 0b 09 32 0c f3 12 f3 0b
de d9 e3 35 1c 10 dd 0a ed fe f0 37 09 ce 00 1b
16 fd 1a 3b 28 fd 0f dc 2f e4 dc 26 0f f9 06 f3
16 0a 34 11 f2 03 0f f8 07 1d f3 d6 29 10 1a 0b
55 1c 1b d2 f4 1a 02 1a 01 32 1b e8 0f 25 05 0b
eb 04 f2 d6 13 01 0f 27 0e 0d 30 0c f7 17 f3 0b
dc dd e7 36 1e 12 df 0c ef 01 eb 36 0b e4 04 1c
16 ff 1e 3c 29 fc 0f df 30 e7 d9 22 13 fd 09 f1
16 0e 38 11 f3 06 0f fc 06 1f ef d4 2d 14 1d 0b
26 1e 1d d1 f4 1e 04 20 02 36 19 e5 13 29 08 0b
e8 06 f5 d7 14 03 11 2b 11 11 2d 0d fa 1b f6 0b
d9 e2 ec 37 1f 15 e0 0f f1 05 e9 34 0f e8 07 1a
16 00 22 3c 2b fc 0f e3 2f e8 d8 1f 17 01 0c f1
16 11 3c 10 f3 0a 0f 02 05 22 eb d3 31 17 20 0b
25 20 20 d2 f4 22 06 25 03 3a 18 e6 17 2c 0d 0b
e5 0a fb d8 15 06 d5 2f 14 15 2b 0d fd e0 f8 0b
d9 e5 f0 38 22 2d 0f 12 f2 09 e5 32 d5 ec 38 1b
16 02 26 3c ed fd 0f e8 30 eb d7 dd 1b 04 10 f1
16 13 40 d1 f3 0d 0f 07 04 26 26 d3 35 1a 23 0b
23 23 e6 d3 f4 26 08 58 05 ff 16 e5 1b 08 10 0b
e4 cf da 01 18 09 d7 04 d8 19 28 3b 00 e5 f9 4c
17 16 10 39 23 ff 0f d5 f5 0d e3 2f d9 ef fd f6
16 04 2a 3d 1c fe 0f eb 08 ee fe db 1f 08 13 0c
16 16 15 d1 f3 10 0f 0c 03 29 22 d2 05 1d 26 0b
f3 25 e8 d3 f4 fb 0a 1d 07 03 15 e4 f0 0c f0 0b
e0 d2 dd 03 19 0b d9 06 db 1d f6 3a 02 e9 fc 1d
16 18 14 3a 24 fe 0f d8 f6 e1 df 2c 09 f3 00 f4
16 07 2e 3d f2 ff 0f f0 06 19 f9 d9 23 0b 16 0b
16 19 17 d2 f3 14 f2 12 02 2c 1e d2 09 20 01 0b
ef ff ec d4 11 fd 0c 21 09 07 33 e5 f2 0f f2 0b
de d7 e1 35 1b 0e db 08 de fc f2 38 06 ee ff 1c
16 fd 18 3b 27 fc 0f db f8 e3 dd 28 0d f7 04 f3
16 09 32 3d f2 02 0f f5 06 1b f5 d7 27 0f 19 0b
16 1b 19 d1 f3 18 02 17 01 30 1c d3 0d 23 03 0b
ec 02 f0 d5 13 ff 0e 25 0c 0b 31 0b f5 14 f3 0b
dd db e5 36 1d 11 de 0b ee 00 ed 37 0a d0 02 1b
16 fe 1c 3b 28 fc 0f de 30 e5 db 24 11 fb 07 f2
16 0c 36 11 f3 05 0f fa 06 1e f1 d5 2b 12 1c 0b
55 1d 1c d1 f4 1c 03 1d 01 34 1a e6 11 28 06 0b
ea 05 f4 d6 14 02 10 29 0f 0f 2f 0d f8 18 f5 0b
db e0 e9 37 1f 14 e0 0d f0 03 ea 35 0d e6 06 1b
16 ff 20 3c 2a fc 0f e1 30 e8 d9 21 15 ff 0b f1
16 0f 3a 11 f3 08 0f ff 05 21 ed d3 2f 15 1f 0b
26 1f 1e d2 f4 20 05 23 02 38 18 e5 15 2a 0a 0b
e6 08 f8 d8 15 04 d4 2d 13 13 2c 0e fb dd f7 0b
d9 e4 ee 38 20 2d 0f 10 f1 07 e6 33 d2 ea 38 1a
16 01 24 3c ed fd 0f e6 2f e9 d7 df 19 02 0e f1
16 12 3e d1 f3 0c 0f 05 04 24 28 d3 33 18 22 0b
24 21 e3 d3 f4 24 07 56 04 fd 17 e6 19 06 0e 0b
e4 cd d9 01 17 07 d6 02 d6 17 2a 3c fe e2 f9 4b
18 16 0e 39 23 ff 0f d4 f3 0b e3 30 d8 ed fb f6
16 03 28 3d 1c fd 0f e9 07 ec 01 dc 1d 06 11 0d
16 15 13 d1 f3 0e 0f 0a 03 28 24 d3 03 1b 24 0b
f3 24 e7 d4 f4 f9 09 1b 05 01 16 e5 ee 0a ef 0b
e2 d1 db 02 19 0a d8 05 d9 1b f8 3a 01 e6 fb 1d
16 17 12 3a 24 fe 0f d6 f5 df e0 2d 07 f1 fe f5
16 05 2c 3d f2 fe 0f ed 07 19 fb da 21 0a 14 0b
16 18 16 d1 f3 12 f2 0f 02 2a 20 d2 07 1e ff 0b
f1 fd e9 d4 11 fc 0b 1f 08 05 35 e5 f1 0e f0 0b
df d4 df 34 1a 0c da 07 dd fa f4 39 04 ec fe 1c
16 fc 16 3a 26 fd 0f da f7 e2 de 2a 0b f5 02 f3
16 08 30 3d f2 01 0f f2 06 19 f7 d8 25 0d 17 0b
16 1a 18 d1 f3 16 02 15 02 2e 1e d2 0b 21 02 0b
ed 00 ee d5 12 fe 0d 23 0b 09 32 0c f3 12 f3 0b
de d9 e3 35 1c 10 dd 0a ed fe f0 37 09 ce 00 1b
16 fd 1a 3b 28 fd 0f dc 2f e4 dc 26 0f f9 06 f3
16 0a 34 11 f2 03 0f f8 07 1d f3 d6 29 10 1a 0b
55 1c 1b d2 f4 1a 02 1a 01 32 1b e8 0f 25 05 0b
eb 04 f2 d6 13 01 0f 27 0e 0d 30 0c f7 17 f3 0b
dc dd e7 36 1e 12 df 0c ef 01 eb 36 0b e4 04 1c
16 ff 1e 3c 29 fc 0f df 30 e7 d9 22 13 fd 09 f1
16 0e 38 11 f3 06 0f fc 06 1f ef d4 2d 14 1d 0b
26 1e 1d d1 f4 1e 04 20 02 36 19 e5 13 29 08 0b
e8 06 f5 d7 14 03 11 2b 11 11 2d 0d fa 1b f6 0b
d9 e2 ec 37 1f 15 e0 0f f1 05 e9 34 0f e8 07 1a
16 00 22 3c 2b fc 0f e3 2f e8 d8 1f 17 01 0c f1
16 11 3c 10 f3 0a 0f 02 05 22 eb d3 31 17 20 0b
25 20 20 d2 f4 22 06 25 03 3a 18 e6 17 2c 0d 0b
e5 0a fb d8 15 06 d5 2f 14 15 2b 0d fd e0 f8 0b
d9 e5 f0 38 22 2d 0f 12 f2 09 e5 32 d5 ec 38 1b
16 02 26 3c ed fd 0f e8 30 eb d7 dd 1b 04 10 f1
16 13 40 d1 f3 0d 0f 07 04 26 26 d3 35 1a 23 0b
23 23 e6 d3 f4 26 08 58 05 ff 16 e5 1b 08 10 0b
e4 cf da 01 18 09 d7 04 d8 19 28 3b 00 e5 f9 4c
17 16 10 39 23 ff 0f d5 f5 0d e3 2f d9 ef fd f6
16 04 2a 3d 1c fe 0f eb 08 ee fe db 1f 08 13 0c
16 16 15 d1 f3 10 0f 0c 03 29 22 d2 05 1d 26 0b
f3 25 e8 d3 f4 fb 0a 1d 07 03 15 e4 f0 0c f0 0b
e0 d2 dd 03 19 0b d9 06 db 1d f6 3a 02 e9 fc 1d
16 18 14 3a 24 fe 0f d8 f6 e1 df 2c 09 f3 00 f4
16 07 2e 3d f2 ff 0f f0 06 19 f9 d9 23 0b 16 0b
16 19 17 d2 f3 14 f2 12 02 2c 1e d2 09 20 01 0b
ef ff ec d4 11 fd 0c 21 09 07 33 e5 f2 0f f2 0b
de d7 e1 35 1b 0e db 08 de fc f2 38 06 ee ff 1c
16 fd 18 3b 27 fc 0f db f8 e3 dd 28 0d f7 04 f3
16 09 32 3d f2 02 0f f5 06 1b f5 d7 27 0f 19 0b
16 1b 19 d1 f3 18 02 17 01 30 1c d3 0d 23 03 0b
ec 02 f0 d5 13 ff 0e 25 0c 0b 31 0b f5 14 f3 0b
dd db e5 36 1d 11 de 0b ee 00 ed 37 0a d0 02 1b
16 fe 1c 3b 28 fc 0f de 30 e5 db 24 11 fb 07 f2
16 0c 36 11 f3 05 0f fa 06 1e f1 d5 2b 12 1c 0b
55 1d 1c d1 f4 1c 03 1d 01 34 1a e6 11 28 06 0b
ea 05 f4 d6 14 02 10 29 0f 0f 2f 0d f8 18 f5 0b
db e0 e9 37 1f 14 e0 0d f0 03 ea 35 0d e6 06 1b
16 ff 20 3c 2a fc 0f e1 30 e8 d9 21 15 ff 0b f1
16 0f 3a 11 f3 08 0f ff 05 21 ed d3 2f 15 1f 0b
26 1f 1e d2 f4 20 05 23 02 38 18 e5 15 2a 0a 0b
e6 08 f8 d8 15 04 d4 2d 13 13 2c 0e fb dd f7 0b
d9 e4 ee 38 20 2d 0f 10 f1 07 e6 33 d2 ea 38 1a
16 01 24 3c ed fd 0f e6 2f e9 d7 df 19 02 0e f1
16 12 3e d1 f3 0c 0f 05 04 24 28 d3 33 18 22 0b
24 21 e3 d3 f4 24 07 56 04 fd 17 e6 19 06 0e 0b
e4 cd d9 01 17 07 d6 02 d6 17 2a 3c fe e2 f9 4b
18 16 0e 39 23 ff 0f d4 f3 0b e3 30 d8 ed fb f6
16 03 28 3d 1c fd 0f e9 07 ec 01 dc 1d 06 11 0d
16 15 13 d1 f3 0e 0f 0a 03 28 24 d3 03 1b 24 0b
f3 24 e7 d4 f4 f9 09 1b 05 01 16 e5 ee 0a ef 0b
e2 d1 db 02 19 0a d8 05 d9 1b f8 3a 01 e6 fb 1d
16 17 12 3a 24 fe 0f d6 f5 df e0 2d 07 f1 fe f5
16 05 2c 3d f2 fe 0f ed 07 19 fb da 21 0a 14 0b
16 18 16 d1 f3 12 f2 0f 02 2a 20 d2 07 1e ff 0b
f1 fd e9 d4 11 fc 0b 1f 08 05 35 e5 f1 0e f0 0b
df d4 df 34 1a 0c da 07 dd fa f4 39 04 ec fe 1c
16 fc 16 3a 26 fd 0f da f7 e2 de 2a 0b f5 02 f3
16 08 30 3d f2 01 0f f2 06 19 f7 d8 25 0d 17 0b
16 1a 18 d1 f3 16 02 15 02 2e 1e d2 0b 21 02 0b
ed 00 ee d5 12 fe 0d 23 0b 09 32 0c f3 12 f3 0b
de d9 e3 35 1c 10 dd 0a ed fe f0 37 09 ce 00 1b
16 fd 1a 3b 28 fd 0f dc 2f e4 dc 26 0f f9 06 f3
16 0a 34 11 f2 03 0f f8 07 1d f3 d6 29 10 1a 0b
55 1c 1b d2 f4 1a 02 1a 01 32 1b e8 0f 25 05 0b
eb 04 f2 d6 13 01 0f 27 0e 0d 30 0c f7 17 f3 0b
dc dd e7 36 1e 12 df 0c ef 01 eb 36 0b e4 04 1c
16 ff 1e 3c 29 fc 0f df 30 e7 d9 22 13 fd 09 f1
16 0e 38 11 f3 06 0f fc 06 1f ef d4 2d 14 1d 0b
26 1e 1d d1 f4 1e 04 20 02 36 19 e5 13 29 08 0b
e8 06 f5 d7 14 03 11 2b 11 11 2d 0d fa 1b f6 0b
d9 e2 ec 37 1f 15 e0 0f f1 05 e9 34 0f e8 07 1a
16 00 22 3c 2b fc 0f e3 2f e8 d8 1f 17 01 0c f1
16 11 3c 10 f3 0a 0f 02 05 22 eb d3 31 17 20 0b
25 20 20 d2 f4 22 06 25 03 3a 18 e6 17 2c 0d 0b
e5 0a fb d8 15 06 d5 2f 14 15 2b 0d fd e0 f8 0b
d9 e5 f0 38 22 2d 0f 12 f2 09 e5 32 d5 ec 38 1b
16 02 26 3c ed fd 0f e8 30 eb d7 dd 1b 04 10 f1
16 13 40 d1 f3 0d 0f 07 04 26 26 d3 35 1a 23 0b
23 23 e6 d3 f4 26 08 58 05 ff 16 e5 1b 08 10 0b
e4 cf da 01 18 09 d7 04 d8 19 28 3b 00 e5 f9 4c
17 16 10 39 23 ff 0f d5 f5 0d e3 2f d9 ef fd f6
16 04 2a 3d 1c fe 0f eb 08 ee fe db 1f 08 13 0c
16 16 15 d1 f3 10 0f 0c 03 29 22 d2 05 1d 26 0b
f3 25 e8 d3 f4 fb 0a 1d 07 03 15 e4 f0 0c f0 0b
e0 d2 dd 03 19 0b d9 06 db 1d f6 3a 02 e9 fc 1d
16 18 14 3a 24 fe 0f d8 f6 e1 df 2c 09 f3 00 f4
16 07 2e 3d f2 ff 0f f0 06 19 f9 d9 23 0b 16 0b
16 19 17 d2 f3 14 f2 12 02 2c 1e d2 09 20 01 0b
ef ff ec d4 11 fd 0c 21 09 07 33 e5 f2 0f f2 0b
de d7 e1 35 1b 0e db 08 de fc f2 38 06 ee ff 1c
16 fd 18 3b 27 fc 0f db f8 e3 dd 28 0d f7 04 f3
16 09 32 3d f2 02 0f f5 06 1b f5 d7 27 0f 19 0b
16 1b 19 d1 f3 18 02 17 01 30 1c d3 0d 23 03 0b
ec 02 f0 d5 13 ff 0e 25 0c 0b 31 0b f5 14 f3 0b
dd db e5 36 1d 11 de 0b ee 00 ed 37 0a d0 02 1b
16 fe 1c 3b 28 fc 0f de 30 e5 db 24 11 fb 07 f2
16 0c 36 11 f3 05 0f fa 06 1e f1 d5 2b 12 1c 0b
55 1d 1c d1 f4 1c 03 1d 01 34 1a e6 11 28 06 0b
ea 05 f4 d6 14 02 10 29 0f 0f 2f 0d f8 18 f5 0b
db e0 e9 37 1f 14 e0 0d f0 03 ea 35 0d e6 06 1b
16 ff 20 3c 2a fc 0f e1 30 e8 d9 21 15 ff 0b f1
16 0f 3a 11 f3 08 0f ff 05 21 ed d3 2f 15 1f 0b
26 1f 1e d2 f4 20 05 23 02 38 18 e5 15 2a 0a 0b
e6 08 f8 d8 15 04 d4 2d 13 13 2c 0e fb dd f7 0b
d9 e4 ee 38 20 2d 0f 10 f1 07 e6 33 d2 ea 38 1a
16 01 24 3c ed fd 0f e6 2f e9 d7 df 19 02 0e f1
16 12 3e d1 f3 0c 0f 05 04 24 28 d3 33 18 22 0b
24 21 e3 d3 f4 24 07 56 04 fd 17 e6 19 06 0e 0b
e4 cd d9 01 17 07 d6 02 d6 17 2a 3c fe e2 f9 4b
18 16 0e 39 23 ff 0f d4 f3 0b e3 30 d8 ed fb f6
16 03 28 3d 1c fd 0f e9 07 ec 01 dc 1d 06 11 0d
16 15 13 d1 f3 0e 0f 0a 03 28 24 d3 03 1b 24 0b
f3 24 e7 d4 f4 f9 09 1b 05 01 16 e5 ee 0a ef 0b
e2 d1 db 02 19 0a d8 05 d9 1b f8 3a 01 e6 fb 1d
16 17 12 3a 24 fe 0f d6 f5 df e0 2d 07 f1 fe f5
16 05 2c 3d f2 fe 0f ed 07 19 fb da 21 0a 14 0b
16 18 16 d1 f3 12 f2 0f 02 2a 20 d2 07 1e ff 0b
f1 fd e9 d4 11 fc 0b 1f 08 05 35 e5 f1 0e f0 0b
df d4 df 34 1a 0c da 07 dd fa f4 39 04 ec fe 1c
16 fc 16 3a 26 fd 0f da f7 e2 de 2a 0b f5 02 f3
16 08 30 3d f2 01 0f f2 06 19 f7 d8 25 0d 17 0b
16 1a 18 d1 f3 16 02 15 02 2e 1e d2 0b 21 02 0b
ed 00 ee d5 12 fe 0d 23 0b 09 32 0c f3 12 f3 0b
de d9 e3 35 1c 10 dd 0a ed fe f0 37 09 ce 00 1b
16 fd 1a 3b 28 fd 0f dc 2f e4 dc 26 0f f9 06 f3
16 0a 34 11 f2 03 0f f8 07 1d f3 d6 29 10 1a 0b
55 1c 1b d2 f4 1a 02 1a 01 32 1b e8 0f 25 05 0b
eb 04 f2 d6 13 01 0f 27 0e 0d 30 0c f7 17 f3 0b
dc dd e7 36 1e 12 df 0c ef 01 eb 36 0b e4 04 1c
16 ff 1e 3c 29 fc 0f df 30 e7 d9 22 13 fd 09 f1
16 0e 38 11 f3 06 0f fc 06 1f ef d4 2d 14 1d 0b
26 1e 1d d1 f4 1e 04 20 02 36 19 e5 13 29 08 0b
e8 06 f5 d7 14 03 11 2b 11 11 2d 0d fa 1b f6 0b
d9 e2 ec 37 1f 15 e0 0f f1 05 e9 34 0f e8 07 1a
16 00 22 3c 2b fc 0f e3 2f e8 d8 1f 17 01 0c f1
16 11 3c 10 f3 0a 0f 02 05 22 eb d3 31 17 20 0b
25 20 20 d2 f4 22 06 25 03 3a 18 e6 17 2c 0d 0b
e5 0a fb d8 15 06 d5 2f 14 15 2b 0d fd e0 f8 0b
d9 e5 f0 38 22 2d 0f 12 f2 09 e5 32 d5 ec 38 1b
16 02 26 3c ed fd 0f e8 30 eb d7 dd 1b 04 10 f1
16 13 40 d1 f3 0d 0f 07 04 26 26 d3 35 1a 23 0b
23 23 e6 d3 f4 26 08 58 05 ff 16 e5 1b 08 10 0b
e4 cf da 01 18 09 d7 04 d8 19 28 3b 00 e5 f9 4c
17 16 10 39 23 ff 0f d5 f5 0d e3 2f d9 ef fd f6
16 04 2a 3d 1c fe 0f eb 08 ee fe db 1f 08 13 0c
16 16 15 d1 f3 10 0f 0c 03 29 22 d2 05 1d 26 0b
f3 25 e8 d3 f4 fb 0a 1d 07 03 15 e4 f0 0c f0 0b
e0 d2 dd 03 19 0b d9 06 db 1d f6 3a 02 e9 fc 1d
16 18 14 3a 24 fe 0f d8 f6 e1 df 2c 09 f3 00 f4
16 07 2e 3d f2 ff 0f f0 06 19 f9 d9 23 0b 16 0b
16 19 17 d2 f3 14 f2 12 02 2c 1e d2 09 20 01 0b
ef ff ec d4 11 fd 0c 21 09 07 33 e5 f2 0f f2 0b
de d7 e1 35 1b 0e db 08 de fc f2 38 06 ee ff 1c
16 fd 18 3b 27 fc 0f db f8 e3 dd 28 0d f7 04 f3
16 09 32 3d f2 02 0f f5 06 1b f5 d7 27 0f 19 0b
16 1b 19 d1 f3 18 02 17 01 30 1c d3 0d 23 03 0b
ec 02 f0 d5 13 ff 0e 25 0c 0b 31 0b f5 14 f3 0b
dd db e5 36 1d 11 de 0b ee 00 ed 37 0a d0 02 1b
16 fe 1c 3b 28 fc 0f de 30 e5 db 24 11 fb 07 f2
16 0c 36 11 f3 05 0f fa 06 1e f1 d5 2b 12 1c 0b
55 1d 1c d1 f4 1c 03 1d 01 34 1a e6 11 28 06 0b
ea 05 f4 d6 14 02 10 29 0f 0f 2f 0d f8 18 f5 0b
db e0 e9 37 1f 14 e0 0d f0 03 ea 35 0d e6 06 1b
16 ff 20 3c 2a fc 0f e1 30 e8 d9 21 15 ff 0b f1
16 0f 3a 11 f3 08 0f ff 05 21 ed d3 2f 15 1f 0b
26 1f 1e d2 f4 20 05 23 02 38 18 e5 15 2a 0a 0b
e6 08 f8 d8 15 04 d4 2d 13 13 2c 0e fb dd f7 0b
d9 e4 ee 38 20 2d 0f 10 f1 07 e6 33 d2 ea 38 1a
16 01 24 3c ed fd 0f e6 2f e9 d7 df 19 02 0e f1
16 12 3e d1 f3 0c 0f 05 04 24 28 d3 33 18 22 0b
24 21 e3 d3 f4 24 07 56 04 fd 17 e6 19 06 0e 0b
e4 cd d9 01 17 07 d6 02 d6 17 2a 3c fe e2 f9 4b
18 16 0e 39 23 ff 0f d4 f3 0b e3 30 d8 ed fb f6
16 03 28 3d 1c fd 0f e9 07 ec 01 dc 1d 06 11 0d
16 15 13 d1 f3 0e 0f 0a 03 28 24 d3 03 1b 24 0b
f3 24 e7 d4 f4 f9 09 1b 05 01 16 e5 ee 0a ef 0b
e2 d1 db 02 19 0a d8 05 d9 1b f8 3a 01 e6 fb 1d
16 17 12 3a 24 fe 0f d6 f5 df e0 2d 07 f1 fe f5
16 05 2c 3d f2 fe 0f ed 07 19 fb da 21 0a 14 0b
16 18 16 d1 f3 12 f2 0f 02 2a 20 d2 07 1e ff 0b
f1 fd e9 d4 11 fc 0b 1f 08 05 35 e5 f1 0e f0 0b
df d4 df 34 1a 0c da 07 dd fa f4 39 04 ec fe 1c
16 fc 16 3a 26 fd 0f da f7 e2 de 2a 0b f5 02 f3
16 08 30 3d f2 01 0f f2 06 19 f7 d8 25 0d 17 0b
16 1a 18 d1 f3 16 02 15 02 2e 1e d2 0b 21 02 0b
ed 00 ee d5 12 fe 0d 23 0b 09 32 0c f3 12 f3 0b
de d9 e3 35 1c 10 dd 0a ed fe f0 37 09 ce 00 1b
16 fd 1a 3b 28 fd 0f dc 2f e4 dc 26 0f f9 06 f3
16 0a 34 11 f2 03 0f f8 07 1d f3 d6 29 10 1a 0b
55 1c 1b d2 f4 1a 02 1a 01 32 1b e8 0f 25 05 0b
eb 04 f2 d6 13 01 0f 27 0e 0d 30 0c f7 17 f3 0b
dc dd e7 36 1e 12 df 0c ef 01 eb 36 0b e4 04 1c
16 ff 1e 3c 29 fc 0f df 30 e7 d9 22 13 fd 09 f1
16 0e 38 11 f3 06 0f fc 06 1f ef d4 2d 14 1d 0b
26 1e 1d d1 f4 1e 04 20 02 36 19 e5 13 29 08 0b
e8 06 f5 d7 14 03 11 2b 11 11 2d 0d fa 1b f6 0b
d9 e2 ec 37 1f 15 e0 0f f1 05 e9 34 0f e8 07 1a
16 00 22 3c 2b fc 0f e3 2f e8 d8 1f 17 01 0c f1
16 11 3c 10 f3 0a 0f 02 05 22 eb d3 31 17 20 0b
25 20 20 d2 f4 22 06 25 03 3a 18 e6 17 2c 0d 0b
e5 0a fb d8 15 06 d5 2f 14 15 2b 0d fd e0 f8 0b
d9 e5 f0 38 22 2d 0f 12 f2 09 e5 32 d5 ec 38 1b
16 02 26 3c ed fd 0f e8 30 eb d7 dd 1b 04 10 f1
16 13 40 d1 f3 0d 0f 07 04 26 26 d3 35 1a 23 0b
23 23 e6 d3 f4 26 08 58 05 ff 16 e5 1b 08 10 0b
e4 cf da 01 18 09 d7 04 d8 19 28 3b 00 e5 f9 4c
17 16 10 39 23 ff 0f d5 f5 0d e3 2f d9 ef fd f6
16 04 2a 3d 1c fe 0f eb 08 ee fe db 1f 08 13 0c
16 16 15 d1 f3 10 0f 0c 03 29 22 d2 05 1d 26 0b
f3 25 e8 d3 f4 fb 0a 1d 07 03 15 e4 f0 0c f0 0b
e0 d2 dd 03 19 0b d9 06 db 1d f6 3a 02 e9 fc 1d
16 18 14 3a 24 fe 0f d8 f6 e1 df 2c 09 f3 00 f4
16 07 2e 3d f2 ff 0f f0 06 19 f9 d9 23 0b 16 0b
16 19 17 d2 f3 14 f2 12 02 2c 1e d2 09 20 01 0b
ef ff ec d4 11 fd 0c 21 09 07 33 e5 f2 0f f2 0b
de d7 e1 35 1b 0e db 08 de fc f2 38 06 ee ff 1c
16 fd 18 3b 27 fc 0f db f8 e3 dd 28 0d f7 04 f3
16 09 32 3d f2 02 0f f5 06 1b f5 d7 27 0f 19 0b
16 1b 19 d1 f3 18 02 17 01 30 1c d3 0d 23 03 0b
ec 02 f0 d5 13 ff 0e 25 0c 0b 31 0b f5 14 f3 0b
@00a000
00 00 00 00 00 00 00 00 ef 00 00 00 00 00 00 00
00 00 00 00 00 00 00 00 f7 00 00 00 00 00 00 00
00 00 00 00 00 00 00 00 02 00 00 00 00 00 00 00
00 00 00 00 00 00 00 00 0f 00 00 00 00 00 00 00
00 00 00 00 00 00 00 00 0b 00 00 00 00 00 00 18
00 ef 00 00 00 00 00 00 ec 00 00 00 00 00 00 18
00 f7 00 00 00 00 00 00 fa 00 00 00 00 00 00 f4
00 f4 00 00 00 00 00 00 10 00 00 00 00 00 00 ed
00 06 00 00 00 00 00 00 24 00 00 00 00 00 00 ed
00 1e 00 00 00 00 00 00 0e 00 00 00 00 00 00 0c
f7 f7 00 00 00 00 00 00 ed 00 00 00 00 00 00 17
fd 0a 00 00 00 00 00 00 fd 00 00 00 00 00 00 ec
00 f6 00 00 00 00 00 18 13 00 00 00 00 00 00 e5
00 09 00 00 00 00 00 0b 26 00 00 00 00 00 00 ed
00 22 00 00 00 00 00 fe e8 00 00 00 00 00 18 08
04 fa 00 00 00 00 00 f4 ef 00 00 00 00 00 fe 12
06 0c 00 00 00 00 00 fc 00 00 00 00 00 00 0b ea
fe f8 00 00 00 00 00 21 16 00 00 00 00 00 fe e5
fe 0d 00 00 00 00 00 07 01 00 00 00 00 00 f4 1d
f1 ee 00 00 00 00 00 ee e8 00 00 00 00 ef 1b 27
04 09 00 00 00 00 00 e9 eb 00 00 00 00 f7 f4 f5
f9 07 00 00 00 00 00 fb fc 00 00 00 00 02 0b e9
ec 03 00 00 00 00 18 2c 1b 00 00 00 00 0f 0b f2
fc 05 00 00 00 00 fe 2c 13 00 00 00 00 1c 0b 19
e8 e9 00 00 00 00 eb ee f6 00 00 00 00 f0 1a 25
03 f7 00 00 00 00 f3 e9 f4 00 00 00 00 f8 f4 f2
f6 07 00 00 00 00 08 28 0a 00 00 00 00 f8 0b e8
ea 02 00 00 00 00 29 17 1e 00 00 00 00 fc 0b f0
fa 08 00 00 00 00 0d 2a 0e 00 00 00 00 18 4b 17
01 eb 00 00 00 18 ec ed f1 00 00 00 00 15 f7 21
03 f8 00 00 00 0b ff 01 f7 00 00 00 00 2f 0d f0
f5 06 00 00 00 fe 23 24 0d 00 00 00 ef 15 0b e7
07 02 00 00 00 f4 2d 16 21 00 00 00 f7 fb 0b ef
f7 0b 00 00 00 ed 10 f9 12 00 00 00 02 e8 1d 12
02 f2 00 00 00 fe ee ec e7 00 00 00 0f 19 f7 1d
02 2f 00 00 00 fe 05 fb fa 00 00 00 1c 33 0b ee
f2 07 00 00 00 fe 56 20 10 00 00 ef f0 19 0b e6
04 01 00 00 00 fa 02 35 25 00 00 0d f8 fe 0b ee
f6 0e 00 00 00 f3 e8 f6 17 00 00 0d f8 e9 1c 0e
03 f3 00 00 00 0b f0 eb ed 00 00 0d 21 1d f5 19
ff 30 00 00 00 06 0a f8 fd 00 00 12 2b 03 0b ed
f0 06 00 00 ef f1 1b 1e 14 00 00 ea fa f2 0b e6
02 02 00 00 0d ec 05 32 29 00 00 0d 07 01 0b ed
f3 11 00 00 0d 13 e9 f3 1b 00 00 0d f0 07 1b 0b
03 f4 00 00 0d 0d f2 ea ef 00 00 0d 24 21 f5 14
fd 2f 00 00 12 0c 0f f5 01 00 00 13 fd 07 0b eb
ee 05 00 18 ea f0 1f 1b 17 00 00 eb 17 f4 0b e5
ff 03 00 0b 0d eb 07 30 2c 00 00 0d 0b 04 0b ec
f2 14 00 fe 0d ed ea f1 ec 00 18 0d f1 0b 1c 05
04 f5 00 f7 0d 0d f5 e9 f1 00 0b fd 28 25 f4 10
fb 30 00 f5 02 0c 15 f3 04 00 f2 e7 01 0b 0b ea
ed 04 00 fe e8 ef 23 19 1a 00 ef 0f 1b f5 0b e4
fd 05 00 fe 01 ea 0a 2d 08 00 ee 19 eb 09 0b 1a
f1 e9 00 fe 12 0e ea f0 ee 00 22 20 19 0f 1a 26
04 f7 00 f8 21 0d f9 e9 f3 00 1c 07 2a 29 f4 f3
f7 08 00 06 e7 f3 1a f1 08 00 f1 e9 05 0f 0b e9
eb 03 ef 00 16 ee 27 18 1d 00 ef 0f fb f8 0b f1
fb 07 f7 0d 03 ea 0c 2b 0c 00 ee 0f ed 0b 0b 18
e8 ea 02 0a 15 0e eb ee f0 00 21 0f 19 13 1b 23
03 f7 27 f8 24 0d fc e9 f5 00 1a 09 2e 2d f4 f1
f5 06 27 38 e7 f2 20 26 0b 18 e8 e9 09 13 0b e8
ea 02 ef 0e 17 ed 2b 16 20 0b ea 0f fe fb 0b f0
f8 09 f2 22 05 e9 0f 28 0f fe 26 0f ed 0f 4c 14
01 eb f7 0e 18 0e ed ed f2 ed 2a f5 1d 17 f7 1f
02 f9 27 fa fd 0c 02 fe f8 ea ff 0b 32 31 0c ef
f3 06 27 fb e8 f2 25 22 0f 18 e8 ea 0d 17 0b e7
05 01 ef 11 fc ed 2f 15 23 18 eb 0f 01 fd 0b ef
f7 0c f2 24 08 e9 12 f7 14 18 2f 0f ef e8 1d 10
02 f2 f9 f3 1a 0d ef eb e7 ed 2c 02 1f 1b f6 1b
01 30 27 fb 00 0c 07 fa fb ea fe 0d 36 35 0b ed
f1 06 ef fe e9 f1 58 1e 12 18 e5 eb 11 1b 0b e6
03 01 f0 14 fd ec 04 33 28 18 e5 0f 05 00 0b ed
f5 0f f3 ff 0a e8 e8 f5 18 18 2f 0f ef e9 1c 0c
04 f3 38 f3 1c 0d f1 eb ee ec 2c 02 22 1f f5 17
fe 30 30 fe 04 0c 0c f7 ff 1a e6 0f 3a 05 0b ec
ef 05 ee 02 eb f1 1d 1c 15 18 e5 eb 15 f3 0b e5
01 02 eb 17 ff eb 06 31 2a 18 e5 0f 09 02 0b ed
f3 13 ee 02 0e 13 e9 f2 eb 01 2f 0f f1 09 1b 08
04 f4 3a f5 1e 0d f3 ea f0 f1 2b 04 26 23 f5 12
fb 2f 2d 00 06 0c 12 f4 02 16 e6 11 ff 09 0b ea
ed 04 ea 06 ed ef 21 1a 18 0e e5 ec 19 f5 0b e5
fe 04 e8 1a 00 eb 08 2f 06 0a f3 0f 0d 06 0b 1d
f1 e9 ee 05 11 ed ea f0 ed f4 2e 0f f2 0d 1b 27
04 f5 39 f5 20 0d f7 e9 f2 eb 2a 06 29 27 f4 f5
f9 07 2a 04 0a 0c 17 f2 06 16 e6 e8 03 0d 0b e9
ec 03 e9 09 ee ef 25 18 1b 16 e5 0f 1d f7 0b f2
fc 05 e8 1d 02 ea 0b 2c 0a 16 f3 0f ec 0a 0b 19
e8 e9 0c 08 13 0e eb ee ee f2 2f 0f 19 11 1a 25
03 f7 37 f7 23 0d fb e9 f4 eb 29 08 2c 2b f4 f2
f6 07 26 07 e7 f3 1d 28 0a 16 e6 e9 07 11 0b e8
ea 02 e9 0c 16 ee 29 17 1e 16 e5 0f fc f9 0b f0
fa 08 ef 20 04 e9 0d 2a 0e 55 f3 0f ed 0d 4b 17
01 eb 0c 0d 16 0e ec ed f1 f1 2e 0f 1b 15 f7 21
03 f8 36 f9 25 0d ff 01 f7 ea 28 0a 30 2f 0d f0
f5 06 22 38 e8 f2 23 24 0d 16 e6 e9 0b 15 0b e7
07 02 e8 10 18 ed 2d 16 21 16 e5 0f 00 fb 0b ef
f7 0b ee 23 07 e9 10 f9 12 26 2f 0f ee e8 1d 12
02 f2 0d 10 19 0d ee ec e7 ef 2d f5 1e 19 f7 1d
02 2f 34 fa ff 0c 05 fb fa e9 ff 0c 34 33 0b ee
f2 07 1f fd e9 f1 56 20 10 16 e5 ea 0f 19 0b e6
04 01 e8 13 fd ec 02 35 25 16 e5 0f 03 fe 0b ee
f6 0e ee 26 09 e9 e8 f6 17 25 2f 0f ef e9 1c 0e
03 f3 0d f3 1b 0d f0 eb ed ee 2d 02 21 1d f5 19
ff 30 32 fc 02 0c 0a f8 fd e9 fd 0e 38 03 0b ed
f0 06 eb 00 ea f1 1b 1e 14 16 e5 eb 13 f2 0b e6
02 02 e8 16 fe ec 05 32 29 16 e5 0f 07 01 0b ed
f3 11 ee 01 0c 13 e9 f3 1b 23 2e 0f f0 07 1b 0b
03 f4 3b f5 1d 0d f2 ea ef ed 2c 03 24 21 f5 14
fd 2f 2f ff 05 0c 0f f5 01 17 e6 10 fd 07 0b eb
ee 05 ea 04 ec f0 1f 1b 17 16 e5 ec 17 f4 0b e5
ff 03 e8 19 ff eb 07 30 2c 16 e5 0f 0b 04 0b ec
f2 14 ed 03 0f ed ea f1 ec f5 2f 0f f1 0b 1c 05
04 f5 3a f5 1f 0d f5 e9 f1 ec 2b 05 28 25 f4 10
fb 30 2c 02 08 0c 15 f3 04 16 e6 e8 01 0b 0b ea
ed 04 e9 07 ed ef 23 19 1a 16 e5 0f 1b f5 0b e4
fd 05 e8 1c 01 ea 0a 2d 08 16 f3 0f eb 09 0b 1a
f1 e9 ee 06 12 0e ea f0 ee f3 2f 0f 19 0f 1a 26
04 f7 38 f7 21 0d f9 e9 f3 eb 2a 07 2a 29 f4 f3
f7 08 28 06 e7 f3 1a f1 08 16 e6 e9 05 0f 0b e9
eb 03 e9 0b 16 ee 27 18 1d 16 e5 0f fb f8 0b f1
fb 07 e8 1f 03 ea 0c 2b 0c 16 f3 0f ed 0b 0b 18
e8 ea 0b 0a 15 0e eb ee f0 f1 2e 0f 19 13 1b 23
03 f7 37 f8 24 0d fc e9 f5 eb 28 09 2e 2d f4 f1
f5 06 24 38 e7 f2 20 26 0b 16 e6 e9 09 13 0b e8
ea 02 e8 0e 17 ed 2b 16 20 16 e5 0f fe fb 0b f0
f8 09 ee 22 05 e9 0f 28 0f 55 2f 0f ed 0f 4c 14
01 eb 0d 0e 18 0e ed ed f2 f0 2d f5 1d 17 f7 1f
02 f9 35 fa fd 0c 02 fe f8 ea ff 0b 32 31 0c ef
f3 06 21 fb e8 f2 25 22 0f 16 e5 ea 0d 17 0b e7
05 01 e8 11 fc ed 2f 15 23 16 e5 0f 01 fd 0b ef
f7 0c ee 24 08 e9 12 f7 14 26 2f 0f ef e8 1d 10
02 f2 0e f3 1a 0d ef eb e7 ee 2c 02 1f 1b f6 1b
01 30 33 fb 00 0c 07 fa fb e9 fe 0d 36 35 0b ed
f1 06 eb fe e9 f1 58 1e 12 16 e5 eb 11 1b 0b e6
03 01 e8 14 fd ec 04 33 28 16 e5 0f 05 00 0b ed
f5 0f ee ff 0a e8 e8 f5 18 24 2f 0f ef e9 1c 0c
04 f3 3c f3 1c 0d f1 eb ee ed 2c 02 22 1f f5 17
fe 30 30 fe 04 0c 0c f7 ff 18 e6 0f 3a 05 0b ec
ef 05 ea 02 eb f1 1d 1c 15 16 e5 eb 15 f3 0b e5
01 02 e8 17 ff eb 06 31 2a 16 e5 0f 09 02 0b ed
f3 13 ee 02 0e 13 e9 f2 eb f5 2f 0f f1 09 1b 08
04 f4 3a f5 1e 0d f3 ea f0 ed 2b 04 26 23 f5 12
fb 2f 2d 00 06 0c 12 f4 02 16 e6 11 ff 09 0b ea
ed 04 ea 06 ed ef 21 1a 18 16 e5 ec 19 f5 0b e5
fe 04 e8 1a 00 eb 08 2f 06 16 f3 0f 0d 06 0b 1d
f1 e9 ee 05 11 ed ea f0 ed f4 2e 0f f2 0d 1b 27
04 f5 39 f5 20 0d f7 e9 f2 eb 2a 06 29 27 f4 f5
f9 07 2a 04 0a 0c 17 f2 06 16 e6 e8 03 0d 0b e9
ec 03 e9 09 ee ef 25 18 1b 16 e5 0f 1d f7 0b f2
fc 05 e8 1d 02 ea 0b 2c 0a 16 f3 0f ec 0a 0b 19
e8 e9 0c 08 13 0e eb ee ee f2 2f 0f 19 11 1a 25
03 f7 37 f7 23 0d fb e9 f4 eb 29 08 2c 2b f4 f2
f6 07 26 07 e7 f3 1d 28 0a 16 e6 e9 07 11 0b e8
ea 02 e9 0c 16 ee 29 17 1e 16 e5 0f fc f9 0b f0
fa 08 ef 20 04 e9 0d 2a 0e 55 f3 0f ed 0d 4b 17
01 eb 0c 0d 16 0e ec ed f1 f1 2e 0f 1b 15 f7 21
03 f8 36 f9 25 0d ff 01 f7 ea 28 0a 30 2f 0d f0
f5 06 22 38 e8 f2 23 24 0d 16 e6 e9 0b 15 0b e7
07 02 e8 10 18 ed 2d 16 21 16 e5 0f 00 fb 0b ef
f7 0b ee 23 07 e9 10 f9 12 26 2f 0f ee e8 1d 12
02 f2 0d 10 19 0d ee ec e7 ef 2d f5 1e 19 f7 1d
02 2f 34 fa ff 0c 05 fb fa e9 ff 0c 34 33 0b ee
f2 07 1f fd e9 f1 56 20 10 16 e5 ea 0f 19 0b e6
04 01 e8 13 fd ec 02 35 25 16 e5 0f 03 fe 0b ee
f6 0e ee 26 09 e9 e8 f6 17 25 2f 0f ef e9 1c 0e
03 f3 0d f3 1b 0d f0 eb ed ee 2d 02 21 1d f5 19
ff 30 32 fc 02 0c 0a f8 fd e9 fd 0e 38 03 0b ed
f0 06 eb 00 ea f1 1b 1e 14 16 e5 eb 13 f2 0b e6
02 02 e8 16 fe ec 05 32 29 16 e5 0f 07 01 0b ed
f3 11 ee 01 0c 13 e9 f3 1b 23 2e 0f f0 07 1b 0b
03 f4 3b f5 1d 0d f2 ea ef ed 2c 03 24 21 f5 14
fd 2f 2f ff 05 0c 0f f5 01 17 e6 10 fd 07 0b eb
ee 05 ea 04 ec f0 1f 1b 17 16 e5 ec 17 f4 0b e5
ff 03 e8 19 ff eb 07 30 2c 16 e5 0f 0b 04 0b ec
f2 14 ed 03 0f ed ea f1 ec f5 2f 0f f1 0b 1c 05
04 f5 3a f5 1f 0d f5 e9 f1 ec 2b 05 28 25 f4 10
fb 30 2c 02 08 0c 15 f3 04 16 e6 e8 01 0b 0b ea
ed 04 e9 07 ed ef 23 19 1a 16 e5 0f 1b f5 0b e4
fd 05 e8 1c 01 ea 0a 2d 08 16 f3 0f eb 09 0b 1a
f1 e9 ee 06 12 0e ea f0 ee f3 2f 0f 19 0f 1a 26
04 f7 38 f7 21 0d f9 e9 f3 eb 2a 07 2a 29 f4 f3
f7 08 28 06 e7 f3 1a f1 08 16 e6 e9 05 0f 0b e9
eb 03 e9 0b 16 ee 27 18 1d 16 e5 0f fb f8 0b f1
fb 07 e8 1f 03 ea 0c 2b 0c 16 f3 0f ed 0b 0b 18
e8 ea 0b 0a 15 0e eb ee f0 f1 2e 0f 19 13 1b 23
03 f7 37 f8 24 0d fc e9 f5 eb 28 09 2e 2d f4 f1
f5 06 24 38 e7 f2 20 26 0b 16 e6 e9 09 13 0b e8
ea 02 e8 0e 17 ed 2b 16 20 16 e5 0f fe fb 0b f0
f8 09 ee 22 05 e9 0f 28 0f 55 2f 0f ed 0f 4c 14
01 eb 0d 0e 18 0e ed ed f2 f0 2d f5 1d 17 f7 1f
02 f9 35 fa fd 0c 02 fe f8 ea ff 0b 32 31 0c ef
f3 06 21 fb e8 f2 25 22 0f 16 e5 ea 0d 17 0b e7
05 01 e8 11 fc ed 2f 15 23 16 e5 0f 01 fd 0b ef
f7 0c ee 24 08 e9 12 f7 14 26 2f 0f ef e8 1d 10
02 f2 0e f3 1a 0d ef eb e7 ee 2c 02 1f 1b f6 1b
01 30 33 fb 00 0c 07 fa fb e9 fe 0d 36 35 0b ed
f1 06 eb fe e9 f1 58 1e 12 16 e5 eb 11 1b 0b e6
03 01 e8 14 fd ec 04 33 28 16 e5 0f 05 00 0b ed
f5 0f ee ff 0a e8 e8 f5 18 24 2f 0f ef e9 1c 0c
04 f3 3c f3 1c 0d f1 eb ee ed 2c 02 22 1f f5 17
fe 30 30 fe 04 0c 0c f7 ff 18 e6 0f 3a 05 0b ec
ef 05 ea 02 eb f1 1d 1c 15 16 e5 eb 15 f3 0b e5
01 02 e8 17 ff eb 06 31 2a 16 e5 0f 09 02 0b ed
f3 13 ee 02 0e 13 e9 f2 eb f5 2f 0f f1 09 1b 08
04 f4 3a f5 1e 0d f3 ea f0 ed 2b 04 26 23 f5 12
fb 2f 2d 00 06 0c 12 f4 02 16 e6 11 ff 09 0b ea
ed 04 ea 06 ed ef 21 1a 18 16 e5 ec 19 f5 0b e5
fe 04 e8 1a 00 eb 08 2f 06 16 f3 0f 0d 06 0b 1d
f1 e9 ee 05 11 ed ea f0 ed f4 2e 0f f2 0d 1b 27
04 f5 39 f5 20 0d f7 e9 f2 eb 2a 06 29 27 f4 f5
f9 07 2a 04 0a 0c 17 f2 06 16 e6 e8 03 0d 0b e9
ec 03 e9 09 ee ef 25 18 1b 16 e5 0f 1d f7 0b f2
fc 05 e8 1d 02 ea 0b 2c 0a 16 f3 0f ec 0a 0b 19
e8 e9 0c 08 13 0e eb ee ee f2 2f 0f 19 11 1a 25
03 f7 37 f7 23 0d fb e9 f4 eb 29 08 2c 2b f4 f2
f6 07 26 07 e7 f3 1d 28 0a 16 e6 e9 07 11 0b e8
ea 02 e9 0c 16 ee 29 17 1e 16 e5 0f fc f9 0b f0
fa 08 ef 20 04 e9 0d 2a 0e 55 f3 0f ed 0d 4b 17
01 eb 0c 0d 16 0e ec ed f1 f1 2e 0f 1b 15 f7 21
03 f8 36 f9 25 0d ff 01 f7 ea 28 0a 30 2f 0d f0
f5 06 22 38 e8 f2 23 24 0d 16 e6 e9 0b 15 0b e7
07 02 e8 10 18 ed 2d 16 21 16 e5 0f 00 fb 0b ef
f7 0b ee 23 07 e9 10 f9 12 26 2f 0f ee e8 1d 12
02 f2 0d 10 19 0d ee ec e7 ef 2d f5 1e 19 f7 1d
02 2f 34 fa ff 0c 05 fb fa e9 ff 0c 34 33 0b ee
f2 07 1f fd e9 f1 56 20 10 16 e5 ea 0f 19 0b e6
04 01 e8 13 fd ec 02 35 25 16 e5 0f 03 fe 0b ee
f6 0e ee 26 09 e9 e8 f6 17 25 2f 0f ef e9 1c 0e
03 f3 0d f3 1b 0d f0 eb ed ee 2d 02 21 1d f5 19
ff 30 32 fc 02 0c 0a f8 fd e9 fd 0e 38 03 0b ed
f0 06 eb 00 ea f1 1b 1e 14 16 e5 eb 13 f2 0b e6
02 02 e8 16 fe ec 05 32 29 16 e5 0f 07 01 0b ed
f3 11 ee 01 0c 13 e9 f3 1b 23 2e 0f f0 07 1b 0b
03 f4 3b f5 1d 0d f2 ea ef ed 2c 03 24 21 f5 14
fd 2f 2f ff 05 0c 0f f5 01 17 e6 10 fd 07 0b eb
ee 05 ea 04 ec f0 1f 1b 17 16 e5 ec 17 f4 0b e5
ff 03 e8 19 ff eb 07 30 2c 16 e5 0f 0b 04 0b ec
f2 14 ed 03 0f ed ea f1 ec f5 2f 0f f1 0b 1c 05
04 f5 3a f5 1f 0d f5 e9 f1 ec 2b 05 28 25 f4 10
fb 30 2c 02 08 0c 15 f3 04 16 e6 e8 01 0b 0b ea
ed 04 e9 07 ed ef 23 19 1a 16 e5 0f 1b f5 0b e4
fd 05 e8 1c 01 ea 0a 2d 08 16 f3 0f eb 09 0b 1a
f1 e9 ee 06 12 0e ea f0 ee f3 2f 0f 19 0f 1a 26
04 f7 38 f7 21 0d f9 e9 f3 eb 2a 07 2a 29 f4 f3
f7 08 28 06 e7 f3 1a f1 08 16 e6 e9 05 0f 0b e9
eb 03 e9 0b 16 ee 27 18 1d 16 e5 0f fb f8 0b f1
fb 07 e8 1f 03 ea 0c 2b 0c 16 f3 0f ed 0b 0b 18
e8 ea 0b 0a 15 0e eb ee f0 f1 2e 0f 19 13 1b 23
03 f7 37 f8 24 0d fc e9 f5 eb 28 09 2e 2d f4 f1
f5 06 24 38 e7 f2 20 26 0b 16 e6 e9 09 13 0b e8
ea 02 e8 0e 17 ed 2b 16 20 16 e5 0f fe fb 0b f0
f8 09 ee 22 05 e9 0f 28 0f 55 2f 0f ed 0f 4c 14
01 eb 0d 0e 18 0e ed ed f2 f0 2d f5 1d 17 f7 1f
02 f9 35 fa fd 0c 02 fe f8 ea ff 0b 32 31 0c ef
f3 06 21 fb e8 f2 25 22 0f 16 e5 ea 0d 17 0b e7
05 01 e8 11 fc ed 2f 15 23 16 e5 0f 01 fd 0b ef
f7 0c ee 24 08 e9 12 f7 14 26 2f 0f ef e8 1d 10
02 f2 0e f3 1a 0d ef eb e7 ee 2c 02 1f 1b f6 1b
01 30 33 fb 00 0c 07 fa fb e9 fe 0d 36 35 0b ed
f1 06 eb fe e9 f1 58 1e 12 16 e5 eb 11 1b 0b e6
03 01 e8 14 fd ec 04 33 28 16 e5 0f 05 00 0b ed
f5 0f ee ff 0a e8 e8 f5 18 24 2f 0f ef e9 1c 0c
04 f3 3c f3 1c 0d f1 eb ee ed 2c 02 22 1f f5 17
fe 30 30 fe 04 0c 0c f7 ff 18 e6 0f 3a 05 0b ec
ef 05 ea 02 eb f1 1d 1c 15 16 e5 eb 15 f3 0b e5
01 02 e8 17 ff eb 06 31 2a 16 e5 0f 09 02 0b ed
f3 13 ee 02 0e 13 e9 f2 eb f5 2f 0f f1 09 1b 08
04 f4 3a f5 1e 0d f3 ea f0 ed 2b 04 26 23 f5 12
fb 2f 2d 00 06 0c 12 f4 02 16 e6 11 ff 09 0b ea
ed 04 ea 06 ed ef 21 1a 18 16 e5 ec 19 f5 0b e5
fe 04 e8 1a 00 eb 08 2f 06 16 f3 0f 0d 06 0b 1d
f1 e9 ee 05 11 ed ea f0 ed f4 2e 0f f2 0d 1b 27
04 f5 39 f5 20 0d f7 e9 f2 eb 2a 06 29 27 f4 f5
f9 07 2a 04 0a 0c 17 f2 06 16 e6 e8 03 0d 0b e9
ec 03 e9 09 ee ef 25 18 1b 16 e5 0f 1d f7 0b f2
fc 05 e8 1d 02 ea 0b 2c 0a 16 f3 0f ec 0a 0b 19
e8 e9 0c 08 13 0e eb ee ee f2 2f 0f 19 11 1a 25
03 f7 37 f7 23 0d fb e9 f4 eb 29 08 2c 2b f4 f2
f6 07 26 07 e7 f3 1d 28 0a 16 e6 e9 07 11 0b e8
ea 02 e9 0c 16 ee 29 17 1e 16 e5 0f fc f9 0b f0
fa 08 ef 20 04 e9 0d 2a 0e 55 f3 0f ed 0d 4b 17
01 eb 0c 0d 16 0e ec ed f1 f1 2e 0f 1b 15 f7 21
03 f8 36 f9 25 0d ff 01 f7 ea 28 0a 30 2f 0d f0
f5 06 22 38 e8 f2 23 24 0d 16 e6 e9 0b 15 0b e7
07 02 e8 10 18 ed 2d 16 21 16 e5 0f 00 fb 0b ef
f7 0b ee 23 07 e9 10 f9 12 26 2f 0f ee e8 1d 12
02 f2 0d 10 19 0d ee ec e7 ef 2d f5 1e 19 f7 1d
02 2f 34 fa ff 0c 05 fb fa e9 ff 0c 34 33 0b ee
f2 07 1f fd e9 f1 56 20 10 16 e5 ea 0f 19 0b e6
04 01 e8 13 fd ec 02 35 25 16 e5 0f 03 fe 0b ee
f6 0e ee 26 09 e9 e8 f6 17 25 2f 0f ef e9 1c 0e
03 f3 0d f3 1b 0d f0 eb ed ee 2d 02 21 1d f5 19
ff 30 32 fc 02 0c 0a f8 fd e9 fd 0e 38 03 0b ed
f0 06 eb 00 ea f1 1b 1e 14 16 e5 eb 13 f2 0b e6
02 02 e8 16 fe ec 05 32 29 16 e5 0f 07 01 0b ed
f3 11 ee 01 0c 13 e9 f3 1b 23 2e 0f f0 07 1b 0b
03 f4 3b f5 1d 0d f2 ea ef ed 2c 03 24 21 f5 14
fd 2f 2f ff 05 0c 0f f5 01 17 e6 10 fd 07 0b eb
ee 05 ea 04 ec f0 1f 1b 17 16 e5 ec 17 f4 0b e5
ff 03 e8 19 ff eb 07 30 2c 16 e5 0f 0b 04 0b ec
f2 14 ed 03 0f ed ea f1 ec f5 2f 0f f1 0b 1c 05
04 f5 3a f5 1f 0d f5 e9 f1 ec 2b 05 28 25 f4 10
fb 30 2c 02 08 0c 15 f3 04 16 e6 e8 01 0b 0b ea
ed 04 e9 07 ed ef 23 19 1a 16 e5 0f 1b f5 0b e4
fd 05 e8 1c 01 ea 0a 2d 08 16 f3 0f eb 09 0b 1a
f1 e9 ee 06 12 0e ea f0 ee f3 2f 0f 19 0f 1a 26
04 f7 38 f7 21 0d f9 e9 f3 eb 2a 07 2a 29 f4 f3
f7 08 28 06 e7 f3 1a f1 08 16 e6 e9 05 0f 0b e9
eb 03 e9 0b 16 ee 27 18 1d 16 e5 0f fb f8 0b f1
fb 07 e8 1f 03 ea 0c 2b 0c 16 f3 0f ed 0b 0b 18
e8 ea 0b 0a 15 0e eb ee f0 f1 2e 0f 19 13 1b 23
03 f7 37 f8 24 0d fc e9 f5 eb 28 09 2e 2d f4 f1
f5 06 24 38 e7 f2 20 26 0b 16 e6 e9 09 13 0b e8
ea 02 e8 0e 17 ed 2b 16 20 16 e5 0f fe fb 0b f0
f8 09 ee 22 05 e9 0f 28 0f 55 2f 0f ed 0f 4c 14
01 eb 0d 0e 18 0e ed ed f2 f0 2d f5 1d 17 f7 1f
02 f9 35 fa fd 0c 02 fe f8 ea ff 0b 32 31 0c ef
f3 06 21 fb e8 f2 25 22 0f 16 e5 ea 0d 17 0b e7
05 01 e8 11 fc ed 2f 15 23 16 e5 0f 01 fd 0b ef
f7 0c ee 24 08 e9 12 f7 14 26 2f 0f ef e8 1d 10
@00c000
00 00 00 00 00 00 db 00 00 00 00 00 00 e8 00 00
00 00 00 00 00 0b 05 00 00 00 00 00 e8 f5 18 00
00 00 00 00 e8 03 0f 00 00 00 00 e8 f5 02 0b 00
00 00 00 e8 f5 00 1c 00 00 00 18 f5 02 0f fe 00
00 00 e8 0d 02 00 1d 18 00 e8 0b 02 0f 0b f6 00
00 e8 e8 2b 0f 00 cd fe e8 06 fe 27 1c e1 f2 18
18 0d 0f 0e 1c fc 08 de f5 0b f1 27 ea f9 fe fe
0b 0d 1c 0c 02 fa 1d ef f1 1b fc e8 f7 10 fe 0b
fe 0d 1c d0 02 02 31 08 06 17 21 ed f7 24 fe fe
e4 12 f4 f0 02 02 21 29 1e d7 07 f6 fc 0e f7 f1
dc dc e9 2b 07 14 d0 0d f6 00 e5 27 18 e4 0f 1b
18 0d 20 0a 10 fc 0a e1 0a ee d9 27 15 fd 03 f1
18 0d 3a 08 f5 08 20 ff f4 2b fa 00 2f 13 0d 0b
18 0d 1e d1 fa 20 23 23 09 23 2c f9 15 26 0a 0b
e2 02 f8 ee 15 04 bc 2d 3a e4 2c f6 fb d2 f7 0b
db d5 ee 3f 20 2d 02 10 f7 0d e6 1d d2 e8 34 1a
18 01 24 14 ed fd 19 e6 17 df d7 e4 19 00 09 f1
18 12 3e c8 f3 0c 36 05 f5 2c 28 0a 33 16 24 0b
18 21 e3 f3 f4 24 08 56 03 f2 17 f7 19 01 10 0b
e1 cd d9 28 17 07 c5 02 01 29 2a 2a fe c8 08 4b
1a 16 0e 23 23 ff 00 d4 ff 03 e3 20 d8 d6 f7 f6
18 03 28 13 1c fd 0b e9 12 e6 01 e1 1d fe 18 0d
30 15 13 c6 f3 0e 2a 0a 0e 25 24 0a 03 2a 38 0b
ff 24 e7 ed f4 f9 1c 1b 10 fc 16 11 ee 2f f3 0b
dc d1 db 27 19 0a cf 05 f3 32 f8 2c 01 e7 13 1d
0b 17 12 2f 24 fe 05 d6 eb e8 e0 1d 07 ea fb f5
16 05 2c 2c f2 fe 19 ed 12 13 fb 02 21 03 1e 0b
33 18 16 c4 f3 12 10 0f 0d 28 20 e9 07 1a 15 0b
fe fd e9 eb 11 fc 19 1f 53 fe 35 0f f1 26 f6 0b
d0 d4 df 55 1a 24 ce 07 d5 0f f4 2b 04 01 fd 1c
15 fc 16 2d 26 08 07 da 04 ea de 2b 0b 24 ff f3
39 08 23 2c f2 ff 1c f2 11 14 f7 fc 25 22 22 0b
43 1a 10 c4 f3 0c 23 15 0d 2c 1e e8 0b 1c fc 0b
fd 00 f0 e7 12 f0 1f 23 28 00 32 06 f3 01 fc 0b
d0 d9 f2 52 1c 0e cc 0a e5 0c f0 28 09 e7 fe 1b
1b fd 36 2d 28 fb 0a dc 3a cb dc 21 0f 2c 04 f3
6c 0a 27 ff f2 01 1f eb 12 17 f3 f6 29 29 28 0b
57 1c 14 c4 f4 15 27 27 0c 31 1b 1d 0f 23 01 0b
da 04 eb e4 13 f6 26 34 2a 02 30 03 f7 07 fd 0b
cf dd 08 4f 1e 1d d1 19 e6 0e eb 27 0b 01 01 1c
20 ff 49 2e 29 02 0c f1 3b ce d9 1b 13 00 0a f1
31 0e 33 ff f3 fa 23 ec 11 1a e2 f2 2d 09 2d 0b
2b 1e 24 c3 f4 0f 2d 2d 0d 34 26 17 13 2a 06 0b
d8 06 e8 e2 14 16 2c 38 2c 04 3a 02 fa 22 03 0b
ce e2 10 4b 1f 22 d3 1c e8 11 f6 24 0f 09 04 1a
25 00 1f 2d 2b 08 10 f6 3a cf ea 16 17 08 0f f1
35 11 53 fe f3 fd 26 f3 10 1d db ee 31 0d 32 23
2c 20 2b c3 f4 13 32 32 0e 37 25 16 17 30 0e 16
d5 0a ef dd 15 f8 c6 3c 30 06 38 01 15 eb 06 09
d0 e5 18 48 22 3a 03 0f e8 14 f2 22 e0 11 34 13
2b 02 27 2c ed 09 13 d7 3b d2 d9 d2 10 0f 15 e8
39 13 5b be f3 00 29 16 0f 22 15 ec 28 11 36 09
2d 23 d7 ed f4 16 10 71 10 fa 17 12 0d 11 13 09
d4 cf f3 27 18 17 c9 24 f2 30 3a 2e 22 f4 08 4a
11 16 3a 2e 23 0c 04 dc eb 16 04 1f f5 18 f9 ef
30 04 2f 2d 1c f3 17 db 13 e7 ed cf 13 17 1c 12
3d 16 10 c5 04 02 2c 1b 0e 26 38 ea f8 16 3b 0b
ff 25 da eb fd eb 16 2c 12 fd 18 0f e2 17 f5 18
d1 d2 f6 26 17 19 cc 15 f6 33 0b 2c 23 fc 14 27
12 18 42 2e 0d 0b 06 e1 ec ea 03 1c 23 20 fd ed
36 1f 37 2c db f4 1a e0 11 14 e8 ff 12 1e 21 43
41 24 15 c5 04 06 12 21 0d 2a 35 e8 f9 1b 17 19
fe fd de e8 1f ed 1b 30 55 ff 38 0d 18 1e fa 2d
d0 c9 fe 54 24 1c d0 ff d6 11 0a 2a 30 05 fe 2a
18 ed 4a 2e 10 08 08 e6 04 ea da 26 0c 28 02 ee
3b 21 3f 2c db f7 1e e5 11 16 e4 f9 16 26 26 06
45 33 1a c4 04 0a 25 26 0c 2f 18 e8 fe 20 fe 1c
fe 1a e3 e5 21 ef 22 34 29 01 39 03 24 03 fc 2f
d0 cd 04 51 24 1e cd 0d e5 0e 07 28 36 eb 00 10
1d ee 52 2d 11 08 0a eb 3b cc db 1f 0f 30 06 ed
6e 24 47 ff 04 f9 21 eb 11 19 e1 f3 19 2d 2b 09
59 35 21 c3 04 0d 2b 2c 0c 33 17 19 ff 28 03 1f
d9 1d e7 e2 21 f1 28 38 2b 03 39 04 27 08 00 0a
cf d1 0b 4e 05 21 d2 0f e7 10 06 26 39 05 02 10
22 19 5a 2d 11 08 0e f0 3b cf dd 19 03 04 0d ef
33 27 4f ff 05 fc 24 f0 10 1c de ef 1d 0a 30 0d
2c 37 27 c4 09 11 2f 32 0d 36 17 16 03 2c 09 22
d6 09 ec e0 27 17 c5 3c 2e 05 3a 03 2a e6 04 0d
ce d8 14 4a 05 3a 02 14 e8 13 04 23 fd 0d 34 11
28 17 23 2c d5 09 11 f7 3a d0 dd d5 07 0b 13 f1
37 20 57 bf 09 ff 27 f6 0f 20 1a ed 21 0f 35 11
2c 2b f0 f0 0c 15 0d 65 0f f9 17 15 0e 0c 10 25
d4 c3 ce 28 29 f9 c8 11 f1 2e 3b 2f 2c ef 08 50
10 07 37 30 08 0c 04 da e9 16 03 20 02 14 f7 ed
2d 19 2b 2d 05 09 15 d8 12 e6 0b d1 0b 13 18 11
3b 2b 30 c6 0a 01 2a 19 0e 25 16 eb f1 13 38 14
fe 3a d8 ed 0c e9 13 2a 10 fc 18 11 e3 14 f3 28
d3 c6 f4 27 0f 18 ca 14 f3 32 0b 2c 30 f7 13 25
11 08 3e 2f 0a 0b 05 de eb e8 03 1d 30 1c fb ed
33 1b 33 2c dc f3 19 dd 12 13 ea 02 0f 1b 1e 12
3f 2e 12 c4 0a 04 10 1e 0d 28 36 e9 f5 18 15 17
fe 52 db eb 22 ec 19 2e 53 fe 39 0f e6 1b f6 2b
d0 c8 fa 55 10 1a ce 16 d5 0f 0a 2b 32 01 fd 29
15 ec 46 2d 0c 0a 07 e4 04 ea 03 2b 33 24 ff ed
39 1e 3b 2c dd f6 1c e2 11 14 e6 fc 13 22 22 43
43 30 18 c4 0b 08 23 24 0d 2c 36 e8 f9 1c fc 1b
fd 26 e0 e7 24 ee 1f 32 28 00 39 06 22 01 fc 2e
d0 cc 01 52 11 1d cc 01 e5 0c 09 28 36 e7 fe 2b
1b ed 4e 2d 0e 09 0a e8 3a cb db 21 0e 2c 04 ee
6c 20 43 ff de f7 1f e8 12 17 e3 f6 17 29 28 08
57 32 1e c4 0c 0b 27 29 0c 31 18 1d fd 23 01 1e
da 29 e5 e4 25 f1 26 36 2a 02 39 03 26 07 fd 31
cf cf 08 4f 13 1f d1 0e e6 0e 06 27 38 01 01 11
20 ef 56 2e 10 08 0c ed 3b ce db 1b 10 00 0a ed
31 24 4b ff 08 fa 23 ed 11 1a df f2 1b 09 2d 0b
2b 34 24 c3 0c 0f 2d 2f 0d 34 17 17 01 2a 06 21
d8 29 e8 e2 26 16 2c 3a 2c 04 39 02 28 22 03 0c
ce d4 10 4b 04 22 d3 12 e8 11 06 24 3b 09 04 11
25 17 1f 2d 12 08 10 f3 3a cf dd 16 05 08 0f f0
35 27 53 fe 09 fd 26 f3 10 1d dc ee 1f 0d 32 0f
2c 36 2b c3 0c 13 32 34 0e 37 17 16 05 30 0e 24
d5 01 ef dd 28 f8 c6 3e 30 06 3a 01 2c eb 06 0e
d0 d6 18 48 07 3a 03 17 e8 14 04 22 00 11 34 12
2b 18 27 2c d5 09 13 d7 3b d2 df d2 09 0f 15 f3
39 29 5b be 0a 00 29 16 0f 22 18 ec 23 11 36 12
2d 39 d7 ed 0c 16 10 67 10 fa 17 12 10 11 13 27
d4 c4 f3 27 2a 17 c9 13 f2 30 3a 2e 2f f4 08 52
11 07 3a 2e 09 0c 04 dc eb 16 04 1f 03 18 f9 ee
30 1a 2f 2d 05 f3 17 db 13 e7 ed cf 0d 17 1c 12
3d 2c 10 c5 0a 02 2c 1b 0e 26 38 ea f3 16 3b 16
ff 3b da eb 0c eb 16 2c 12 fd 18 0f e5 17 f5 2a
d1 c6 f6 26 10 19 cc 15 f6 33 0b 2c 30 fc 14 27
12 09 42 2e 0a 0b 06 e1 ec ea 03 1c 31 20 fd ed
36 1d 37 2c dc f4 1a e0 11 14 e8 ff 11 1e 21 43
41 2f 15 c5 0b 06 12 21 0d 2a 35 e8 f7 1b 17 19
fe 54 de e8 23 ed 1b 30 55 ff 38 0d 21 1e fa 2d
d0 ca fe 54 10 1c d0 ff d6 11 0a 2a 33 05 fe 2a
18 ed 4a 2e 0d 08 08 e6 04 ea da 26 0c 28 02 ee
3b 1f 3f 2c dd f7 1e e5 11 16 e4 f9 15 26 26 06
45 31 1a c4 0b 0a 25 26 0c 2f 18 e8 fb 20 fe 1c
fe 28 e3 e5 25 ef 22 34 29 01 39 03 24 03 fc 2f
d0 cd 04 51 12 1e cd 0d e5 0e 07 28 36 eb 00 10
1d ee 52 2d 0f 08 0a eb 3b cc db 1f 0f 30 06 ed
6e 22 47 ff 08 f9 21 eb 11 19 e1 f3 19 2d 2b 09
59 33 21 c3 0c 0d 2b 2c 0c 33 17 19 ff 28 03 1f
d9 29 e7 e2 26 f1 28 38 2b 03 39 04 27 08 00 0a
cf d2 0b 4e 04 21 d2 0f e7 10 06 26 39 05 02 10
22 17 5a 2d 11 08 0e f0 3b cf dd 19 03 04 0d ef
33 25 4f ff 09 fc 24 f0 10 1c de ef 1d 0a 30 0d
2c 35 27 c4 0c 11 2f 32 0d 36 17 16 03 2c 09 22
d6 ff ec e0 27 17 c5 3c 2e 05 3a 03 2a e6 04 0d
ce d6 14 4a 05 3a 02 14 e8 13 04 23 fd 0d 34 11
28 17 23 2c d5 09 11 f7 3a d0 dd d5 07 0b 13 f1
37 28 57 bf 09 ff 27 f6 0f 20 1a ed 21 0f 35 11
2c 37 f0 f0 0c 15 0d 65 0f f9 17 15 0e 0c 10 25
d4 c3 ce 28 29 f9 c8 11 f1 2e 3b 2f 2c ef 08 50
10 07 37 30 08 0c 04 da e9 16 03 20 02 14 f7 ed
2d 19 2b 2d 05 09 15 d8 12 e6 0b d1 0b 13 18 11
3b 2b 30 c6 0a 01 2a 19 0e 25 16 eb f1 13 38 14
fe 3a d8 ed 0c e9 13 2a 10 fc 18 11 e3 14 f3 28
d3 c6 f4 27 0f 18 ca 14 f3 32 0b 2c 30 f7 13 25
11 08 3e 2f 0a 0b 05 de eb e8 03 1d 30 1c fb ed
33 1b 33 2c dc f3 19 dd 12 13 ea 02 0f 1b 1e 12
3f 2e 12 c4 0a 04 10 1e 0d 28 36 e9 f5 18 15 17
fe 52 db eb 22 ec 19 2e 53 fe 39 0f e6 1b f6 2b
d0 c8 fa 55 10 1a ce 16 d5 0f 0a 2b 32 01 fd 29
15 ec 46 2d 0c 0a 07 e4 04 ea 03 2b 33 24 ff ed
39 1e 3b 2c dd f6 1c e2 11 14 e6 fc 13 22 22 43
43 30 18 c4 0b 08 23 24 0d 2c 36 e8 f9 1c fc 1b
fd 26 e0 e7 24 ee 1f 32 28 00 39 06 22 01 fc 2e
d0 cc 01 52 11 1d cc 01 e5 0c 09 28 36 e7 fe 2b
1b ed 4e 2d 0e 09 0a e8 3a cb db 21 0e 2c 04 ee
6c 20 43 ff de f7 1f e8 12 17 e3 f6 17 29 28 08
57 32 1e c4 0c 0b 27 29 0c 31 18 1d fd 23 01 1e
da 29 e5 e4 25 f1 26 36 2a 02 39 03 26 07 fd 31
cf cf 08 4f 13 1f d1 0e e6 0e 06 27 38 01 01 11
20 ef 56 2e 10 08 0c ed 3b ce db 1b 10 00 0a ed
31 24 4b ff 08 fa 23 ed 11 1a df f2 1b 09 2d 0b
2b 34 24 c3 0c 0f 2d 2f 0d 34 17 17 01 2a 06 21
d8 29 e8 e2 26 16 2c 3a 2c 04 39 02 28 22 03 0c
ce d4 10 4b 04 22 d3 12 e8 11 06 24 3b 09 04 11
25 17 1f 2d 12 08 10 f3 3a cf dd 16 05 08 0f f0
35 27 53 fe 09 fd 26 f3 10 1d dc ee 1f 0d 32 0f
2c 36 2b c3 0c 13 32 34 0e 37 17 16 05 30 0e 24
d5 01 ef dd 28 f8 c6 3e 30 06 3a 01 2c eb 06 0e
d0 d6 18 48 07 3a 03 17 e8 14 04 22 00 11 34 12
2b 18 27 2c d5 09 13 d7 3b d2 df d2 09 0f 15 f3
39 29 5b be 0a 00 29 16 0f 22 18 ec 23 11 36 12
2d 39 d7 ed 0c 16 10 67 10 fa 17 12 10 11 13 27
d4 c4 f3 27 2a 17 c9 13 f2 30 3a 2e 2f f4 08 52
11 07 3a 2e 09 0c 04 dc eb 16 04 1f 03 18 f9 ee
30 1a 2f 2d 05 f3 17 db 13 e7 ed cf 0d 17 1c 12
3d 2c 10 c5 0a 02 2c 1b 0e 26 38 ea f3 16 3b 16
ff 3b da eb 0c eb 16 2c 12 fd 18 0f e5 17 f5 2a
d1 c6 f6 26 10 19 cc 15 f6 33 0b 2c 30 fc 14 27
12 09 42 2e 0a 0b 06 e1 ec ea 03 1c 31 20 fd ed
36 1d 37 2c dc f4 1a e0 11 14 e8 ff 11 1e 21 43
41 2f 15 c5 0b 06 12 21 0d 2a 35 e8 f7 1b 17 19
fe 54 de e8 23 ed 1b 30 55 ff 38 0d 21 1e fa 2d
d0 ca fe 54 10 1c d0 ff d6 11 0a 2a 33 05 fe 2a
18 ed 4a 2e 0d 08 08 e6 04 ea da 26 0c 28 02 ee
3b 1f 3f 2c dd f7 1e e5 11 16 e4 f9 15 26 26 06
45 31 1a c4 0b 0a 25 26 0c 2f 18 e8 fb 20 fe 1c
fe 28 e3 e5 25 ef 22 34 29 01 39 03 24 03 fc 2f
d0 cd 04 51 12 1e cd 0d e5 0e 07 28 36 eb 00 10
1d ee 52 2d 0f 08 0a eb 3b cc db 1f 0f 30 06 ed
6e 22 47 ff 08 f9 21 eb 11 19 e1 f3 19 2d 2b 09
59 33 21 c3 0c 0d 2b 2c 0c 33 17 19 ff 28 03 1f
d9 29 e7 e2 26 f1 28 38 2b 03 39 04 27 08 00 0a
cf d2 0b 4e 04 21 d2 0f e7 10 06 26 39 05 02 10
22 17 5a 2d 11 08 0e f0 3b cf dd 19 03 04 0d ef
33 25 4f ff 09 fc 24 f0 10 1c de ef 1d 0a 30 0d
2c 35 27 c4 0c 11 2f 32 0d 36 17 16 03 2c 09 22
d6 ff ec e0 27 17 c5 3c 2e 05 3a 03 2a e6 04 0d
ce d6 14 4a 05 3a 02 14 e8 13 04 23 fd 0d 34 11
28 17 23 2c d5 09 11 f7 3a d0 dd d5 07 0b 13 f1
37 28 57 bf 09 ff 27 f6 0f 20 1a ed 21 0f 35 11
2c 37 f0 f0 0c 15 0d 65 0f f9 17 15 0e 0c 10 25
d4 c3 ce 28 29 f9 c8 11 f1 2e 3b 2f 2c ef 08 50
10 07 37 30 08 0c 04 da e9 16 03 20 02 14 f7 ed
2d 19 2b 2d 05 09 15 d8 12 e6 0b d1 0b 13 18 11
3b 2b 30 c6 0a 01 2a 19 0e 25 16 eb f1 13 38 14
fe 3a d8 ed 0c e9 13 2a 10 fc 18 11 e3 14 f3 28
d3 c6 f4 27 0f 18 ca 14 f3 32 0b 2c 30 f7 13 25
11 08 3e 2f 0a 0b 05 de eb e8 03 1d 30 1c fb ed
33 1b 33 2c dc f3 19 dd 12 13 ea 02 0f 1b 1e 12
3f 2e 12 c4 0a 04 10 1e 0d 28 36 e9 f5 18 15 17
fe 52 db eb 22 ec 19 2e 53 fe 39 0f e6 1b f6 2b
d0 c8 fa 55 10 1a ce 16 d5 0f 0a 2b 32 01 fd 29
15 ec 46 2d 0c 0a 07 e4 04 ea 03 2b 33 24 ff ed
39 1e 3b 2c dd f6 1c e2 11 14 e6 fc 13 22 22 43
43 30 18 c4 0b 08 23 24 0d 2c 36 e8 f9 1c fc 1b
fd 26 e0 e7 24 ee 1f 32 28 00 39 06 22 01 fc 2e
d0 cc 01 52 11 1d cc 01 e5 0c 09 28 36 e7 fe 2b
1b ed 4e 2d 0e 09 0a e8 3a cb db 21 0e 2c 04 ee
6c 20 43 ff de f7 1f e8 12 17 e3 f6 17 29 28 08
57 32 1e c4 0c 0b 27 29 0c 31 18 1d fd 23 01 1e
da 29 e5 e4 25 f1 26 36 2a 02 39 03 26 07 fd 31
cf cf 08 4f 13 1f d1 0e e6 0e 06 27 38 01 01 11
20 ef 56 2e 10 08 0c ed 3b ce db 1b 10 00 0a ed
31 24 4b ff 08 fa 23 ed 11 1a df f2 1b 09 2d 0b
2b 34 24 c3 0c 0f 2d 2f 0d 34 17 17 01 2a 06 21
d8 29 e8 e2 26 16 2c 3a 2c 04 39 02 28 22 03 0c
ce d4 10 4b 04 22 d3 12 e8 11 06 24 3b 09 04 11
25 17 1f 2d 12 08 10 f3 3a cf dd 16 05 08 0f f0
35 27 53 fe 09 fd 26 f3 10 1d dc ee 1f 0d 32 0f
2c 36 2b c3 0c 13 32 34 0e 37 17 16 05 30 0e 24
d5 01 ef dd 28 f8 c6 3e 30 06 3a 01 2c eb 06 0e
d0 d6 18 48 07 3a 03 17 e8 14 04 22 00 11 34 12
2b 18 27 2c d5 09 13 d7 3b d2 df d2 09 0f 15 f3
39 29 5b be 0a 00 29 16 0f 22 18 ec 23 11 36 12
2d 39 d7 ed 0c 16 10 67 10 fa 17 12 10 11 13 27
d4 c4 f3 27 2a 17 c9 13 f2 30 3a 2e 2f f4 08 52
11 07 3a 2e 09 0c 04 dc eb 16 04 1f 03 18 f9 ee
30 1a 2f 2d 05 f3 17 db 13 e7 ed cf 0d 17 1c 12
3d 2c 10 c5 0a 02 2c 1b 0e 26 38 ea f3 16 3b 16
ff 3b da eb 0c eb 16 2c 12 fd 18 0f e5 17 f5 2a
d1 c6 f6 26 10 19 cc 15 f6 33 0b 2c 30 fc 14 27
12 09 42 2e 0a 0b 06 e1 ec ea 03 1c 31 20 fd ed
36 1d 37 2c dc f4 1a e0 11 14 e8 ff 11 1e 21 43
41 2f 15 c5 0b 06 12 21 0d 2a 35 e8 f7 1b 17 19
fe 54 de e8 23 ed 1b 30 55 ff 38 0d 21 1e fa 2d
d0 ca fe 54 10 1c d0 ff d6 11 0a 2a 33 05 fe 2a
18 ed 4a 2e 0d 08 08 e6 04 ea da 26 0c 28 02 ee
3b 1f 3f 2c dd f7 1e e5 11 16 e4 f9 15 26 26 06
45 31 1a c4 0b 0a 25 26 0c 2f 18 e8 fb 20 fe 1c
fe 28 e3 e5 25 ef 22 34 29 01 39 03 24 03 fc 2f
d0 cd 04 51 12 1e cd 0d e5 0e 07 28 36 eb 00 10
1d ee 52 2d 0f 08 0a eb 3b cc db 1f 0f 30 06 ed
6e 22 47 ff 08 f9 21 eb 11 19 e1 f3 19 2d 2b 09
59 33 21 c3 0c 0d 2b 2c 0c 33 17 19 ff 28 03 1f
d9 29 e7 e2 26 f1 28 38 2b 03 39 04 27 08 00 0a
cf d2 0b 4e 04 21 d2 0f e7 10 06 26 39 05 02 10
22 17 5a 2d 11 08 0e f0 3b cf dd 19 03 04 0d ef
33 25 4f ff 09 fc 24 f0 10 1c de ef 1d 0a 30 0d
2c 35 27 c4 0c 11 2f 32 0d 36 17 16 03 2c 09 22
d6 ff ec e0 27 17 c5 3c 2e 05 3a 03 2a e6 04 0d
ce d6 14 4a 05 3a 02 14 e8 13 04 23 fd 0d 34 11
28 17 23 2c d5 09 11 f7 3a d0 dd d5 07 0b 13 f1
37 28 57 bf 09 ff 27 f6 0f 20 1a ed 21 0f 35 11
2c 37 f0 f0 0c 15 0d 65 0f f9 17 15 0e 0c 10 25
d4 c3 ce 28 29 f9 c8 11 f1 2e 3b 2f 2c ef 08 50
10 07 37 30 08 0c 04 da e9 16 03 20 02 14 f7 ed
2d 19 2b 2d 05 09 15 d8 12 e6 0b d1 0b 13 18 11
3b 2b 30 c6 0a 01 2a 19 0e 25 16 eb f1 13 38 14
fe 3a d8 ed 0c e9 13 2a 10 fc 18 11 e3 14 f3 28
d3 c6 f4 27 0f 18 ca 14 f3 32 0b 2c 30 f7 13 25
11 08 3e 2f 0a 0b 05 de eb e8 03 1d 30 1c fb ed
33 1b 33 2c dc f3 19 dd 12 13 ea 02 0f 1b 1e 12
3f 2e 12 c4 0a 04 10 1e 0d 28 36 e9 f5 18 15 17
fe 52 db eb 22 ec 19 2e 53 fe 39 0f e6 1b f6 2b
d0 c8 fa 55 10 1a ce 16 d5 0f 0a 2b 32 01 fd 29
15 ec 46 2d 0c 0a 07 e4 04 ea 03 2b 33 24 ff ed
39 1e 3b 2c dd f6 1c e2 11 14 e6 fc 13 22 22 43
43 30 18 c4 0b 08 23 24 0d 2c 36 e8 f9 1c fc 1b
fd 26 e0 e7 24 ee 1f 32 28 00 39 06 22 01 fc 2e
d0 cc 01 52 11 1d cc 01 e5 0c 09 28 36 e7 fe 2b
1b ed 4e 2d 0e 09 0a e8 3a cb db 21 0e 2c 04 ee
6c 20 43 ff de f7 1f e8 12 17 e3 f6 17 29 28 08
57 32 1e c4 0c 0b 27 29 0c 31 18 1d fd 23 01 1e
da 29 e5 e4 25 f1 26 36 2a 02 39 03 26 07 fd 31
cf cf 08 4f 13 1f d1 0e e6 0e 06 27 38 01 01 11
20 ef 56 2e 10 08 0c ed 3b ce db 1b 10 00 0a ed
31 24 4b ff 08 fa 23 ed 11 1a df f2 1b 09 2d 0b
2b 34 24 c3 0c 0f 2d 2f 0d 34 17 17 01 2a 06 21
d8 29 e8 e2 26 16 2c 3a 2c 04 39 02 28 22 03 0c
ce d4 10 4b 04 22 d3 12 e8 11 06 24 3b 09 04 11
25 17 1f 2d 12 08 10 f3 3a cf dd 16 05 08 0f f0
35 27 53 fe 09 fd 26 f3 10 1d dc ee 1f 0d 32 0f
2c 36 2b c3 0c 13 32 34 0e 37 17 16 05 30 0e 24
d5 01 ef dd 28 f8 c6 3e 30 06 3a 01 2c eb 06 0e
d0 d6 18 48 07 3a 03 17 e8 14 04 22 00 11 34 12
2b 18 27 2c d5 09 13 d7 3b d2 df d2 09 0f 15 f3
39 29 5b be 0a 00 29 16 0f 22 18 ec 23 11 36 12
2d 39 d7 ed 0c 16 10 67 10 fa 17 12 10 11 13 27
d4 c4 f3 27 2a 17 c9 13 f2 30 3a 2e 2f f4 08 52
11 07 3a 2e 09 0c 04 dc eb 16 04 1f 03 18 f9 ee
30 1a 2f 2d 05 f3 17 db 13 e7 ed cf 0d 17 1c 12
3d 2c 10 c5 0a 02 2c 1b 0e 26 38 ea f3 16 3b 16
ff 3b da eb 0c eb 16 2c 12 fd 18 0f e5 17 f5 2a
d1 c6 f6 26 10 19 cc 15 f6 33 0b 2c 30 fc 14 27
12 09 42 2e 0a 0b 06 e1 ec ea 03 1c 31 20 fd ed
36 1d 37 2c dc f4 1a e0 11 14 e8 ff 11 1e 21 43
41 2f 15 c5 0b 06 12 21 0d 2a 35 e8 f7 1b 17 19
fe 54 de e8 23 ed 1b 30 55 ff 38 0d 21 1e fa 2d
d0 ca fe 54 10 1c d0 ff d6 11 0a 2a 33 05 fe 2a
18 ed 4a 2e 0d 08 08 e6 04 ea da 26 0c 28 02 ee
3b 1f 3f 2c dd f7 1e e5 11 16 e4 f9 15 26 26 06
45 31 1a c4 0b 0a 25 26 0c 2f 18 e8 fb 20 fe 1c
fe 28 e3 e5 25 ef 22 34 29 01 39 03 24 03 fc 2f
@00e000
00 00 00 00 00 00 00 00 00 00 00 00 00 00 00 00
00 00 00 00 00 00 00 00 00 00 00 00 00 00 00 00
00 00 f5 00 e8 db 00 f5 00 00 0b 00 f5 00 00 e8
00 00 0b 00 e8 db 00 0b 00 00 0b 00 0b 00 00 e8
fe 00 0f 00 2b 0f 00 0f e8 00 00 00 27 f5 00 02
fe 00 f1 00 2b 0f 00 f1 18 00 00 00 d9 0b 00 02
ef 0b e1 e8 0c 1d 06 ea f5 e8 00 f5 e8 0a e8 1c
ef 0b 1f 18 0c 1d 06 16 0b e8 00 f5 18 f6 e8 1c
29 f1 10 02 f0 08 1b f7 0f 0f fa 06 f6 02 0d 02
29 f1 f0 fe f0 08 1b 09 f1 0f fa 06 0a fe 0d 02
e1 21 0e 24 0a 31 d7 18 0f 1c 02 f6 27 02 12 07
e1 21 f2 dc 0a 31 d7 e8 f1 1c 02 f6 d9 fe 12 07
23 e5 fd e8 d1 d0 ee 2f f5 e9 fc f4 f9 f1 0d f5
23 e5 03 18 d1 d0 ee d1 0b e9 fc f4 07 0f 0d f5
10 fa 26 1e 3f 20 23 fb e6 3a 20 3a 1d f3 0d 15
10 fa da e2 3f 20 23 05 1a 3a 20 3a e3 0d 0d 15
05 2c e8 e8 c8 bc 0d 19 f5 f8 2d 17 0a 09 d5 ed
05 2c 18 18 c8 bc 0d e7 0b f8 2d 17 f6 f7 d5 ed
02 d7 16 e8 28 19 2c 19 b5 24 0c 03 2a f7 12 f4
02 d7 ea 18 28 19 2c e7 4b 24 0c 03 d6 09 12 f4
e9 17 c8 e6 13 08 29 d8 f3 e3 07 ff e1 f0 cd 23
e9 17 38 1a 13 08 29 28 0d e3 07 ff 1f 10 cd 23
1b e3 fe d0 ed 00 e6 03 f5 0e fd 0e 11 09 03 f3
1b e3 02 30 ed 00 e6 fd 0b 0e fd 0e ef f7 03 f3
d6 24 2f 24 2f 2a fc 01 0b 13 f9 f3 1d c8 24 19
d6 24 d1 dc 2f 2a fc ff f5 13 f9 f3 e3 38 24 19
0f f8 ea ea c4 cf e8 21 f5 db fe 12 e9 ed 17 f2
0f f8 16 16 c4 cf e8 df 0b db fe 12 17 13 17 f2
07 fb 1a 02 55 19 28 f1 e4 2c 12 53 2b e2 18 11
07 fb e6 fe 55 19 28 0f 1c 2c 12 53 d5 1e 18 11
f2 35 01 eb 2c 19 0f 0b f5 e9 24 04 fc 0a d4 26
f2 35 ff 15 2c 19 0f f5 0b e9 24 04 04 f6 d4 26
23 de 22 bd e7 07 14 0b f5 16 ff 0d 06 01 08 f3
23 de de 43 e7 07 14 f5 0b 16 ff 0d fa ff 08 f3
dc 1e 01 30 2d 23 00 09 0d 10 f0 e5 21 04 00 1c
dc 1e ff d0 2d 23 00 f7 f3 10 f0 e5 df fc 00 1c
27 f0 2c 94 c4 cc cb 29 f5 f2 fb 12 1d 02 fd f2
27 f0 d4 6c c4 cc cb d7 0b f2 fb 12 e3 fe fd f2
19 f3 23 26 4f 1f 31 f7 e4 27 15 2a 27 d8 1c 13
19 f3 dd da 4f 1f 31 09 1c 27 15 2a d9 28 1c 13
ec 30 01 e0 ff 26 0e 13 f5 eb 1d 3b f2 03 dd 29
ec 30 ff 20 ff 26 0e ed 0b eb 1d 3b 0e fd dd 29
38 d9 09 d5 e2 0c 1a 13 f5 49 fa 0d 02 f6 0e f4
38 d9 f7 2b e2 0c 1a ed 0b 49 fa 0d fe 0a 0e f4
f6 26 22 32 2d 2d 04 0f 0f 24 16 e8 16 fa 06 1f
f6 26 de ce 2d 2d 04 f1 f1 24 16 e8 ea 06 06 1f
32 f6 08 cb c3 d3 cf 31 ea 10 08 10 16 fc 00 f3
32 f6 f8 35 c3 d3 cf cf 16 10 08 10 ea 04 00 f3
0f db 30 2b 48 26 37 15 ed 53 13 30 22 ce 20 15
0f db d0 d5 48 26 37 eb 13 53 13 30 de 32 20 15
16 38 11 d5 be c6 14 10 f7 ef 3a 3b ec fa e5 ed
16 38 ef 2b be c6 14 f0 09 ef 3a 3b 14 06 e5 ed
24 d9 11 d3 27 13 22 0d b6 27 00 10 2e eb 13 f4
24 d9 ef 2d 27 13 22 f3 4a 27 00 10 d2 15 13 f4
db 17 f4 ef 2d 10 30 f5 ee d7 17 eb cf ed cf 23
db 17 0c 11 2d 10 30 0b 12 d7 17 eb 31 13 cf 23
2c 04 17 c3 eb 04 e7 f8 e8 3a f3 0e 0f 07 04 04
2c 04 e9 3d eb 04 e7 08 18 3a f3 0e f1 f9 04 04
e1 38 17 2f 2e 2c fd 23 13 10 eb f6 1c c5 25 17
e1 38 e9 d1 2e 2c fd dd ed 10 eb f6 e4 3b 25 17
21 0b 20 ca c5 cc ea 12 e7 f6 0b 11 e8 ec 18 db
21 0b e0 36 c5 cc ea ee 19 f6 0b 11 18 14 18 db
ff e8 1b 02 54 1a 2a 18 d6 37 06 55 2a df 24 1f
ff e8 e5 fe 54 1a 2a e8 2a 37 06 55 d6 21 24 1f
e5 38 05 e8 2c 1b 11 0c fa de 1c 04 f9 06 c9 10
e5 38 fb 18 2c 1b 11 f4 06 de 1c 04 07 fa c9 10
34 da 26 bb e5 08 16 fe d1 4a f7 0c 03 fe 21 04
34 da da 45 e5 08 16 02 2f 4a f7 0c fd 02 21 04
eb 18 03 30 2d 25 01 36 13 1a ef e5 1f 02 1a 24
eb 18 fd d0 2d 25 01 ca ed 1a ef e5 e1 fe 1a 24
2c 07 30 92 c3 cd cc 19 e1 04 08 11 19 00 ee 04
2c 07 d0 6e c3 cd cc e7 1f 04 08 11 e7 00 ee 04
0f e1 28 27 4e 21 33 27 f0 47 0d 2b 26 d5 35 21
0f e1 d8 d9 4e 21 33 d9 10 47 0d 2b da 2b 35 21
f0 39 05 de ff 28 10 03 f3 e7 21 3b ef 00 d1 11
f0 39 fb 22 ff 28 10 fd 0d e7 21 3b 11 00 d1 11
3c dd 0a d4 e0 0e 1c 03 f3 5a fc 0d 03 f3 27 09
3c dd f6 2c e0 0e 1c fd 0d 5a fc 0d fd 0d 27 09
f7 17 e6 32 2c 2f 05 fd 0f 27 17 e8 d5 f7 09 05
f7 17 1a ce 2c 2f 05 03 f1 27 17 e8 2b 09 09 05
65 04 0b c9 f0 02 d0 21 db 14 09 0f 15 cc 17 09
65 04 f5 37 f0 02 d0 df 25 14 09 0f eb 34 17 09
da 1a 0c 2c 30 27 f9 2c 13 57 15 f1 20 cb 2b 29
da 1a f4 d4 30 27 f9 d4 ed 57 15 f1 e0 35 2b 29
19 3b 14 d3 c6 c8 16 0b ec ce 0c 12 eb f8 07 05
19 3b ec 2d c6 c8 16 f5 14 ce 0c 12 15 08 07 05
14 0b 13 02 27 15 25 e3 db 2b 01 10 2c e8 2b 0c
14 0b ed fe 27 15 25 1d 25 2b 01 10 d4 18 2b 0c
dd 18 f7 ef 2c 13 32 30 ee d8 18 eb 02 0d c6 0a
dd 18 09 11 2c 13 32 d0 12 d8 18 eb fe f3 c6 0a
2e 03 1b c1 eb 05 13 f5 d5 3e f3 0d 0f 05 1b 0a
2e 03 e5 3f eb 05 13 0b 2b 3e f3 0d f1 fb 1b 0a
e4 36 1b 30 2d 10 fe 32 13 12 ec d5 2b eb 52 10
e4 36 e5 d0 2d 10 fe ce ed 12 ec d5 d5 15 52 10
24 0a 24 c7 c4 ce ea 13 e5 fa 0a 11 e8 03 ec dd
24 0a dc 39 c4 ce ea ed 1b fa 0a 11 18 fd ec dd
01 e6 1c 03 52 1c 2c 22 d5 3b 08 28 28 de 30 24
01 e6 e4 fd 52 1c 2c de 2b 3b 08 28 d8 22 30 24
e8 39 e7 e5 ff 1f 0c 0e f8 e0 1d 3a f6 04 cc 0e
e8 39 19 1b ff 1f 0c f2 08 e0 1d 3a 0a fc cc 0e
36 db 29 a9 e4 0a 17 fd cf 4e f7 0c 03 fc 20 0c
36 db d7 57 e4 0a 17 03 31 4e f7 0c fd 04 20 0c
ed 18 07 31 2e 27 02 38 13 1e f1 e6 1b ff 29 13
ed 18 f9 cf 2e 27 02 c8 ed 1e f1 e6 e5 01 29 13
2f 06 00 cf c3 d1 ce 1b df 08 08 11 17 ff ef 08
2f 06 00 31 c3 d1 ce e5 21 08 08 11 e9 01 ef 08
12 df 2a 28 4b 23 34 28 ef 4b 0f 2c 24 d3 34 26
12 df d6 d8 4b 23 34 d8 11 4b 0f 2c dc 2d 34 26
f3 39 09 db fe 2c 11 05 f1 e8 22 3a ee fd d4 12
f3 39 f7 25 fe 2c 11 fb 0f e8 22 3a 12 03 d4 12
3e dd 0d d4 dd 10 1d 05 f2 1f fd 0e 01 f1 27 0c
3e dd f3 2c dd 10 1d fb 0e 1f fd 0e ff 0f 27 0c
d7 17 eb 30 2c 32 06 00 0d 2b f8 e8 d2 f2 01 07
d7 17 15 d0 2c 32 06 00 f3 2b f8 e8 2e 0e 01 07
67 04 0f c7 ed 03 d2 23 d9 18 09 0f 12 cc 18 0a
67 04 f1 39 ed 03 d2 dd 27 18 09 0f ee 34 18 0a
dc 18 11 2c 2e 29 fa 2f 12 5b 16 f2 1f ca 39 2a
dc 18 ef d4 2e 29 fa d1 ee 5b 16 f2 e1 36 39 2a
1b 3a 18 d0 c5 c9 16 0d ea f3 0c 13 ea f8 07 05
1b 3a e8 30 c5 c9 16 f3 16 f3 0c 13 16 08 07 05
15 ed 16 01 26 17 26 e5 d9 2f 02 12 2c e4 2c 0c
15 ed ea ff 26 17 26 1b 27 2f 02 12 d4 1c 2c 0c
e0 18 fc ee 2c 16 33 31 bd da 19 ec ff 0b c6 0a
e0 18 04 12 2c 16 33 cf 43 da 19 ec 01 f5 c6 0a
30 03 1e bf e8 06 14 f7 d3 42 f4 0d 0d 03 1d 0b
30 03 e2 41 e8 06 14 09 2d 42 f4 0d f3 fd 1d 0b
e6 35 1e 30 2e 12 ff 33 12 15 ed d6 26 e9 54 10
e6 35 e2 d0 2e 12 ff cd ee 15 ed d6 da 17 54 10
26 0a 28 c5 c4 d0 ea 15 e4 fe 08 11 e8 02 ed dd
26 0a d8 3b c4 d0 ea eb 1c fe 08 11 18 fe ed dd
0d e4 20 02 51 1e 2f 24 f0 3f 0a 29 28 da 31 25
0d e4 e0 fe 51 1e 2f dc 10 3f 0a 29 d8 26 31 25
eb 39 eb e3 ff 22 0e 0f f7 e3 1e 3b f3 04 cd 0f
eb 39 15 1d ff 22 0e f1 09 e3 1e 3b 0d fc cd 0f
38 db 2d a7 e2 0a 19 ff f6 52 f9 0c 04 fa 22 0c
38 db d3 59 e2 0a 19 01 0a 52 f9 0c fc 06 22 0c
f0 17 08 31 2d 2b 03 39 11 21 f1 e7 19 fd 29 04
f0 17 f8 cf 2d 2b 03 c7 ef 21 f1 e7 e7 03 29 04
32 06 04 cd c4 d2 cf 1d de 0b 08 10 16 fe 17 09
32 06 fc 33 c4 d2 cf e3 22 0b 08 10 ea 02 17 09
14 de 2c 2a 4a 24 36 2a ef 4f 11 2e 23 d0 35 27
14 de d4 d6 4a 24 36 d6 11 4f 11 2e dd 30 35 27
f6 3a 0d d8 bf c5 13 07 ef ec 3a 3a ed fc d6 d5
f6 3a f3 28 bf c5 13 f9 11 ec 3a 3a 13 04 d6 d5
11 dd 0f d4 28 11 20 0e b0 23 ff 0f 2f ed 28 0c
11 dd f1 2c 28 11 20 f2 50 23 ff 0f d1 13 28 0c
d8 17 ef f0 2d 0d 2e 02 ef f0 f9 e9 d1 f0 c3 08
d8 17 11 10 2d 0d 2e fe 11 f0 f9 e9 2f 10 c3 08
2a 03 13 c5 ed 04 e6 f1 d8 37 09 0e 11 09 19 0a
2a 03 ed 3b ed 04 e6 0f 28 37 09 0e ef f7 19 0a
de 16 14 2d 2f 2a fc 30 13 30 e9 f3 1d c8 3a 0f
de 16 ec d3 2f 2a fc d0 ed 30 e9 f3 e3 38 3a 0f
1e 0b 1c cd c4 ca e8 0f e9 f4 0b 12 e9 ed 08 dc
1e 0b e4 33 c4 ca e8 f1 17 f4 0b 12 17 13 08 dc
16 ea 18 02 55 19 28 e6 d7 33 04 53 2b e2 2e 22
16 ea e8 fe 55 19 28 1a 29 33 04 53 d5 1e 2e 22
e2 39 01 eb 2c 19 0f 33 bd db 1a 04 fc 0a c8 0c
e2 39 ff 15 2c 19 0f cd 43 db 1a 04 04 f6 c8 0c
32 03 22 bd e7 07 14 f9 d2 46 f6 0d 06 01 1e 0b
32 03 de 43 e7 07 14 07 2e 46 f6 0d fa ff 1e 0b
e8 36 01 30 2d 23 00 36 12 18 ee e5 21 04 26 11
e8 36 ff d0 2d 23 00 ca ee 18 ee e5 df fc 26 11
29 09 2c 94 c4 cc cb 17 e2 01 09 12 1d 02 ed de
29 09 d4 6c c4 cc cb e9 1e 01 09 12 e3 fe ed de
0e e3 23 26 4f 1f 31 26 ef 43 0b 2a 27 d8 32 25
0e e3 dd da 4f 1f 31 da 11 43 0b 2a d9 28 32 25
ed 39 01 e0 ff 26 0e 10 f5 e5 1f 3b f2 03 cf 10
ed 39 ff 20 ff 26 0e f0 0b e5 1f 3b 0e fd cf 10
3a db 09 d5 e2 0c 1a 01 f4 56 fa 0d 02 f6 24 0c
3a db f7 2b e2 0c 1a ff 0c 56 fa 0d fe 0a 24 0c
f3 17 22 32 2d 2d 04 3b 10 24 16 e8 16 fa 29 04
f3 17 de ce 2d 2d 04 c5 f0 24 16 e8 ea 06 29 04
34 06 08 cb c3 d3 cf 1f dc 10 08 10 16 fc 17 09
34 06 f8 35 c3 d3 cf e1 24 10 08 10 ea 04 17 09
17 dc 30 2b 48 26 37 2c ee 53 13 30 22 ce 36 28
17 dc d0 d5 48 26 37 d4 12 53 13 30 de 32 36 28
16 3a 11 d5 be c6 14 09 ee ef 3a 3b ec fa d6 d5
16 3a ef 2b be c6 14 f7 12 ef 3a 3b 14 06 d6 d5
13 df 11 d3 27 13 22 10 ae 27 00 10 2e eb 29 0c
13 df ef 2d 27 13 22 f0 52 27 00 10 d2 15 29 0c
db 17 f4 ef 2d 10 30 03 ee d7 17 eb cf ed c4 09
db 17 0c 11 2d 10 30 fd 12 d7 17 eb 31 13 c4 09
2c 04 17 c3 eb 04 e7 f3 d6 3a f3 0e 0f 07 1a 0a
2c 04 e9 3d eb 04 e7 0d 2a 3a f3 0e f1 f9 1a 0a
e1 38 17 2f 2e 2c fd 30 13 10 eb f6 1c c5 3b 10
e1 38 e9 d1 2e 2c fd d0 ed 10 eb f6 e4 3b 3b 10
21 0b 20 ca c5 cc ea 11 e7 f6 0b 11 e8 ec 09 dc
21 0b e0 36 c5 cc ea ef 19 f6 0b 11 18 14 09 dc
ff e8 1b 02 54 1a 2a 21 d6 37 06 55 2a df 2f 23
ff e8 e5 fe 54 1a 2a df 2a 37 06 55 d6 21 2f 23
e5 38 05 e8 2c 1b 11 0c fa de 1c 04 f9 06 ca 0d
e5 38 fb 18 2c 1b 11 f4 06 de 1c 04 07 fa ca 0d
34 da 26 bb e5 08 16 fb d1 4a f7 0c 03 fe 1f 0b
34 da da 45 e5 08 16 05 2f 4a f7 0c fd 02 1f 0b
eb 18 03 30 2d 25 01 36 13 1a ef e5 1f 02 28 12
eb 18 fd d0 2d 25 01 ca ed 1a ef e5 e1 fe 28 12
2c 07 30 92 c3 cd cc 19 e1 04 08 11 19 00 ee 08
2c 07 d0 6e c3 cd cc e7 1f 04 08 11 e7 00 ee 08
0f e1 28 27 4e 21 33 27 f0 47 0d 2b 26 d5 33 26
0f e1 d8 d9 4e 21 33 d9 10 47 0d 2b da 2b 33 26
f0 39 05 de ff 28 10 03 f3 e7 21 3b ef 00 d2 11
f0 39 fb 22 ff 28 10 fd 0d e7 21 3b 11 00 d2 11
3c dd 0a d4 e0 0e 1c 03 f3 5a fc 0d 03 f3 25 0c
3c dd f6 2c e0 0e 1c fd 0d 5a fc 0d fd 0d 25 0c
f7 17 e6 32 2c 2f 05 fd 0f 27 17 e8 d5 f7 ff 05
f7 17 1a ce 2c 2f 05 03 f1 27 17 e8 2b 09 ff 05
65 04 0b c9 f0 02 d0 21 db 14 09 0f 15 cc 17 09
65 04 f5 37 f0 02 d0 df 25 14 09 0f eb 34 17 09
da 1a 0c 2c 30 27 f9 2c 13 57 15 f1 20 cb 37 29
da 1a f4 d4 30 27 f9 d4 ed 57 15 f1 e0 35 37 29
19 3b 14 d3 c6 c8 16 0b ec ce 0c 12 eb f8 07 05
19 3b ec 2d c6 c8 16 f5 14 ce 0c 12 15 08 07 05
14 0b 13 02 27 15 25 e3 db 2b 01 10 2c e8 2b 0c
14 0b ed fe 27 15 25 1d 25 2b 01 10 d4 18 2b 0c
dd 18 f7 ef 2c 13 32 30 ee d8 18 eb 02 0d c6 0a
dd 18 09 11 2c 13 32 d0 12 d8 18 eb fe f3 c6 0a
2e 03 1b c1 eb 05 13 f5 d5 3e f3 0d 0f 05 1b 0a
2e 03 e5 3f eb 05 13 0b 2b 3e f3 0d f1 fb 1b 0a
e4 36 1b 30 2d 10 fe 32 13 12 ec d5 2b eb 52 10
e4 36 e5 d0 2d 10 fe ce ed 12 ec d5 d5 15 52 10
24 0a 24 c7 c4 ce ea 13 e5 fa 0a 11 e8 03 ec dd
24 0a dc 39 c4 ce ea ed 1b fa 0a 11 18 fd ec dd
01 e6 1c 03 52 1c 2c 22 d5 3b 08 28 28 de 30 24
01 e6 e4 fd 52 1c 2c de 2b 3b 08 28 d8 22 30 24
e8 39 e7 e5 ff 1f 0c 0e f8 e0 1d 3a f6 04 cc 0e
e8 39 19 1b ff 1f 0c f2 08 e0 1d 3a 0a fc cc 0e
36 db 29 a9 e4 0a 17 fd cf 4e f7 0c 03 fc 20 0c
36 db d7 57 e4 0a 17 03 31 4e f7 0c fd 04 20 0c
ed 18 07 31 2e 27 02 38 13 1e f1 e6 1b ff 29 13
ed 18 f9 cf 2e 27 02 c8 ed 1e f1 e6 e5 01 29 13
2f 06 00 cf c3 d1 ce 1b df 08 08 11 17 ff ef 08
2f 06 00 31 c3 d1 ce e5 21 08 08 11 e9 01 ef 08
12 df 2a 28 4b 23 34 28 ef 4b 0f 2c 24 d3 34 26
12 df d6 d8 4b 23 34 d8 11 4b 0f 2c dc 2d 34 26
f3 39 09 db fe 2c 11 05 f1 e8 22 3a ee fd d4 12
f3 39 f7 25 fe 2c 11 fb 0f e8 22 3a 12 03 d4 12
3e dd 0d d4 dd 10 1d 05 f2 1f fd 0e 01 f1 27 0c
3e dd f3 2c dd 10 1d fb 0e 1f fd 0e ff 0f 27 0c
d7 17 eb 30 2c 32 06 00 0d 2b f8 e8 d2 f2 01 07
d7 17 15 d0 2c 32 06 00 f3 2b f8 e8 2e 0e 01 07
67 04 0f c7 ed 03 d2 23 d9 18 09 0f 12 cc 18 0a
67 04 f1 39 ed 03 d2 dd 27 18 09 0f ee 34 18 0a
dc 18 11 2c 2e 29 fa 2f 12 5b 16 f2 1f ca 39 2a
dc 18 ef d4 2e 29 fa d1 ee 5b 16 f2 e1 36 39 2a
1b 3a 18 d0 c5 c9 16 0d ea f3 0c 13 ea f8 07 05
1b 3a e8 30 c5 c9 16 f3 16 f3 0c 13 16 08 07 05
15 ed 16 01 26 17 26 e5 d9 2f 02 12 2c e4 2c 0c
15 ed ea ff 26 17 26 1b 27 2f 02 12 d4 1c 2c 0c
e0 18 fc ee 2c 16 33 31 bd da 19 ec ff 0b c6 0a
e0 18 04 12 2c 16 33 cf 43 da 19 ec 01 f5 c6 0a
30 03 1e bf e8 06 14 f7 d3 42 f4 0d 0d 03 1d 0b
30 03 e2 41 e8 06 14 09 2d 42 f4 0d f3 fd 1d 0b
e6 35 1e 30 2e 12 ff 33 12 15 ed d6 26 e9 54 10
e6 35 e2 d0 2e 12 ff cd ee 15 ed d6 da 17 54 10
26 0a 28 c5 c4 d0 ea 15 e4 fe 08 11 e8 02 ed dd
26 0a d8 3b c4 d0 ea eb 1c fe 08 11 18 fe ed dd
0d e4 20 02 51 1e 2f 24 f0 3f 0a 29 28 da 31 25
0d e4 e0 fe 51 1e 2f dc 10 3f 0a 29 d8 26 31 25
eb 39 eb e3 ff 22 0e 0f f7 e3 1e 3b f3 04 cd 0f
eb 39 15 1d ff 22 0e f1 09 e3 1e 3b 0d fc cd 0f
38 db 2d a7 e2 0a 19 ff f6 52 f9 0c 04 fa 22 0c
38 db d3 59 e2 0a 19 01 0a 52 f9 0c fc 06 22 0c
f0 17 08 31 2d 2b 03 39 11 21 f1 e7 19 fd 29 04
f0 17 f8 cf 2d 2b 03 c7 ef 21 f1 e7 e7 03 29 04
32 06 04 cd c4 d2 cf 1d de 0b 08 10 16 fe 17 09
32 06 fc 33 c4 d2 cf e3 22 0b 08 10 ea 02 17 09
14 de 2c 2a 4a 24 36 2a ef 4f 11 2e 23 d0 35 27
14 de d4 d6 4a 24 36 d6 11 4f 11 2e dd 30 35 27
f6 3a 0d d8 bf c5 13 07 ef ec 3a 3a ed fc d6 d5
f6 3a f3 28 bf c5 13 f9 11 ec 3a 3a 13 04 d6 d5
11 dd 0f d4 28 11 20 0e b0 23 ff 0f 2f ed 28 0c
11 dd f1 2c 28 11 20 f2 50 23 ff 0f d1 13 28 0c
d8 17 ef f0 2d 0d 2e 02 ef f0 f9 e9 d1 f0 c3 08
d8 17 11 10 2d 0d 2e fe 11 f0 f9 e9 2f 10 c3 08
2a 03 13 c5 ed 04 e6 f1 d8 37 09 0e 11 09 19 0a
2a 03 ed 3b ed 04 e6 0f 28 37 09 0e ef f7 19 0a
de 16 14 2d 2f 2a fc 30 13 30 e9 f3 1d c8 3a 0f
de 16 ec d3 2f 2a fc d0 ed 30 e9 f3 e3 38 3a 0f
1e 0b 1c cd c4 ca e8 0f e9 f4 0b 12 e9 ed 08 dc
1e 0b e4 33 c4 ca e8 f1 17 f4 0b 12 17 13 08 dc
16 ea 18 02 55 19 28 e6 d7 33 04 53 2b e2 2e 22
16 ea e8 fe 55 19 28 1a 29 33 04 53 d5 1e 2e 22
e2 39 01 eb 2c 19 0f 33 bd db 1a 04 fc 0a c8 0c
e2 39 ff 15 2c 19 0f cd 43 db 1a 04 04 f6 c8 0c
32 03 22 bd e7 07 14 f9 d2 46 f6 0d 06 01 1e 0b
32 03 de 43 e7 07 14 07 2e 46 f6 0d fa ff 1e 0b
e8 36 01 30 2d 23 00 36 12 18 ee e5 21 04 26 11
e8 36 ff d0 2d 23 00 ca ee 18 ee e5 df fc 26 11
29 09 2c 94 c4 cc cb 17 e2 01 09 12 1d 02 ed de
29 09 d4 6c c4 cc cb e9 1e 01 09 12 e3 fe ed de
0e e3 23 26 4f 1f 31 26 ef 43 0b 2a 27 d8 32 25
0e e3 dd da 4f 1f 31 da 11 43 0b 2a d9 28 32 25
ed 39 01 e0 ff 26 0e 10 f5 e5 1f 3b f2 03 cf 10
ed 39 ff 20 ff 26 0e f0 0b e5 1f 3b 0e fd cf 10
3a db 09 d5 e2 0c 1a 01 f4 56 fa 0d 02 f6 24 0c
3a db f7 2b e2 0c 1a ff 0c 56 fa 0d fe 0a 24 0c
f3 17 22 32 2d 2d 04 3b 10 24 16 e8 16 fa 29 04
f3 17 de ce 2d 2d 04 c5 f0 24 16 e8 ea 06 29 04
34 06 08 cb c3 d3 cf 1f dc 10 08 10 16 fc 17 09
34 06 f8 35 c3 d3 cf e1 24 10 08 10 ea 04 17 09
17 dc 30 2b 48 26 37 2c ee 53 13 30 22 ce 36 28
17 dc d0 d5 48 26 37 d4 12 53 13 30 de 32 36 28
16 3a 11 d5 be c6 14 09 ee ef 3a 3b ec fa d6 d5
16 3a ef 2b be c6 14 f7 12 ef 3a 3b 14 06 d6 d5
13 df 11 d3 27 13 22 10 ae 27 00 10 2e eb 29 0c
13 df ef 2d 27 13 22 f0 52 27 00 10 d2 15 29 0c
db 17 f4 ef 2d 10 30 03 ee d7 17 eb cf ed c4 09
db 17 0c 11 2d 10 30 fd 12 d7 17 eb 31 13 c4 09
2c 04 17 c3 eb 04 e7 f3 d6 3a f3 0e 0f 07 1a 0a
2c 04 e9 3d eb 04 e7 0d 2a 3a f3 0e f1 f9 1a 0a
e1 38 17 2f 2e 2c fd 30 13 10 eb f6 1c c5 3b 10
e1 38 e9 d1 2e 2c fd d0 ed 10 eb f6 e4 3b 3b 10
21 0b 20 ca c5 cc ea 11 e7 f6 0b 11 e8 ec 09 dc
21 0b e0 36 c5 cc ea ef 19 f6 0b 11 18 14 09 dc
ff e8 1b 02 54 1a 2a 21 d6 37 06 55 2a df 2f 23
ff e8 e5 fe 54 1a 2a df 2a 37 06 55 d6 21 2f 23
e5 38 05 e8 2c 1b 11 0c fa de 1c 04 f9 06 ca 0d
e5 38 fb 18 2c 1b 11 f4 06 de 1c 04 07 fa ca 0d
34 da 26 bb e5 08 16 fb d1 4a f7 0c 03 fe 1f 0b
34 da da 45 e5 08 16 05 2f 4a f7 0c fd 02 1f 0b
@010000
00 00 00 00 00 00 00 00 00 00 00 00 00 00 00 00
00 00 00 00 00 00 00 00 00 00 00 00 00 00 00 00
00 00 00 00 00 0b 00 00 00 00 00 00 0b 00 00 00
00 00 00 00 00 00 00 00 00 00 00 00 00 00 00 00
00 00 00 00 ef f4 00 00 00 00 00 00 e9 00 00 00
00 00 00 00 00 00 00 00 00 00 00 00 00 00 00 00
00 00 00 00 2b 16 00 00 00 00 00 00 18 00 00 00
00 00 00 0b 00 00 00 00 00 00 06 00 00 00 00 ea
00 00 00 00 0c 09 00 00 00 00 00 ef 0a 00 00 00
00 00 ef f4 00 00 00 00 fe 18 1b 00 00 00 f7 0f
00 00 00 0b f3 ef 00 00 00 00 06 0f e9 00 00 ea
18 0b 0d 21 00 00 f7 f7 f3 fe e9 00 00 ef 0f 1d
00 00 18 f4 0a e7 00 00 fe ef 1b 1c 07 00 0b 0f
0b fb 12 ee 00 f7 00 0a 29 ea f2 00 0b 02 ec 08
ef f7 f5 21 e7 05 0b f7 f3 02 e9 f0 ed ef f4 1d
f4 0a 0d fb ef 0f 00 02 ec 18 23 00 e9 1c 10 31
f7 06 f2 ee 3f ef 00 0a 29 24 f2 3a f7 02 1f 08
f4 0c 0d 2c 2b f0 06 02 23 ed 0d 00 18 02 0e e7
0f f7 f5 fb e6 ef 00 02 ec ef 23 f9 e9 1c f3 31
0b e5 e8 e9 0c f8 fe f4 10 18 2c 18 0a 07 fd 20
0f f6 f5 2c 28 28 fb 02 23 1e 0d 24 1f 02 f5 e7
1a f0 12 17 f3 18 04 f5 05 18 29 f4 e9 f7 26 e4
f7 3a 2b e9 13 fd 02 f4 10 ef 2c ed f3 07 03 20
0b fd e7 ed 0a 2f ec 09 02 1a ee ed 07 15 ef 19
ee 17 f2 17 f2 ff fc f5 05 ef 29 0e ed f7 ea e4
4b 01 03 24 e7 fb e8 f8 f0 30 fc 17 ed f2 16 08
f7 03 33 ed 2f eb 20 09 02 ee ee 13 17 15 18 19
0d f5 24 f9 3f 19 f6 f3 1b ea ef e5 f7 f6 e6 00
e3 ff fd 24 e5 0f 2d f8 f0 e7 fc ea e8 f2 f0 08
0b 0d 17 fb e6 19 fa 09 e9 16 28 08 e9 23 fe 2a
f5 0e ea f9 55 f7 0c f3 1b 24 ef 2c 04 f6 38 00
f7 f2 18 35 28 e9 03 e6 0f fe 0f ea 1f f5 2f e7
f7 f5 f0 fb 2c f7 07 09 e9 f0 28 f0 fb 23 02 2a
0b e2 e8 eb 13 03 07 f2 07 15 14 1d f3 19 f0 19
0b 12 ef 35 ef f8 fd e6 0f 02 0f 16 eb f5 e7 e7
1c fc 08 1e f2 01 02 ed f5 43 00 f5 ed f5 1a 19
f7 53 2c eb 2d e9 fa f2 07 f1 14 10 ed 19 16 19
0b f5 00 f3 2f 21 f2 0a 23 e7 e6 f2 17 11 01 07
ed 04 f9 1e e5 09 fe ed f5 e4 00 f5 e9 f5 ee 19
0b 1b fd f5 e5 f4 ea 01 ea 6c 31 25 e8 26 22 23
f7 0d 00 f3 4f f2 12 0a 23 30 e6 27 0e 11 ff 07
f5 f2 1c 30 55 0b 01 04 27 ea 0e e8 04 f5 01 e6
f7 ee 03 f5 ff f2 24 01 ea e1 31 f1 fe 26 eb 23
0b e9 eb e9 2c 0b 10 02 19 20 1a 17 fb 1c 2c 1f
0d 12 ed 30 ed f4 ff 04 27 26 0e 49 f0 f5 ff e6
1c e5 0e 26 ef 09 05 e9 f1 2b 04 f0 eb f5 23 26
f7 2a 23 e9 2d e7 f3 02 19 ec 1a 24 f0 1c e8 1f
0b f5 06 f7 2d 29 f1 03 38 e7 e7 f3 ed 13 01 0c
ed 3b f5 26 e5 f1 fb e9 f1 e8 04 10 eb f5 eb 26
0b 18 00 ea e5 f8 ed f7 f7 35 37 0e e9 29 09 2d
f7 0d fb f7 48 f3 15 03 38 32 e7 53 14 13 ff 0c
f4 f3 20 38 4f 13 06 fb 32 e8 14 e9 0e f6 22 e8
f7 ef 00 ea e4 f5 1d f7 f7 e6 37 f3 e8 29 f8 2d
16 e7 ee e9 ff 13 f0 fc 0f 2b 22 15 fe 1f 08 26
0f 10 ec 38 27 0b fb fb 32 2b 14 27 31 f6 eb e8
13 e5 13 17 ed 0f f9 e7 16 2d 30 e3 f0 f5 30 e5
f0 30 1b e9 2d 08 16 fc 0f e8 22 e9 f4 1f f9 26
09 f3 e7 04 2d 31 f2 fb 24 11 ef ea f0 15 11 13
f2 3b f2 17 f1 eb 08 e7 16 e8 30 3a ed f5 e7 e5
4a 15 04 38 e5 15 e5 f1 ea 3d fd f3 eb f2 11 10
f8 10 31 04 2e f2 13 fb 24 f3 ef 10 18 15 f3 13
12 f5 25 0b 48 10 00 f2 2c e7 f0 e2 14 f6 f6 04
e3 f1 fc 38 e5 ef 3a f1 ea e5 fd f7 e9 f2 f3 10
18 0a 18 ef e4 0d f0 07 ec 36 2a 11 e8 23 17 2c
f2 0e ea 0b 54 f6 00 f2 2c 2f f0 37 07 f6 0c 04
f2 f3 24 38 27 f7 0d e5 21 fe 11 e9 31 04 17 e6
ef f7 ef ef 2c 02 17 07 ec e6 2a eb fd 23 f0 2c
19 e2 e6 ea 2d f9 15 f1 ff 18 16 29 f4 17 20 1a
13 11 ea 38 ee e6 f5 e5 21 02 11 4a ec 04 f0 e6
2a fc 21 18 f1 23 f7 eb ee 45 01 e5 ed ea 1b 1b
ef 55 37 ea 2d ef f1 f1 ff ef 16 1a ef 17 ec 1a
06 f6 1a 07 2e 12 fb 06 34 e7 e6 f3 18 1f 05 08
e9 04 eb 18 e5 e9 0b eb ee e4 01 04 ea ea ee 1b
2f 1b f2 ec e5 18 ed fe f1 6e 33 0a e9 10 26 25
fb 0c ee 07 4e fd 06 06 34 30 e6 47 11 1f fb 08
f2 f3 35 39 54 0c 09 02 2c e9 10 e6 07 04 03 e7
e7 ee 12 ec ff fd 1c fe f1 e1 33 ef fd 10 ea 25
1f e8 e7 eb 2c fe 11 00 0f 22 1c 22 fd 24 30 21
13 11 e6 39 ec 03 f8 02 2c 27 10 5a 2b 04 fd e7
10 e5 27 17 ee 36 f9 e8 f3 2c 05 e3 ec 04 28 28
ec 2b 2f eb 2c eb f3 00 0f eb 1c 27 f1 24 e7 21
0d f5 09 04 2d 19 f5 00 3c e7 e7 ee ef 21 05 0e
f3 3b e9 17 f3 e8 08 e8 f3 e8 05 14 ec 04 e9 28
0d 18 17 1a e5 27 eb f5 f8 37 fa fc ea 11 0a 2f
f5 0d f8 04 30 f7 0d 00 3c 32 e7 57 15 21 fb 0e
f4 f4 2b 3b 4e 03 04 f8 65 e8 16 e3 11 09 ee 02
f5 ef f0 1a e5 1d 21 f5 f8 e6 fa e7 e8 11 f7 2f
25 0f 07 0b ff 03 f0 e6 ea 2d 25 19 fd 05 0b 27
0f 0f e8 3b 27 e7 fc f8 65 2c 16 2b fe 09 1a 02
f2 f2 2b 18 ec fd f8 e6 19 fe 32 e2 2b 09 0c e6
ea f4 fa 0b 2c 0b 17 e6 ea e8 25 e9 f4 05 f7 27
14 f3 e5 03 2c 21 f1 f9 14 11 13 e9 f1 29 14 15
13 12 e8 18 f1 e7 09 e6 19 02 32 3e e8 09 f6 e6
25 15 1b 36 f3 2c f6 ef eb 3f fe f1 ec 05 13 13
f1 10 3a 03 2d f2 15 f9 14 f3 13 12 18 29 f1 15
12 f5 52 0a 30 0b ff 0d 2e e7 f0 e2 15 0c f8 05
ea f1 ee 36 e5 eb 0c ef eb e4 fe fb e9 05 f2 13
2b 2b f1 ee e5 ed ef 05 ed 39 2c 32 e8 0a 1b 10
f2 0d e2 0a 52 f5 01 0d 2e 30 f0 3b 0a 0c 09 05
f2 f3 30 39 27 30 0d f1 24 fd 0c e8 fe 0a 1b e7
e8 e8 14 ee ff 03 18 05 ed e5 2c ec fd 0a ee 10
1b e9 e6 ea 2c f7 14 03 01 1b 17 28 f4 10 24 1c
13 11 e7 39 ed e6 f5 f1 24 03 0c 4e ee 0a ee e7
2b e5 20 18 f1 32 f7 eb ef 57 02 e5 e8 eb 1c 1f
ee 28 34 ea 2e ee f1 03 01 ee 17 1e f0 10 ea 1c
08 f6 29 06 2d 13 f9 04 36 e7 e7 f2 18 24 ef 0a
e8 3a ec 18 e5 e9 0a eb ef e2 02 08 ea eb ed 1f
31 1a f3 eb e5 22 ed fc f2 31 34 06 e9 0e 29 27
f9 0c e9 06 4b fb 08 04 36 31 e7 4b 12 24 19 0a
f2 f3 34 39 52 0e 09 ff 2f e9 11 e5 0a 0c 07 e7
e7 ee 11 eb fe fb 1d fc f2 e7 34 ef ff 0e e9 27
21 e8 e8 eb ff fd 0f ff 12 25 1d 20 fd 13 00 23
13 11 e6 39 eb 00 f8 ff 2f 28 11 1f 2e 0c fa e7
11 e5 27 17 ed 38 f9 e8 f5 2c 06 e3 ee 08 2a 2c
eb 2c 2c eb 2c eb f4 ff 12 ea 1d 2b f2 13 00 23
0f f5 01 04 2e 1b f4 fd 3e e7 e8 ed f0 26 09 10
f3 3a e9 17 f2 e7 08 e8 f5 e8 06 18 ec 08 e9 2c
0e 18 18 18 e5 28 eb f4 e9 39 fb f9 ea 12 0d 32
f4 0e ff 04 2e f5 0f fd 3e 30 e8 5b 16 26 f8 10
f5 f4 39 3a 4b 05 03 f5 67 e8 16 e3 12 0c f1 03
f5 ef ef 18 e5 1b 22 f4 e9 e5 fb f5 e8 12 f5 32
27 0e 07 f2 fe 05 08 e6 ea 30 26 18 ff 07 0f 29
0d 0f e5 3a 26 e7 fd f5 67 2c 16 2f 01 0c 15 03
f2 f2 2c 18 eb 00 f8 e6 1b ff 33 ec 2e 0a 11 e6
e9 f5 fa f2 2c 09 f9 e6 ea e7 26 ea f5 07 f4 29
16 f2 e5 03 2c 23 f0 f9 15 12 14 e8 f2 2a 18 17
12 13 e8 18 ef e7 09 e6 1b 01 33 42 ea 0a f3 e6
27 14 1d 35 f2 2f f6 ed ec 41 ff ef ec 05 16 16
f0 12 3a 03 2e f1 16 f9 15 f2 14 15 18 2a ef 17
43 f5 54 0a 2e 0d fe 0b 30 e7 f0 e2 16 0c fc 06
e9 f1 ed 35 e5 ea 0c ed ec e4 ff fe e9 05 f0 16
2d 2a f2 ed e5 ee ef 03 ee 3b 2f 0d e8 0a 1e 12
e4 0d e2 0a 51 f4 02 0b 30 30 f0 3f 0d 0c 04 06
f2 f3 31 39 26 31 0c f0 26 fe 0e e7 01 0b 1e e7
e8 e9 13 ed ff 01 19 03 ee e5 2f ed fc 0a ed 12
1c e9 e7 ea 2c f8 13 02 0d 1d 19 26 f5 10 28 1e
12 11 e7 39 ed e5 f6 f0 26 02 0e 52 ef 0b ed e7
10 e5 22 17 ef 33 f9 ea f1 59 03 e4 ea eb 20 22
ed 29 33 ea 2d ed f2 02 0d ed 19 21 f0 10 e9 1e
09 f6 29 06 2e 15 f7 04 38 e7 e7 f1 18 25 f1 0a
f3 3b eb 17 e5 e9 08 ea f1 e2 03 0b eb eb ec 22
0a 19 17 eb e5 24 ed fb f3 33 36 02 e9 0f 2d 2b
f8 0c e9 06 4a fa 0a 04 38 31 e7 4f 13 25 15 0a
f3 f3 35 3a 51 0f 07 fd 32 e9 13 e4 0d 0c 08 e8
f7 ef f0 eb e4 f5 1e fb f3 e7 36 f1 e7 0f e8 2b
22 e8 e9 eb ff ff 0f fe 14 28 20 1d fc 04 04 24
11 10 e6 3a 28 fe fa fd 32 2a 13 23 2f 0c f9 e8
11 e5 28 17 ed 39 f9 e7 f7 2c 2e e2 ef 09 2c e5
eb 2e 2a eb 2d 0f f4 fe 14 e9 20 f3 f3 04 fc 24
11 f4 e5 03 2d 1d f3 fc 11 10 ee eb f0 27 0d 11
f3 3a e9 17 f2 e7 08 e7 f7 e8 2e 37 ed 09 e8 e5
50 17 19 16 e5 2a e5 f2 e9 3b fc f7 eb e8 0f 0d
f3 0f 3d 03 2f f4 11 fc 11 f3 ee 30 17 27 f5 11
11 f5 3a 0b 4a 07 01 f3 2a e8 ef e3 13 0c f3 04
e3 f0 ef 16 e5 1a 3a f2 e9 e5 fc f6 e8 e8 f4 0d
28 0d 08 f0 e4 0e 07 09 eb 33 28 14 e7 08 13 2a
f3 0e e5 0b 55 e7 ff f3 2a 2d ef 33 04 0c 11 04
f2 f2 2e 39 28 02 f8 e6 1e fe 0f eb 2f 0a 14 e6
e9 f5 f9 f0 2c 07 fa 09 eb e7 28 ea fb 08 f2 2a
17 e2 e6 03 2d f4 17 f2 16 15 14 10 f3 0f 1c 19
13 12 e8 39 ef e6 09 e6 1e 02 0f 46 eb 0a f1 e6
29 fc 1e 36 f2 30 f7 ed ed 43 00 e6 ed ea 18 19
f0 53 38 03 2d f0 f0 f2 16 f1 14 18 ed 0f ed 19
43 f5 26 09 2f 0f fc 0a 32 e7 e6 e7 17 22 01 07
e9 04 ed 36 e5 ea 0b ed ed e4 00 01 e9 ea ef 19
2e 1b f2 ed e5 ee ee 01 ef 6c 31 0c e8 0c 22 23
e4 0d ea 09 4f f3 04 0a 32 30 e6 43 0e 22 ff 07
f2 f2 32 39 55 33 0a 04 29 ea 0e e7 04 0b 01 e6
e8 ee 13 ed ff ff 1a 01 ef e1 31 ee fe 0c eb 23
1e e9 e7 ea 2c fa 12 02 0e 20 1a 25 fb 11 2c 1f
12 12 e7 39 ed e5 f7 04 29 26 0e 56 f0 0b ff e6
11 e5 24 17 ef 36 f8 e9 f2 2b 04 e4 eb eb 23 26
ed 2a 31 ea 2d ec f2 02 0e ec 1a 24 f0 11 e8 1f
0b f5 29 06 2d 17 f7 03 3a e7 e7 ef ed 25 01 0c
f3 3b ea 17 e5 e8 09 e9 f2 e8 04 10 eb eb eb 26
0c 18 17 ea e5 26 ec f7 f5 35 37 ff e9 10 09 2d
f7 0d e9 06 48 f8 0b 03 3a 32 e7 53 14 25 ff 0c
f3 f3 36 3a 4f 10 06 fb 34 e8 14 e4 0e 0c 22 e8
f6 ef f0 ea e4 f3 1f f7 f5 e6 37 f3 e8 10 f8 2d
24 e7 e9 eb ff 01 f0 fc 17 2b 22 1b fe 04 08 26
10 10 e6 3a 27 fd fb fb 34 2b 14 27 31 0c eb e8
12 e5 29 17 ed 3b f9 e7 16 2d 30 e2 f0 09 30 e5
ea 30 2a eb 2d 0d 16 fc 17 e8 22 e9 f4 04 f9 26
12 f3 e5 04 2d 1f f2 fb 13 11 ef ea f0 28 11 13
f2 3b e9 17 f1 e7 08 e7 16 e8 30 3a ed 09 e7 e5
52 15 1a 38 e5 2c e5 f1 ea 3d fd f3 eb e8 11 10
f2 10 3c 04 2e f3 13 fb 13 f3 ef 10 18 28 f3 13
12 f5 3b 0b 48 09 00 f2 2c e7 f0 e2 14 0c f6 04
e2 f1 ee 38 e5 eb 3a f1 ea e5 fd f7 e9 e8 f3 10
2a 0a 09 ef e4 10 f0 07 ec 36 2a 11 e8 09 17 2c
f2 0e e5 0b 54 f6 00 f2 2c 2f f0 37 07 0c 0c 04
f2 f3 2f 38 27 03 0d e5 21 fe 11 e9 31 0a 17 e6
e9 f7 f8 ef 2c 05 17 07 ec e6 2a eb fd 09 f0 2c
19 e2 e6 ea 2d f5 15 f1 ff 18 16 29 f4 10 20 1a
13 11 e7 38 ee e6 f5 e5 21 02 11 4a ec 0a f0 e6
2a fc 1f 18 f1 30 f7 eb ee 45 01 e5 ed ea 1b 1b
ef 55 36 ea 2d ef f1 f1 ff ef 16 1a ef 10 ec 1a
06 f6 28 07 2e 11 fb 06 34 e7 e6 f3 18 23 05 08
e9 04 ec 18 e5 e9 0b eb ee e4 01 04 ea ea ee 1b
2f 1b f2 ec e5 21 ed fe f1 6e 33 0a e9 0d 26 25
fb 0c e9 07 4e fd 06 06 34 30 e6 47 11 23 fb 08
f2 f3 33 39 54 0c 09 02 2c e9 10 e6 07 0b 03 e7
e7 ee 12 ec ff fd 1c fe f1 e1 33 ef fd 0d ea 25
1f e8 e8 eb 2c fb 11 00 0f 22 1c 22 fd 12 30 21
13 11 e7 39 ec 03 f8 02 2c 27 10 5a 2b 0b fd e7
10 e5 25 17 ee 36 f9 e8 f3 2c 05 e3 ec 08 28 28
ec 2b 2e eb 2c eb f3 00 0f eb 1c 27 f1 12 e7 21
0d f5 ff 04 2d 19 f5 00 3c e7 e7 ee ef 26 05 0e
f3 3b ea 17 f3 e8 08 e8 f3 e8 05 14 ec 08 e9 28
0d 18 17 1a e5 27 eb f5 f8 37 fa fc ea 11 0a 2f
f5 0d 01 04 30 f7 0d 00 3c 32 e7 57 15 26 fb 0e
f4 f4 37 3b 4e 03 04 f8 65 e8 16 e3 11 0c ee 02
f5 ef f0 1a e5 1d 21 f5 f8 e6 fa e7 e8 11 f7 2f
25 0f 07 0b ff 03 f0 e6 ea 2d 25 19 fd 05 0b 27
0f 0f e6 3b 27 e7 fc f8 65 2c 16 2b fe 0c 1a 02
f2 f2 2b 18 ec fd f8 e6 19 fe 32 e2 2b 09 0c e6
ea f4 fa 0b 2c 0b 17 e6 ea e8 25 e9 f4 05 f7 27
14 f3 e5 03 2c 21 f1 f9 14 11 13 e9 f1 29 14 15
13 12 e8 18 f1 e7 09 e6 19 02 32 3e e8 09 f6 e6
25 15 1b 36 f3 2c f6 ef eb 3f fe f1 ec 05 13 13
f1 10 3a 03 2d f2 15 f9 14 f3 13 12 18 29 f1 15
12 f5 52 0a 30 0b ff 0d 2e e7 f0 e2 15 0c f8 05
ea f1 ee 36 e5 eb 0c ef eb e4 fe fb e9 05 f2 13
2b 2b f1 ee e5 ed ef 05 ed 39 2c 32 e8 0a 1b 10
f2 0d e2 0a 52 f5 01 0d 2e 30 f0 3b 0a 0c 09 05
f2 f3 30 39 27 30 0d f1 24 fd 0c e8 fe 0a 1b e7
e8 e8 14 ee ff 03 18 05 ed e5 2c ec fd 0a ee 10
1b e9 e6 ea 2c f7 14 03 01 1b 17 28 f4 10 24 1c
13 11 e7 39 ed e6 f5 f1 24 03 0c 4e ee 0a ee e7
2b e5 20 18 f1 32 f7 eb ef 57 02 e5 e8 eb 1c 1f
ee 28 34 ea 2e ee f1 03 01 ee 17 1e f0 10 ea 1c
08 f6 29 06 2d 13 f9 04 36 e7 e7 f2 18 24 ef 0a
e8 3a ec 18 e5 e9 0a eb ef e2 02 08 ea eb ed 1f
31 1a f3 eb e5 22 ed fc f2 31 34 06 e9 0e 29 27
f9 0c e9 06 4b fb 08 04 36 31 e7 4b 12 24 19 0a
f2 f3 34 39 52 0e 09 ff 2f e9 11 e5 0a 0c 07 e7
e7 ee 11 eb fe fb 1d fc f2 e7 34 ef ff 0e e9 27
21 e8 e8 eb ff fd 0f ff 12 25 1d 20 fd 13 00 23
13 11 e6 39 eb 00 f8 ff 2f 28 11 1f 2e 0c fa e7
11 e5 27 17 ed 38 f9 e8 f5 2c 06 e3 ee 08 2a 2c
eb 2c 2c eb 2c eb f4 ff 12 ea 1d 2b f2 13 00 23
0f f5 01 04 2e 1b f4 fd 3e e7 e8 ed f0 26 09 10
f3 3a e9 17 f2 e7 08 e8 f5 e8 06 18 ec 08 e9 2c
0e 18 18 18 e5 28 eb f4 e9 39 fb f9 ea 12 0d 32
f4 0e ff 04 2e f5 0f fd 3e 30 e8 5b 16 26 f8 10
f5 f4 39 3a 4b 05 03 f5 67 e8 16 e3 12 0c f1 03
f5 ef ef 18 e5 1b 22 f4 e9 e5 fb f5 e8 12 f5 32
27 0e 07 f2 fe 05 08 e6 ea 30 26 18 ff 07 0f 29
0d 0f e5 3a 26 e7 fd f5 67 2c 16 2f 01 0c 15 03
f2 f2 2c 18 eb 00 f8 e6 1b ff 33 ec 2e 0a 11 e6
e9 f5 fa f2 2c 09 f9 e6 ea e7 26 ea f5 07 f4 29
16 f2 e5 03 2c 23 f0 f9 15 12 14 e8 f2 2a 18 17
12 13 e8 18 ef e7 09 e6 1b 01 33 42 ea 0a f3 e6
27 14 1d 35 f2 2f f6 ed ec 41 ff ef ec 05 16 16
f0 12 3a 03 2e f1 16 f9 15 f2 14 15 18 2a ef 17
43 f5 54 0a 2e 0d fe 0b 30 e7 f0 e2 16 0c fc 06
e9 f1 ed 35 e5 ea 0c ed ec e4 ff fe e9 05 f0 16
2d 2a f2 ed e5 ee ef 03 ee 3b 2f 0d e8 0a 1e 12
e4 0d e2 0a 51 f4 02 0b 30 30 f0 3f 0d 0c 04 06
f2 f3 31 39 26 31 0c f0 26 fe 0e e7 01 0b 1e e7
e8 e9 13 ed ff 01 19 03 ee e5 2f ed fc 0a ed 12
1c e9 e7 ea 2c f8 13 02 0d 1d 19 26 f5 10 28 1e
12 11 e7 39 ed e5 f6 f0 26 02 0e 52 ef 0b ed e7
10 e5 22 17 ef 33 f9 ea f1 59 03 e4 ea eb 20 22
ed 29 33 ea 2d ed f2 02 0d ed 19 21 f0 10 e9 1e
09 f6 29 06 2e 15 f7 04 38 e7 e7 f1 18 25 f1 0a
f3 3b eb 17 e5 e9 08 ea f1 e2 03 0b eb eb ec 22
0a 19 17 eb e5 24 ed fb f3 33 36 02 e9 0f 2d 2b
f8 0c e9 06 4a fa 0a 04 38 31 e7 4f 13 25 15 0a
f3 f3 35 3a 51 0f 07 fd 32 e9 13 e4 0d 0c 08 e8
f7 ef f0 eb e4 f5 1e fb f3 e7 36 f1 e7 0f e8 2b
22 e8 e9 eb ff ff 0f fe 14 28 20 1d fc 04 04 24
11 10 e6 3a 28 fe fa fd 32 2a 13 23 2f 0c f9 e8
11 e5 28 17 ed 39 f9 e7 f7 2c 2e e2 ef 09 2c e5
eb 2e 2a eb 2d 0f f4 fe 14 e9 20 f3 f3 04 fc 24
11 f4 e5 03 2d 1d f3 fc 11 10 ee eb f0 27 0d 11
f3 3a e9 17 f2 e7 08 e7 f7 e8 2e 37 ed 09 e8 e5
50 17 19 16 e5 2a e5 f2 e9 3b fc f7 eb e8 0f 0d
f3 0f 3d 03 2f f4 11 fc 11 f3 ee 30 17 27 f5 11
11 f5 3a 0b 4a 07 01 f3 2a e8 ef e3 13 0c f3 04
e3 f0 ef 16 e5 1a 3a f2 e9 e5 fc f6 e8 e8 f4 0d
28 0d 08 f0 e4 0e 07 09 eb 33 28 14 e7 08 13 2a
f3 0e e5 0b 55 e7 ff f3 2a 2d ef 33 04 0c 11 04
f2 f2 2e 39 28 02 f8 e6 1e fe 0f eb 2f 0a 14 e6
e9 f5 f9 f0 2c 07 fa 09 eb e7 28 ea fb 08 f2 2a
17 e2 e6 03 2d f4 17 f2 16 15 14 10 f3 0f 1c 19
13 12 e8 39 ef e6 09 e6 1e 02 0f 46 eb 0a f1 e6
29 fc 1e 36 f2 30 f7 ed ed 43 00 e6 ed ea 18 19
f0 53 38 03 2d f0 f0 f2 16 f1 14 18 ed 0f ed 19
43 f5 26 09 2f 0f fc 0a 32 e7 e6 e7 17 22 01 07
e9 04 ed 36 e5 ea 0b ed ed e4 00 01 e9 ea ef 19
2e 1b f2 ed e5 ee ee 01 ef 6c 31 0c e8 0c 22 23
e4 0d ea 09 4f f3 04 0a 32 30 e6 43 0e 22 ff 07
f2 f2 32 39 55 33 0a 04 29 ea 0e e7 04 0b 01 e6
e8 ee 13 ed ff ff 1a 01 ef e1 31 ee fe 0c eb 23
1e e9 e7 ea 2c fa 12 02 0e 20 1a 25 fb 11 2c 1f
12 12 e7 39 ed e5 f7 04 29 26 0e 56 f0 0b ff e6
11 e5 24 17 ef 36 f8 e9 f2 2b 04 e4 eb eb 23 26
ed 2a 31 ea 2d ec f2 02 0e ec 1a 24 f0 11 e8 1f
0b f5 29 06 2d 17 f7 03 3a e7 e7 ef ed 25 01 0c
f3 3b ea 17 e5 e8 09 e9 f2 e8 04 10 eb eb eb 26
0c 18 17 ea e5 26 ec f7 f5 35 37 ff e9 10 09 2d
f7 0d e9 06 48 f8 0b 03 3a 32 e7 53 14 25 ff 0c
f3 f3 36 3a 4f 10 06 fb 34 e8 14 e4 0e 0c 22 e8
f6 ef f0 ea e4 f3 1f f7 f5 e6 37 f3 e8 10 f8 2d
24 e7 e9 eb ff 01 f0 fc 17 2b 22 1b fe 04 08 26
10 10 e6 3a 27 fd fb fb 34 2b 14 27 31 0c eb e8
12 e5 29 17 ed 3b f9 e7 16 2d 30 e2 f0 09 30 e5
ea 30 2a eb 2d 0d 16 fc 17 e8 22 e9 f4 04 f9 26
12 f3 e5 04 2d 1f f2 fb 13 11 ef ea f0 28 11 13
f2 3b e9 17 f1 e7 08 e7 16 e8 30 3a ed 09 e7 e5
52 15 1a 38 e5 2c e5 f1 ea 3d fd f3 eb e8 11 10
f2 10 3c 04 2e f3 13 fb 13 f3 ef 10 18 28 f3 13
12 f5 3b 0b 48 09 00 f2 2c e7 f0 e2 14 0c f6 04
e2 f1 ee 38 e5 eb 3a f1 ea e5 fd f7 e9 e8 f3 10
2a 0a 09 ef e4 10 f0 07 ec 36 2a 11 e8 09 17 2c
f2 0e e5 0b 54 f6 00 f2 2c 2f f0 37 07 0c 0c 04
f2 f3 2f 38 27 03 0d e5 21 fe 11 e9 31 0a 17 e6
e9 f7 f8 ef 2c 05 17 07 ec e6 2a eb fd 09 f0 2c
19 e2 e6 ea 2d f5 15 f1 ff 18 16 29 f4 10 20 1a
@012000
00 00 00 00 00 00 00 00 00 00 00 00 00 00 00 00
00 00 00 00 00 00 00 00 00 00 00 00 00 00 00 00
00 f7 f5 00 e8 db 00 f5 00 00 0b 00 f5 00 00 e8
00 00 0b 00 f3 db 00 0b 00 00 0b 00 0b 00 00 e8
fe 17 0f 00 2b 0f 00 0f e8 f3 00 00 27 f5 00 02
fe 00 f1 00 21 0f 00 f1 18 00 00 00 d9 0b 00 02
ef fa e1 e8 0c 1d 06 ea f5 13 00 f5 e8 0a f3 1c
ef 0b 0f 18 22 1d 06 16 0b e8 00 fb 18 f6 e8 1c
29 e8 10 f5 f0 06 1b ef 0f 1b fa 06 f6 02 03 02
18 f1 ff fe f9 08 0e 09 f1 0f fa 21 0a fe 0d 02
e1 38 fe 31 0a 26 d7 27 0f 11 02 f1 27 1a 33 ff
e3 21 0f dc fd 31 e6 e8 fc 1c 0b e6 cc fe 1d 07
16 df 0c fa c9 f9 ee 20 f5 f3 fc e2 f9 fc ff f5
39 f0 0b 30 c0 d2 0a dc 06 e9 f3 e9 09 0f 03 f5
12 0d 43 2b 4e 11 23 0b de 29 18 51 10 e9 08 15
ff ea 0b d9 44 2d 16 fb 24 2d 1e 5d ff 00 2e 0c
29 35 f0 f5 bb df 0d 27 fb 37 37 25 0c ff 01 f3
18 44 07 0d bb a5 47 06 17 23 2b 24 f8 ef c7 ed
f5 ee 47 d7 21 29 1b 16 ad 12 0e ee 46 02 02 f2
f1 e1 0a 0f 1b 2d 26 dc 39 30 18 2f dd 18 0d f4
07 03 b7 f8 2b 0d 35 fe ea 0b 09 f4 e3 0a e4 27
d8 07 25 11 3b f3 4d 1f 00 d8 12 28 17 1f f9 28
0e f0 1e bf 1c 02 f9 f6 2f 21 f3 f6 18 14 f5 e4
09 ea 1b 5b ea f3 d8 00 08 18 f5 00 04 ef f3 f1
c9 37 1c 27 2a 1d ec 17 22 08 f0 dc 15 13 48 08
bd 16 d9 d1 2e 25 0a ef f6 02 01 ef d8 2a 3b 1d
01 e8 03 0e dd ea 03 0f f8 0a 07 24 fe fa 11 e9
25 f0 16 49 b5 cd fb f7 02 1a 0b 05 0e 0b 09 de
f6 13 22 19 6e 09 21 ef e3 1a 0b 57 20 ed 13 0c
f7 eb 10 fb 64 29 18 02 29 1a 0a 7b f8 0b 3c f9
16 31 01 03 1c 28 25 3a 03 3e 19 15 f3 02 09 29
f4 54 ee 05 24 07 3b 2d 00 11 3e 13 fb ed ce 1c
16 e3 4c ac ea 0e 01 fe ec 42 08 f6 29 0c f9 fa
14 d3 f7 36 df 1e 07 f7 f8 29 0d 21 13 f7 03 ed
de 33 f0 38 2e 1a 0b 23 1f 03 de d9 18 20 1e 1e
c0 10 18 c3 26 17 16 e6 ef 05 03 e5 d6 07 35 1f
1b 03 45 94 e5 ef d9 2a 48 1f f0 03 36 0d f2 e7
40 07 db 7f b4 c6 db ed 02 21 f2 00 f4 f6 ee f8
06 0a 3c 23 45 0f 1b 19 e8 15 07 2a 1e e3 13 03
fa e2 00 d4 58 2a 28 fb 37 15 14 5b ff 1a 3a 15
1c 25 08 fc 0a 4d 26 14 02 3a 27 55 03 fa 0d 2a
02 34 ed 20 f4 11 35 ec 00 40 19 49 05 f5 d2 1b
24 db 2c c6 ed 25 0a 3f e7 48 fb f4 28 01 fe 04
24 d4 16 2e d7 22 0e de fb 75 f8 27 1a 02 05 de
1c 36 10 40 36 21 14 32 21 16 1a dd 0d 16 2c 24
de 17 04 c0 23 16 4d f0 df 17 2d ec e1 13 36 20
23 06 27 d1 ec 0b dc 32 14 3d 0a fe 32 07 f8 e7
4b e8 04 58 b2 c2 f3 be 0d 3d 05 ff fd fc f0 00
fe f0 56 2b 41 1e 2c 1e 28 41 03 2c 19 d9 10 07
f5 cb fd cc 3c 35 47 dc 2b 41 1c 67 07 24 46 1a
48 29 1d f5 d1 f8 2b 32 04 37 3d 54 ff f0 1d f3
2e 46 de 26 b3 ac 67 ef fe 3e 3f 4f 0b fe dd de
12 f1 3e c5 3a 22 13 15 a9 14 f8 f6 57 01 03 e7
0c d7 15 2d 1e 1c 17 ec 39 26 04 32 f1 0d 03 e1
06 fe e3 02 3c 26 4d 25 fe fe 12 dc c6 00 e6 1d
c3 0a fa 02 38 f7 57 fc 00 c9 30 1b 28 22 07 28
1b 10 3d b2 1c 28 fd 09 18 67 ef f9 2e 10 08 f9
1f f7 fc 58 f3 f8 d7 02 0d 67 f8 01 06 ec f4 f4
d0 4b 05 33 43 1c 0a 34 4e 04 da dd 13 0f 5d 05
c6 29 f9 c6 1f 1c 37 cc 02 fe fa f3 d9 30 3c 10
16 fa 33 ef d5 f8 08 09 f7 24 06 22 fd fe 23 db
3a 1f e4 67 ba b6 fa e3 10 3e 19 04 0f 0d 1c cd
ed ff 2b 1a 61 0b 1d 2f ca 25 fa 58 1f f7 17 12
e5 d7 11 fa 47 30 22 dd 34 24 00 7f f9 0e 5c 04
14 32 09 0c 24 3c 28 23 08 32 11 14 f0 fb 01 1d
e7 69 e9 08 23 03 48 00 fb 05 37 15 0b ef d4 10
22 dd 52 a9 df 07 ff 1e c9 76 fe f5 26 17 11 19
23 d0 f4 38 e7 1c 07 f5 1c 77 06 22 14 f5 14 f4
ed 2c f1 51 50 17 1c 51 24 0c dd d8 23 2c 32 1c
cf 0a 18 c0 1b 10 4b bd e9 0e 04 e6 d1 11 52 2f
1f 18 4a ac d5 01 d9 1e 36 31 fc 01 30 06 f5 ff
45 1f d8 7f b6 ce e6 d8 16 32 03 ff 06 f3 de 13
fc f7 43 1c 66 15 2a 4d f4 35 fe 2a 16 04 26 13
f0 d1 fd ca 3e 33 37 cb 2b 35 0f 5e ea 1b 4d 18
20 2c 0d 13 0b 54 2a 06 ff 35 27 55 0e f5 0a 1a
07 40 ea 14 fc 0e 57 f8 02 3b 1f 4b 15 fb d8 0c
28 e0 2f c3 de 1d 07 33 e5 59 fa f4 13 12 18 1a
27 da 17 3e dd 1d 0f ed fc 7f fc 29 21 fc 18 f6
1e ff d5 59 62 24 22 25 20 18 19 db d9 07 20 ff
df 08 42 bc 2f 17 5f 00 df 19 2f ed 2f 1c 42 0d
56 13 2c d2 09 3e e2 26 06 40 09 fc 39 d9 1b 00
7e f7 03 66 e1 f6 f7 ce 1c 41 09 fe 0c 25 08 16
c9 2e 34 43 57 20 fd 36 4e 4c 04 ec 24 d8 45 1a
c0 0a 23 c4 1f 34 0d c4 05 45 20 ec f1 2a 42 22
4b 2c 22 fe c9 2d 33 fd f9 fe 0c 2b 0c ee 42 09
31 4c ee 26 be ad 6d f0 0a 1c 14 28 1e ff 0b fa
02 23 42 09 2a 05 14 ee ce 19 f8 16 3d 0d 36 ff
fc 08 14 f1 44 1d 14 15 34 2a 1b 35 d9 0f 45 f7
09 1a f9 1a 29 2c 50 3c fd ff 11 db 0b 02 de 03
df 43 f7 00 1b f4 5d ea 07 c9 32 1d 07 02 01 0e
1d 0f 42 af 0c 19 2a 09 cb 6a e1 f7 14 19 1e fe
21 f7 fa 3a f6 1b 03 03 20 6a fa 20 1a eb 26 fa
e6 4e 09 4b 59 01 0d 45 25 06 da bc 34 10 7f 07
c8 27 f8 bf 1c ff 3c c5 02 07 fd d3 da 28 6a 08
19 f9 39 19 cf fc 08 0c f5 27 04 03 11 15 f6 dc
3d 1f e1 73 b9 bf fc e1 12 2a ff 04 24 f1 ef ce
ee fd 2f f7 44 0e 13 3d c9 29 fb 2a 2d 09 22 17
e6 d5 f4 ef 43 31 27 d3 56 29 03 54 e2 12 66 1a
18 30 ec 15 2f 43 24 29 05 32 2a 4a 02 f9 05 1b
eb 37 08 08 f6 07 47 fb fd 07 2c 46 14 f1 d6 0d
24 de 39 97 dc 0b 00 21 be 4d fc f4 0d 17 10 20
24 d1 f3 6b e7 1d 08 f5 21 7a f4 23 0d f3 12 fb
f0 2a f6 51 60 1a 1d 54 24 10 e5 dc 25 2a 41 0b
cf 07 18 be 1c 11 50 ba db 12 06 e8 d6 14 62 1e
21 16 1c f8 d6 07 dc 0e 07 36 0b 01 27 07 f5 02
48 1e 0a 65 b5 d0 ec d5 18 35 04 00 0d f3 df 17
ff f5 49 1d 6d 18 2f 51 29 39 00 2a 15 04 25 18
f9 cf fd c9 3b 34 3c ca 2b 39 13 60 ea 1c 4c 1d
24 2b 13 0f 0c 5b 2c 0c fd 33 26 53 12 f2 0d 1b
0a 43 e6 15 f9 12 5c 14 04 3a 23 4b 1e fd da 0b
2d de 34 c3 da 22 09 05 e4 1d f9 f4 0f 12 18 1b
28 da 16 3d d8 1e 10 eb fd 1e fe 2b 12 fe 18 f9
ff ff da 57 64 29 23 2a 1e 1c f7 db de 03 18 01
bf 09 41 be 2c 19 25 fb e1 1d 10 ee 36 21 3a 0f
57 12 32 c8 08 41 e5 2c 05 44 08 fc 25 db 1c 00
7f f7 01 65 de f5 fd dd 1e 46 0c fe 14 25 09 16
cb 2c 3d 44 56 19 01 3c 4c 50 05 ed 27 d8 51 1b
c1 08 21 c4 1d 34 12 c1 06 49 22 ed f3 2b 50 23
4b 2a 28 09 ca 30 33 01 f8 21 09 2b 10 ef 41 08
33 4c eb 2f bc ae 71 ec 0c 3e 17 29 22 fe 0b f9
03 05 48 08 2b 07 15 f4 cc 1d f8 17 3e 0b 21 14
fc ec 13 f2 41 2e 1d 12 35 2d 1c 38 db 13 44 f7
0c 17 ff 1a 2c 31 47 42 cc 00 10 dc 0b 00 de 03
e1 46 f2 00 1b f7 62 e4 38 cb 33 1f 0b 02 00 0d
1f 0e 47 ad 0b 1b 2c 0f ca 6e e2 f7 14 19 20 fe
22 f8 f9 3c f1 1c 04 ff 22 6e fb 21 1d ed 12 12
e7 4b 0c 4d 5d 03 10 49 25 08 db bd 30 10 7f 07
ca 26 f8 bf 1d 00 41 c2 02 0a 00 d5 df 29 6c 08
1b f9 3f 19 d1 00 08 11 f6 2c 02 02 12 45 f7 db
3f 20 de 75 b8 c1 ff de 13 2c ff 04 24 f1 f0 cd
fa fb 36 f7 43 10 24 42 e4 2d fc 2a 2d 07 23 18
f2 d3 f2 f0 41 32 2d cf 3a 2d 07 58 e2 16 66 1b
1b 2e f1 14 30 48 27 2d 04 34 29 4b ff f9 06 1b
ed 3a 04 0a f5 09 4d f5 fe 09 2e 49 18 e9 d7 0d
26 df 3f 96 db 17 03 27 e6 51 fc f3 0e 16 12 1f
25 d2 f1 6c e3 1c 0b f3 fa 7e f7 25 0c f5 14 fb
f2 28 f7 53 60 1f 1f 59 22 13 e4 dc 24 0d 40 fe
d2 07 1a be 1b 15 55 b9 dd 14 07 ea d8 15 62 0e
24 16 22 f6 d9 0a de 11 07 38 0a ff 26 07 1d 01
4b 1e 06 66 b6 c7 f0 d3 19 39 04 ff 0f f4 07 17
01 f3 4e 41 6e 19 34 57 2a 3d 01 2b 14 da 26 19
fb ce ff c7 3a 33 41 c7 2a 3d 16 64 ec 25 4c 20
27 2c 17 0d ce f7 2f 0f fb 36 3e 53 12 f1 10 dc
0d 47 e2 18 ba ab 62 0e 06 3d 3d 4d 1f fd dc cc
00 f6 3a c4 27 25 0d 12 a3 10 fa f5 3e 0f 19 1b
fa d9 15 1f 1f 1e 14 e1 3f 22 01 2f d5 0b 19 f9
02 fe de 18 66 05 4c 2e ff 18 f6 db dd 01 da 02
c0 0a ff fe 2b f4 51 f8 ff e2 12 17 38 21 fd 0e
1a 10 37 b3 0a 15 fb fe 06 64 07 fa 15 1a 1c ff
1d f6 fe 65 fc f5 db 0b 1e 64 0d 00 16 e8 0a 16
cd 29 02 46 59 1a 05 3f 4d 25 d8 db 26 18 50 fd
c3 07 f9 c3 1e 33 33 bf 04 1e f7 ef d2 2d 51 08
13 fb 2d 07 cb f4 05 04 f8 23 07 24 10 fe 13 dd
36 1e e8 70 ba bd 18 e8 0e 3e 18 05 23 08 0b cf
04 02 25 0a 63 0a 19 f9 ca 21 f9 57 1a 0a 21 29
fd d9 12 f1 6f 30 1f 10 36 20 fc 7b dd 0b 44 07
0f 35 05 19 2e 37 24 47 cb 30 0f 15 08 ff 01 05
e4 68 ed 03 1b 02 42 de 38 03 34 13 0e eb d3 0d
21 08 4c ab dd 1d 07 15 c9 72 ff f6 0e 18 21 22
23 f8 f7 3d ee 1c 04 fc 1b 73 04 21 09 ef 11 11
ea 4b ef 4e 5d 15 1a 4e 24 0b dc d9 2b 2d 5c 09
cc 28 18 bf 1b 10 46 be ea 0d 01 e5 cf 0f 5f 09
1d 1c 45 ba d3 fe e4 18 35 2e fe 03 2c 45 f6 da
42 20 db 7f b7 bc e3 db 15 30 00 00 05 f1 f0 ee
fb fa 3c 1b 41 12 27 48 f3 31 fd 2a 17 06 24 17
ef d2 00 cc 3f 32 32 cd 2c 31 0a 5b e5 18 68 1c
1d 2e 08 12 32 4f 27 11 02 34 29 55 14 f8 08 1a
03 3d ed 10 f4 0d 51 ef 00 3a 1b 49 19 ea d8 0c
26 dd 2c c4 dd 1a 04 2d e6 55 fb f4 0e 14 14 1e
26 d6 16 3e e1 1d 0c f0 fc 7f f8 27 0f f9 16 fa
19 27 10 56 63 22 20 5e 22 16 1a dd 21 0b 40 fd
db 08 04 bd 1b 16 5a c4 de 17 2d ec db 18 62 0d
25 16 27 f4 da 0d e0 20 06 3d 0a fe 27 07 1d 01
4d f8 04 66 b4 c8 f3 d0 1b 3d 05 ff 0f f6 07 17
06 f1 56 42 6e 1d 38 35 29 41 03 2c 13 da 26 19
fd cc fd c5 37 34 47 c5 2a 41 1c 67 ee 27 4d 20
48 2b 1d 0b ce fa 30 2b fb 37 3d 54 11 ef 10 db
2e 48 de 1b b7 ab 67 f6 07 3e 3f 4f 20 fe dc cc
01 f7 3e c3 28 2a 10 18 a1 14 f8 f6 3e 0f 1a ff
fb dd 15 20 1c 1e 17 e9 41 26 04 32 d6 0c 19 f8
06 fe e3 18 68 26 4e 33 fe fe 12 dc db ff db 03
c3 0a fa ff 2a f6 57 ee 00 c9 30 1b 3a 23 fe 0e
1b 10 3d b1 0a 17 fd 04 06 67 ef f9 13 19 1e ff
1f f7 fc 67 f8 f4 d7 07 1f 67 f8 01 19 e9 0b fa
d0 4b 05 49 5a 1c 0a 41 4e 04 da dd 25 17 73 fe
c6 29 f9 c1 1d 1c 37 bf 02 fe fa f3 d3 30 52 09
16 fa 33 05 ce f8 08 08 f7 24 06 22 10 fe 14 dc
3a 1f e4 72 ba be fa e4 10 3e 19 04 24 09 0d ce
ed ff 2b 0b 64 0b 1d 38 ca 25 fa 58 19 09 22 16
e5 d7 11 f0 45 30 22 d4 34 24 00 7f df 0e 67 08
14 32 09 17 2f 3c 28 23 08 32 11 14 05 fb 02 1a
e7 69 e9 06 23 03 48 00 fb 05 37 15 11 ef d5 0d
22 dd 52 a9 dc 07 ff 1b c9 76 fe f5 0c 17 0f 20
23 d0 f4 3e ea 1c 07 f8 1c 77 06 22 0d f2 12 fb
ed 2c f1 4f 5d 17 1c 51 24 0c dd d8 29 2c 40 0a
cf 0a 18 bf 1b 10 4b bd e9 0e 04 e6 d1 11 60 1d
1f 18 4a ba d4 01 d9 1e 36 31 fc 01 29 06 f5 03
45 1f d8 7f b6 ce e6 d8 16 32 03 ff 0a f3 de 17
fc f7 43 1c 6f 15 2a 4d f4 35 fe 2a 16 04 24 18
f0 d1 fd ca 3e 33 37 cb 2b 35 0f 5e e7 1b 4b 1d
20 2c 0d 11 0b 54 2a 06 ff 35 27 55 12 f5 0b 1a
07 40 ea 12 fc 0e 57 f8 02 3b 1f 4b 1c fb d9 0c
28 e0 2f c3 db 1d 07 33 e5 59 fa f4 10 12 16 1d
27 da 17 3e dd 1d 0f ed fc 7f fc 29 0f fc 16 f9
1e ff d5 57 62 24 22 25 20 18 19 db e0 07 16 ff
df 08 42 bd 2f 17 5f 00 df 19 2f ed 33 1c 38 0d
56 13 2c c8 09 3e e2 26 06 40 09 fc 27 d9 1b 00
7e f7 03 65 e1 f6 f7 ce 1c 41 09 fe 11 25 08 16
c9 2e 34 43 57 20 fd 36 4e 4c 04 ec 28 d8 51 1a
c0 0a 23 c4 1f 34 0d c4 05 45 20 ec f1 2a 4e 22
4b 2c 22 0a c9 2d 33 fd f9 fe 0c 2b 11 ee 42 09
31 4c ee 2e be ad 6d f0 0a 1c 14 28 21 ff 0b fa
02 23 42 09 2a 05 14 ee ce 19 f8 16 3d 0d 36 ff
fc 08 14 f1 44 1d 14 15 34 2a 1b 35 d9 0f 45 f7
09 1a f9 1a 29 2c 50 3c fd ff 11 db 0e 02 de 03
df 43 f7 ff 1b f4 5d ea 07 c9 32 1d 07 02 01 0e
1d 0f 42 af 0c 19 2a 09 cb 6a e1 f7 14 19 1e fe
21 f7 fa 3a f6 1b 03 03 20 6a fa 20 1a eb 26 fa
e6 4e 09 4b 59 01 0d 45 25 06 da bc 34 10 7f 07
c8 27 f8 bf 1c ff 3c c5 02 07 fd d3 da 28 6a 08
19 f9 39 19 cf fc 08 0c f5 27 04 03 11 15 f6 dc
3d 1f e1 73 b9 bf fc e1 12 2a ff 04 24 f1 ef ce
ee fd 2f f7 44 0e 13 3d c9 29 fb 2a 2d 09 22 17
e6 d5 f4 ef 43 31 27 d3 56 29 03 54 e2 12 66 1a
18 30 ec 15 2f 43 24 29 05 32 2a 4a 02 f9 05 1b
eb 37 08 08 f6 07 47 fb fd 07 2c 46 14 f1 d6 0d
24 de 39 97 dc 0b 00 21 be 4d fc f4 0d 17 10 20
24 d1 f3 6b e7 1d 08 f5 21 7a f4 23 0d f3 12 fb
f0 2a f6 51 60 1a 1d 54 24 10 e5 dc 25 2a 41 0b
cf 07 18 be 1c 11 50 ba db 12 06 e8 d6 14 62 1e
21 16 1c f8 d6 07 dc 0e 07 36 0b 01 27 07 f5 02
48 1e 0a 65 b5 d0 ec d5 18 35 04 00 0d f3 df 17
ff f5 49 1d 6d 18 2f 51 29 39 00 2a 15 04 25 18
f9 cf fd c9 3b 34 3c ca 2b 39 13 60 ea 1c 4c 1d
24 2b 13 0f 0c 5b 2c 0c fd 33 26 53 12 f2 0d 1b
0a 43 e6 15 f9 12 5c 14 04 3a 23 4b 1e fd da 0b
2d de 34 c3 da 22 09 05 e4 1d f9 f4 0f 12 18 1b
28 da 16 3d d8 1e 10 eb fd 1e fe 2b 12 fe 18 f9
ff ff da 57 64 29 23 2a 1e 1c f7 db de 03 18 01
bf 09 41 be 2c 19 25 fb e1 1d 10 ee 36 21 3a 0f
57 12 32 c8 08 41 e5 2c 05 44 08 fc 25 db 1c 00
7f f7 01 65 de f5 fd dd 1e 46 0c fe 14 25 09 16
cb 2c 3d 44 56 19 01 3c 4c 50 05 ed 27 d8 51 1b
c1 08 21 c4 1d 34 12 c1 06 49 22 ed f3 2b 50 23
4b 2a 28 09 ca 30 33 01 f8 21 09 2b 10 ef 41 08
33 4c eb 2f bc ae 71 ec 0c 3e 17 29 22 fe 0b f9
03 05 48 08 2b 07 15 f4 cc 1d f8 17 3e 0b 21 14
fc ec 13 f2 41 2e 1d 12 35 2d 1c 38 db 13 44 f7
0c 17 ff 1a 2c 31 47 42 cc 00 10 dc 0b 00 de 03
e1 46 f2 00 1b f7 62 e4 38 cb 33 1f 0b 02 00 0d
1f 0e 47 ad 0b 1b 2c 0f ca 6e e2 f7 14 19 20 fe
22 f8 f9 3c f1 1c 04 ff 22 6e fb 21 1d ed 12 12
e7 4b 0c 4d 5d 03 10 49 25 08 db bd 30 10 7f 07
ca 26 f8 bf 1d 00 41 c2 02 0a 00 d5 df 29 6c 08
1b f9 3f 19 d1 00 08 11 f6 2c 02 02 12 45 f7 db
3f 20 de 75 b8 c1 ff de 13 2c ff 04 24 f1 f0 cd
fa fb 36 f7 43 10 24 42 e4 2d fc 2a 2d 07 23 18
f2 d3 f2 f0 41 32 2d cf 3a 2d 07 58 e2 16 66 1b
1b 2e f1 14 30 48 27 2d 04 34 29 4b ff f9 06 1b
ed 3a 04 0a f5 09 4d f5 fe 09 2e 49 18 e9 d7 0d
26 df 3f 96 db 17 03 27 e6 51 fc f3 0e 16 12 1f
25 d2 f1 6c e3 1c 0b f3 fa 7e f7 25 0c f5 14 fb
f2 28 f7 53 60 1f 1f 59 22 13 e4 dc 24 0d 40 fe
d2 07 1a be 1b 15 55 b9 dd 14 07 ea d8 15 62 0e
24 16 22 f6 d9 0a de 11 07 38 0a ff 26 07 1d 01
4b 1e 06 66 b6 c7 f0 d3 19 39 04 ff 0f f4 07 17
01 f3 4e 41 6e 19 34 57 2a 3d 01 2b 14 da 26 19
fb ce ff c7 3a 33 41 c7 2a 3d 16 64 ec 25 4c 20
27 2c 17 0d ce f7 2f 0f fb 36 3e 53 12 f1 10 dc
0d 47 e2 18 ba ab 62 0e 06 3d 3d 4d 1f fd dc cc
00 f6 3a c4 27 25 0d 12 a3 10 fa f5 3e 0f 19 1b
fa d9 15 1f 1f 1e 14 e1 3f 22 01 2f d5 0b 19 f9
02 fe de 18 66 05 4c 2e ff 18 f6 db dd 01 da 02
c0 0a ff fe 2b f4 51 f8 ff e2 12 17 38 21 fd 0e
1a 10 37 b3 0a 15 fb fe 06 64 07 fa 15 1a 1c ff
1d f6 fe 65 fc f5 db 0b 1e 64 0d 00 16 e8 0a 16
cd 29 02 46 59 1a 05 3f 4d 25 d8 db 26 18 50 fd
c3 07 f9 c3 1e 33 33 bf 04 1e f7 ef d2 2d 51 08
13 fb 2d 07 cb f4 05 04 f8 23 07 24 10 fe 13 dd
36 1e e8 70 ba bd 18 e8 0e 3e 18 05 23 08 0b cf
04 02 25 0a 63 0a 19 f9 ca 21 f9 57 1a 0a 21 29
fd d9 12 f1 6f 30 1f 10 36 20 fc 7b dd 0b 44 07
0f 35 05 19 2e 37 24 47 cb 30 0f 15 08 ff 01 05
e4 68 ed 03 1b 02 42 de 38 03 34 13 0e eb d3 0d
21 08 4c ab dd 1d 07 15 c9 72 ff f6 0e 18 21 22
23 f8 f7 3d ee 1c 04 fc 1b 73 04 21 09 ef 11 11
ea 4b ef 4e 5d 15 1a 4e 24 0b dc d9 2b 2d 5c 09
cc 28 18 bf 1b 10 46 be ea 0d 01 e5 cf 0f 5f 09
1d 1c 45 ba d3 fe e4 18 35 2e fe 03 2c 45 f6 da
42 20 db 7f b7 bc e3 db 15 30 00 00 05 f1 f0 ee
fb fa 3c 1b 41 12 27 48 f3 31 fd 2a 17 06 24 17
ef d2 00 cc 3f 32 32 cd 2c 31 0a 5b e5 18 68 1c
1d 2e 08 12 32 4f 27 11 02 34 29 55 14 f8 08 1a
03 3d ed 10 f4 0d 51 ef 00 3a 1b 49 19 ea d8 0c
26 dd 2c c4 dd 1a 04 2d e6 55 fb f4 0e 14 14 1e
26 d6 16 3e e1 1d 0c f0 fc 7f f8 27 0f f9 16 fa
19 27 10 56 63 22 20 5e 22 16 1a dd 21 0b 40 fd
db 08 04 bd 1b 16 5a c4 de 17 2d ec db 18 62 0d
25 16 27 f4 da 0d e0 20 06 3d 0a fe 27 07 1d 01
4d f8 04 66 b4 c8 f3 d0 1b 3d 05 ff 0f f6 07 17
06 f1 56 42 6e 1d 38 35 29 41 03 2c 13 da 26 19
fd cc fd c5 37 34 47 c5 2a 41 1c 67 ee 27 4d 20
48 2b 1d 0b ce fa 30 2b fb 37 3d 54 11 ef 10 db
2e 48 de 1b b7 ab 67 f6 07 3e 3f 4f 20 fe dc cc
01 f7 3e c3 28 2a 10 18 a1 14 f8 f6 3e 0f 1a ff
fb dd 15 20 1c 1e 17 e9 41 26 04 32 d6 0c 19 f8
06 fe e3 18 68 26 4e 33 fe fe 12 dc db ff db 03
c3 0a fa ff 2a f6 57 ee 00 c9 30 1b 3a 23 fe 0e
1b 10 3d b1 0a 17 fd 04 06 67 ef f9 13 19 1e ff
1f f7 fc 67 f8 f4 d7 07 1f 67 f8 01 19 e9 0b fa
d0 4b 05 49 5a 1c 0a 41 4e 04 da dd 25 17 73 fe
c6 29 f9 c1 1d 1c 37 bf 02 fe fa f3 d3 30 52 09
16 fa 33 05 ce f8 08 08 f7 24 06 22 10 fe 14 dc
3a 1f e4 72 ba be fa e4 10 3e 19 04 24 09 0d ce
ed ff 2b 0b 64 0b 1d 38 ca 25 fa 58 19 09 22 16
e5 d7 11 f0 45 30 22 d4 34 24 00 7f df 0e 67 08
14 32 09 17 2f 3c 28 23 08 32 11 14 05 fb 02 1a
e7 69 e9 06 23 03 48 00 fb 05 37 15 11 ef d5 0d
22 dd 52 a9 dc 07 ff 1b c9 76 fe f5 0c 17 0f 20
23 d0 f4 3e ea 1c 07 f8 1c 77 06 22 0d f2 12 fb
@014000
00 00 00 00 00 00 00 00 00 00 00 00 00 00 00 00
00 00 00 00 00 00 00 00 00 00 00 00 00 00 00 00
00 00 00 00 00 00 00 00 00 00 00 00 00 00 00 00
00 00 00 00 00 00 00 00 0b 00 00 00 00 00 00 f7
00 00 00 00 00 00 00 00 00 00 18 00 00 00 00 00
00 0b 00 00 00 00 00 00 f4 00 00 00 00 00 00 0f
00 00 00 18 00 00 00 00 00 00 0b 00 00 00 00 00
00 f7 00 00 00 00 00 00 0f 00 00 00 00 00 00 f0
00 00 00 fe 00 00 00 00 00 ea f4 00 00 00 00 00
0b fe 00 00 00 00 00 ef ff 00 00 00 00 00 18 f3
00 00 fe ea 00 00 00 00 00 0f f4 00 00 00 00 00
00 fe 00 00 00 00 00 02 0f 00 00 00 00 00 e8 27
00 00 f3 30 00 00 00 00 00 1d 0b 00 00 00 00 00
00 0f 00 00 00 00 00 1c 0b 00 00 00 00 00 f6 20
00 00 18 e9 00 00 00 00 f7 06 22 00 00 00 00 f7
fb 00 00 00 00 00 f7 02 0b 00 00 00 00 f8 10 0b
00 f7 ed 0d 00 00 00 00 0f 26 05 00 00 00 00 0f
0b f3 00 00 00 00 27 ff 07 00 00 00 00 17 f7 27
00 0a 39 0f 00 00 00 00 ec fa 53 00 00 00 00 f0
f5 18 00 00 00 00 ef f7 0a 00 00 00 00 fb 37 16
f7 02 ff 11 00 00 00 ef 10 11 16 00 00 00 f5 f8
1e 1f 00 00 00 00 f7 15 25 00 00 00 00 ef e3 fe
00 1a 18 5b 00 00 00 02 fe eb e7 00 00 00 21 18
2b f3 00 00 00 f5 27 f5 1b 00 00 00 00 38 45 f7
00 fc f4 e7 00 00 00 1c 0c 29 eb 00 00 00 22 24
18 2a 00 00 00 13 fa f5 e9 00 00 00 ef eb eb 17
06 f0 e9 49 00 00 0b 02 43 0d 08 00 00 00 fa 05
12 0b 00 00 00 1b 10 27 16 00 00 00 0d 0d e8 0f
fe ff 09 fb 00 00 e9 07 f3 02 1d 00 00 00 fd fb
f7 0b 00 00 00 11 0c ed 10 00 00 00 1d 35 ed f3
04 02 e4 05 00 00 18 f7 47 1d fd 00 00 0b e4 24
01 f2 00 00 fb f5 46 08 f2 00 00 fb 03 f2 e9 3a
ef 0a 25 36 00 00 0a 0c e3 f0 14 00 00 f4 44 ec
0b f8 00 00 ee 29 ed f0 f8 00 00 21 2e 03 23 fe
e6 14 f8 e5 00 00 e6 f2 1e 09 ec 00 00 21 e4 00
0a 07 00 00 29 37 18 0c 18 00 18 ee e5 f3 e1 23
f5 13 f6 7f 00 18 09 f6 1c 28 e3 00 f5 f3 1b 11
3e f7 00 ef 12 12 15 29 ea 00 0b f0 0d 37 ed 2a
f8 fb 14 e8 00 f4 ff 28 03 0e 18 00 03 f0 3b 09
0d 1a 00 f7 eb 0b fe fb 00 25 f4 5d fa ef 16 19
0d f2 e4 20 00 ed f9 f4 22 1a fe 00 33 44 f0 fe
03 f7 fe 31 f5 21 20 1e f2 f4 fc 24 f5 13 e8 14
10 02 40 2e 06 17 eb 1d 01 f3 19 f7 ff ec 2e e8
f5 02 f3 fb ee 08 f5 ef 16 ed 06 2f 3b 31 1b 3f
fa 0c fb e4 0e e8 17 eb 4c 0f eb 06 08 07 e3 09
14 13 29 2b e6 0a 29 03 04 f9 24 28 09 ed e4 32
f7 20 02 58 ee eb 04 fa f3 4d f1 f4 01 f0 64 1a
19 fc ec f7 07 1a 18 2a 04 e7 17 00 3c 33 f7 32
ef 0d 24 e6 0a e7 e9 1c 45 25 e9 ed 02 16 24 13
f9 24 16 e9 14 3e 36 04 fd 2e 39 f3 e7 03 13 1e
f9 ed eb 26 16 28 0e f2 3c 21 fc 51 ed f3 eb 05
2d fe 12 f9 fd 42 1e 24 eb e8 00 05 03 0a e6 32
22 fb 4b 2d 47 ef f9 1f 08 0b 57 25 f7 f1 26 14
05 0d 29 e4 eb 03 03 ef 15 5b 08 7b 35 25 14 15
10 01 f7 02 26 fe fb f9 2c 1e 02 f2 48 54 e3 22
1c 22 f7 27 ea 1f 28 07 fb e8 f7 13 f2 ea e4 25
fa 16 2e 58 4d ee 13 15 10 f9 ef f6 11 e8 58 10
3f f1 07 0e ff 15 0d f5 fc 0d 02 21 3a 36 2f 09
e9 07 0c e5 e9 ee e9 1b 27 22 e3 f7 13 10 f6 42
04 30 0e 19 f7 3a 32 ef fa 0d 29 ee e8 06 e5 34
05 e9 e5 67 0a f3 f6 eb 56 26 09 ea 09 07 e9 24
30 0d e6 03 27 48 19 1d ed ea 00 00 05 f3 e5 09
ee f3 1f fb fb e9 ff 20 1d 28 36 24 fa ed 23 11
f9 0e 01 e2 ee 16 ff fa 11 33 f9 5b 36 29 ed 2f
f7 01 e5 08 18 fb 05 00 3e 1c f9 57 1e 34 e3 14
fb f3 f7 38 ea 3d 57 05 f0 e9 f3 49 f3 f4 e4 23
fd 00 3a 38 3b eb 1a 1a ed f9 37 15 f5 e8 3c 04
19 f7 16 e1 f7 41 e5 ea f6 fa 02 27 46 fe 2b 1e
e5 10 ee e4 07 f1 ec eb 3d 0b ea f7 13 17 e3 fe
00 11 16 23 f1 37 2e 12 18 ed 37 f1 eb 10 e2 51
08 0f ef 7f 16 e4 fd ec 05 3c e6 e9 0d ef 1e 34
37 f5 eb fc 24 14 13 1d e9 f0 00 ff 03 4b ea 1e
f2 fe 23 e6 ea e1 07 28 33 07 0c 03 fe e6 38 1d
06 1b 1b e5 e8 fe fd 19 fd 3a fb 67 07 fb 21 4d
11 f8 e7 14 28 f0 0b f6 2b 17 01 2a 2c 46 f5 23
04 fb 06 40 e8 67 1f 1c f0 e9 eb 4f f6 ff e3 06
26 fb 45 3e 35 e5 f4 10 09 01 1b 55 f9 e9 1f 00
03 fc 1c e7 f2 04 f3 ff 17 f3 0d 32 3c 32 2b 33
fb 17 f3 e4 0e e4 28 e7 52 15 ec f6 10 0a e4 0b
0f 1c 24 2b e3 24 26 13 42 eb 2b 1b 1c eb e1 25
06 2c 07 66 4d e5 06 04 f4 54 fb eb 1d f8 47 43
1f 25 1c f7 03 25 23 1a 03 f0 fe 01 5c 2c f7 26
f3 06 27 e5 f5 ea e9 10 4a 1d e3 fe 03 29 23 28
fc 2a 23 e5 f7 32 30 1a 23 3e 39 f5 e8 18 22 36
02 04 eb 26 47 37 0f f6 43 24 07 2c ee 1f ef 35
2f ff fe 02 f9 76 16 ff f2 e6 00 04 14 f8 e1 fd
23 f7 7e f4 67 e1 fa 2f 0d 3e 32 54 08 e9 1b 08
09 0f 48 e3 ed 0c 0e 00 14 54 0d 7f 52 2c f8 f2
04 12 e4 00 17 02 0b 13 2f 20 03 f7 5d 69 e3 13
20 02 12 33 e9 31 13 1a f8 ed 02 15 eb ec e2 3c
02 07 31 3a 57 e5 14 18 e8 2d 35 ea 23 e7 3e 00
14 f1 06 f3 01 35 e9 09 fb 09 10 22 4d ff 37 09
e9 e9 fc e4 e9 ea e7 0c 2c 05 ea fa 17 0a fc 32
1b 28 1b 1a ed 35 39 ff f9 08 34 ee e9 13 e9 45
06 e9 eb 73 37 fb 06 f7 34 2c 0b eb 01 1f eb 3c
32 f4 e7 0c 27 59 24 03 ec ed fb ff 18 2e e9 0c
ef f2 21 f3 fb e1 f0 0d 22 19 37 22 11 e7 2f 10
fb 12 16 e2 e9 18 0c fe f6 4a 1c 5e 42 2c f6 3d
f8 0d e6 08 22 f5 15 16 42 01 fb 58 32 40 ec f1
fd f4 f2 51 e9 40 3d 07 08 e7 f0 4b 08 23 e2 29
fc 02 3d 6b 48 e7 21 22 fa fc 42 14 f7 ea 1f 16
ff f5 14 e2 fa 4c 0b ea f5 fd 16 29 42 1a 31 21
f6 19 ee e4 07 e6 2f fb 42 0e ea f7 26 08 e4 fd
03 14 22 1c eb fe 14 17 18 ed 2b f2 0b 0f e4 54
08 10 f1 65 4b e5 0c f8 09 43 fa e9 0a f8 44 3b
2c f5 f2 13 1e 19 34 1b 0a f3 02 fe 45 4e e7 0e
f3 15 24 e6 ee e1 f4 0e 39 0b e9 01 18 0a 1b 1f
f6 1c 1f e5 03 ff 11 20 fd 32 fc f1 01 fa 24 51
1f 09 e7 15 37 ef 1e fb 2f 1a 03 2a 20 4c f7 2d
06 fd fc 59 e7 6a 2d 0b ee e7 eb 28 26 fd e2 0c
26 fa 48 3d 57 e4 e9 08 f1 07 1c 55 1b 08 1c 05
04 fe 20 e8 f1 06 02 02 16 f5 1c 35 6a 30 2a 05
fc 17 fa e4 0f e4 07 e7 39 18 ed f6 45 43 e3 0b
13 21 28 43 e3 27 0d 18 41 ed 05 1d f3 eb e1 2a
05 2a 0a 65 5f ed 1a 1a f7 5b fb ea 42 f8 43 46
23 25 1e fe e9 29 25 1b 01 f0 0a 20 66 2a f6 2c
e9 07 28 e5 f8 e9 ea 0d 1c 22 e3 fc 36 27 f7 2b
fe 2b 56 09 f5 32 27 1b 21 0a 34 e8 e9 16 26 3c
04 04 e4 2f 0d 37 24 fb 49 29 08 f1 eb 1f ef 36
10 fe e6 1a f9 4d 15 01 f1 e6 07 04 12 f7 e1 01
1b f5 7f f5 6d e1 ed 1e 13 41 34 2b 1e e8 1c f1
0c 13 4b e3 f2 10 12 00 13 53 20 54 62 2b f9 f6
f7 12 e4 00 14 fa 14 17 34 19 34 16 7f 37 e3 15
22 02 02 4b ea 36 0f 1b f5 ed 02 46 eb eb e2 42
00 03 33 3c 5d e9 0d 1d ea 30 36 ea f7 e7 3b 05
17 f2 09 19 00 39 eb 08 fa 0c 12 23 4c ff 36 0f
ea ea fc e4 03 e9 e9 0b 32 07 ea f8 22 07 fa 23
1c 29 1d f8 ed 33 25 14 f9 ee 56 ef ea 12 e8 49
07 e9 ec 75 3c fa 0d fa 3d 31 0a e4 05 1e e9 3f
33 f4 ee 15 24 1d 27 03 eb 01 fd 00 18 2c e8 11
09 f3 22 f3 fc e1 f0 0f 28 1b 1c 03 10 e7 2c 14
fb 16 19 e1 e7 1c 10 fe f5 41 21 60 3a 2a f7 42
f9 0b e6 0a 27 f2 1e 16 48 03 fc 2a 41 43 eb f2
00 f0 f2 51 e8 44 3e 07 04 e7 ea 4b 09 05 e2 2d
fb 00 3f 6c 47 e6 12 23 ff 00 1a 4a f7 ea 1d 1c
ff f7 18 f9 f8 50 0b ea f4 fa 18 2b 50 17 2f 27
f8 19 f5 e4 08 e5 36 fa 47 10 eb f6 25 09 e4 01
07 15 24 1d eb 21 14 18 1a ed 2b f2 0b 0e e4 59
08 10 f2 66 50 e5 14 f8 0c 48 fa ea 0d f8 41 3e
2e f6 f3 0f 1b 1d 30 1b 06 f3 04 fe 44 4b e7 11
f3 45 25 e5 f1 ed f5 0d 3f 17 e9 01 18 08 1b 22
f8 25 21 e5 ff 00 12 1f ff 30 fd f2 00 fa 25 57
1e 07 e8 18 3c ed 22 12 36 1f 05 2a 18 4c f4 31
07 fd ff 57 e7 6e 2d fe ed e6 ec 29 12 fb e2 0f
25 fa 4b 1f 5c e4 ea 08 f4 0a 5d 53 1c f1 1d 0b
04 0b 24 e6 f1 08 ff 01 15 f2 1e 38 6c 2e 27 12
fe 16 fb fe 10 e3 0b e7 3f 19 01 f6 51 46 e3 0d
16 21 2d 44 e3 2c 0e 19 ff ed 06 1f f3 eb e1 2e
04 0d 0d 65 25 e5 1d 1b f8 f8 fb ea 41 f9 41 47
3d ef ff 09 e8 2d 24 ea fe ef 0c 21 66 28 32 fe
e9 07 fb e5 fd e8 eb 0d 22 25 e3 fc 21 26 f7 2d
01 2d 57 08 f3 34 26 1b fa 0b 35 e8 e9 16 e9 3f
04 ea e4 70 12 35 24 fb 4e 05 08 f2 eb 20 ed 39
12 08 e6 1a f9 51 14 02 ef e6 38 04 14 f5 e1 04
1c f4 1d f4 71 e1 ed 0e 17 15 36 2b 20 e8 1b f5
0d 0b 4b e2 ea 13 12 ff 12 52 22 58 62 2c f7 fa
f7 0f e5 03 1d f7 18 17 3a 1a 35 17 7f 3a e3 1f
f8 f1 03 4d e9 38 3e fd f2 e8 02 49 07 f7 e2 47
ff 01 36 3d 62 e8 0c 20 eb f6 37 ea f8 e8 3a 08
18 f3 0c 19 fd 3d eb eb f8 09 13 25 4c fe 35 15
e5 1a fd e4 04 e8 e9 e6 37 0a ea f8 23 07 e4 f7
fc 0f 1f f8 ec 36 15 29 18 ed 3a f0 ea 10 e1 4e
06 18 ed 7f 41 f8 0f fa 02 37 e6 e4 06 1e 1f 41
34 f4 ef 14 22 10 26 05 ea 00 fe ff 19 29 e8 18
0a fe 23 e6 ff e1 f1 0e 2d 1d 0d 02 12 e7 2b 18
04 18 1b e1 e6 18 10 22 00 3f fb 64 fd fb 23 48
fa 0a e6 10 2d f1 1f 16 25 15 fe 2a 40 47 fc f3
01 f0 fb 53 e7 64 1a 09 f2 e7 eb 4d 0a 02 e2 11
28 ff 42 3e 4d e5 e8 08 05 fe 1a 4b 1d e9 1e 22
00 fa 1b f7 f5 25 08 ea 16 f8 19 2f 51 35 2d 2d
fa 18 f3 e4 0b e5 38 e7 4c 12 eb f5 26 0a e4 04
0a 18 26 41 e3 23 0e 17 04 ed 2a 17 0b 08 e4 5e
07 2d 03 66 55 e5 16 07 f3 4f fb ea 10 f7 6f 42
1b f7 f5 0d 05 21 2b 1a 04 f1 06 00 44 4b e7 20
f4 45 26 e5 f3 eb e8 0d 45 1a e9 ff 19 07 1b 25
f9 27 24 e5 fb 30 2c 1e fd 39 3f f3 e8 1c 23 35
01 06 ea 1b 41 1e 23 11 3c 22 05 2b ea 1e f2 33
2d fe 01 18 fb 72 17 fd eb e7 ff 05 11 fb e1 2b
24 f9 4d 20 62 e1 eb 09 08 0d 5f 53 1c e9 1b 11
05 0c 27 e3 ef 0b 14 01 15 55 1e 7b 5f 2e 26 18
02 14 fd ff 14 ed 0e f2 2c 1d 02 f7 50 68 e3 10
1c 23 00 46 ea 2e 0e 19 fb ed 04 13 f3 eb e1 33
03 0b 2e 67 51 e5 09 1c 10 fb fb ea 13 f9 3f 3c
3f f0 02 07 fa 31 21 ea fc 0c 0e 21 68 27 32 04
e9 07 fb e4 ea ec e7 0c 27 2a e3 fb 21 28 f6 30
04 30 1a 0a ee 34 27 ff fa 0b 36 ee e9 16 e9 41
05 ea e5 72 33 fd 05 fb 56 26 09 ea 01 20 ec 3b
30 09 e7 19 1c 55 13 03 ed e7 38 00 16 f4 e1 08
ee f3 1f f3 18 e1 ee 0d 1d 17 36 24 21 e8 1b 0a
f9 0e 13 e2 e9 16 11 ff 11 43 1b 5b 62 2b f7 38
f7 0f e5 06 1f f5 19 17 3e 1c f9 57 5c 3d e3 17
fb f3 04 4e e9 3d 3e fe f0 e7 f0 49 07 f8 e2 23
fd ff 3a 3e 42 e7 0f 20 ed f9 37 15 f7 e9 37 12
19 f5 0f e4 fc 41 ea ea f6 fe 15 27 4d fe 32 1b
e5 19 ee e4 04 e7 ea e6 3d 0b ea f7 24 08 e3 fa
00 11 21 1b ec 37 13 16 18 ed 2c f1 ea 10 e1 51
08 17 ef 7f 46 e5 0f f9 05 3c e6 e9 08 f9 1c 41
37 f5 f0 12 20 14 25 1a e9 f3 00 ff 19 4b e7 1e
f2 fe 23 e6 ed e1 f2 0e 33 07 0c 03 14 e6 2a 1c
06 1b 1d e5 e6 fe 10 20 fd 44 fc 67 fe fb 24 4d
11 09 e7 12 32 f0 20 fb 2b 17 01 2a 40 48 f9 2c
04 fb fb 56 e7 67 19 0a f0 e7 eb 4f 0b ff e2 06
26 fb 45 3e 51 e5 e9 09 09 01 1b 55 1d eb 1d 00
03 fc 1d f6 f3 04 05 03 17 f5 1b 32 52 32 2c 33
fb 17 f3 e4 0c e4 3a e7 52 15 ec f6 26 0a e4 08
0f 1c 26 42 e3 24 0c 18 42 ed 2a 1b 0d eb e1 25
06 2c 07 65 5a e5 19 08 f4 54 fb eb 10 f8 45 43
1f 25 19 0b 03 25 29 1a 03 f0 07 01 67 2c f7 26
f3 06 27 e5 f5 ea e8 0d 4a 1d e3 fe 1a 29 23 28
fc 2a 25 e5 f7 32 29 1d 23 38 41 f5 e8 18 25 36
02 04 eb 2e 47 37 24 fb 43 24 07 2c ea 1f f0 35
2f ff 06 18 f9 76 16 ff f2 e6 00 04 12 f8 e1 fd
23 f7 7e f4 67 e1 eb 1d 0d 3e 32 54 1e e9 1b 08
09 0f 48 e3 ed 0c 12 00 14 55 1f 7f 60 2c f8 f2
04 12 e4 ff 17 02 11 17 2f 20 03 f7 73 69 e3 13
20 02 01 49 e9 31 10 1a f8 ed 02 15 eb ec e2 3c
02 07 31 3a 57 e5 0d 1d e8 2d 35 ea 14 e7 3e 00
14 f1 06 05 01 35 ec 09 fb 0a 10 22 4b ff 37 09
e9 e9 fc e4 e9 ea e7 0c 2c 05 ea fa 22 0a fc 32
1b 28 1b 0b ed 35 27 ff f9 0c 34 ee e9 13 e9 45
06 e9 eb 73 37 fb 0a fa 34 2c 0b eb 02 1f eb 3c
32 f4 e7 17 27 59 28 03 ec ed fb ff 16 2e e9 0c
ef f2 21 f3 fb e1 ef 0d 22 19 37 22 0f e7 2f 10
fb 12 16 e2 e9 18 11 fe f6 42 1c 5e 38 2c f6 3d
f8 0d e6 08 22 f5 1c 16 42 01 fb 58 40 40 ec f1
fd f4 f2 4f e9 40 3d 07 08 e7 f0 4b 08 23 e2 29
fc 02 3d 6b 48 e7 0f 22 fa fc 42 14 f7 ea 1f 16
ff f5 14 e4 fa 4c 0e ea f5 fd 16 29 4e 1a 31 21
f6 19 ee e4 07 e6 33 fb 42 0e ea f7 24 08 e4 fd
03 14 22 1c eb fe 14 17 18 ed 2b f2 0b 0f e4 54
08 10 f1 65 4b e5 11 f8 09 43 fa e9 0b f8 44 3b
2c f5 f2 11 1e 19 34 1b 0a f3 02 fe 45 4e e7 0e
f3 15 24 e6 ee e1 f4 0e 39 0b e9 01 16 0a 1b 1f
f6 1c 1f e5 03 ff 11 20 fd 32 fc f1 01 fa 24 51
1f 09 e7 15 37 ef 21 fb 2f 1a 03 2a 16 4c f7 2d
06 fd fc 57 e7 6a 2d 0b ee e7 eb 28 26 fd e2 0c
26 fa 48 3d 57 e4 e9 08 f1 07 1c 55 1b 08 1c 05
04 fe 20 e6 f1 06 02 02 16 f5 1c 35 6a 30 2a 05
fc 17 fa e4 0f e4 07 e7 39 18 ed f6 51 43 e3 0b
13 21 28 43 e3 27 0d 18 41 ed 05 1d f3 eb e1 2a
05 2a 0a 65 5f ed 1a 1a f7 5b fb ea 42 f8 43 46
23 25 1e 0a e9 29 25 1b 01 f0 0a 20 66 2a f6 2c
e9 07 28 e5 f8 e9 ea 0d 1c 22 e3 fc 36 27 f7 2b
fe 2b 56 09 f5 32 27 1b 21 0a 34 e8 e9 16 26 3c
04 04 e4 2f 0d 37 24 fb 49 29 08 f1 eb 1f ef 36
10 fe e6 1a f9 4d 15 01 f1 e6 07 04 12 f7 e1 01
1b f5 7f f5 6d e1 ed 1e 13 41 34 2b 1e e8 1c f1
0c 13 4b e3 f2 10 12 00 13 53 20 54 62 2b f9 f6
f7 12 e4 00 14 fa 14 17 34 19 34 16 7f 37 e3 15
22 02 02 4b ea 36 0f 1b f5 ed 02 46 eb eb e2 42
00 03 33 3c 5d e9 0d 1d ea 30 36 ea f7 e7 3b 05
17 f2 09 19 00 39 eb 08 fa 0c 12 23 4c ff 36 0f
ea ea fc e4 03 e9 e9 0b 32 07 ea f8 22 07 fa 23
1c 29 1d f8 ed 33 25 14 f9 ee 56 ef ea 12 e8 49
07 e9 ec 75 3c fa 0d fa 3d 31 0a e4 05 1e e9 3f
33 f4 ee 15 24 1d 27 03 eb 01 fd 00 18 2c e8 11
09 f3 22 f3 fc e1 f0 0f 28 1b 1c 03 10 e7 2c 14
fb 16 19 e1 e7 1c 10 fe f5 41 21 60 3a 2a f7 42
f9 0b e6 0a 27 f2 1e 16 48 03 fc 2a 41 43 eb f2
00 f0 f2 51 e8 44 3e 07 04 e7 ea 4b 09 05 e2 2d
fb 00 3f 6c 47 e6 12 23 ff 00 1a 4a f7 ea 1d 1c
ff f7 18 f9 f8 50 0b ea f4 fa 18 2b 50 17 2f 27
f8 19 f5 e4 08 e5 36 fa 47 10 eb f6 25 09 e4 01
07 15 24 1d eb 21 14 18 1a ed 2b f2 0b 0e e4 59
08 10 f2 66 50 e5 14 f8 0c 48 fa ea 0d f8 41 3e
2e f6 f3 0f 1b 1d 30 1b 06 f3 04 fe 44 4b e7 11
f3 45 25 e5 f1 ed f5 0d 3f 17 e9 01 18 08 1b 22
f8 25 21 e5 ff 00 12 1f ff 30 fd f2 00 fa 25 57
1e 07 e8 18 3c ed 22 12 36 1f 05 2a 18 4c f4 31
07 fd ff 57 e7 6e 2d fe ed e6 ec 29 12 fb e2 0f
25 fa 4b 1f 5c e4 ea 08 f4 0a 5d 53 1c f1 1d 0b
04 0b 24 e6 f1 08 ff 01 15 f2 1e 38 6c 2e 27 12
fe 16 fb fe 10 e3 0b e7 3f 19 01 f6 51 46 e3 0d
16 21 2d 44 e3 2c 0e 19 ff ed 06 1f f3 eb e1 2e
04 0d 0d 65 25 e5 1d 1b f8 f8 fb ea 41 f9 41 47
3d ef ff 09 e8 2d 24 ea fe ef 0c 21 66 28 32 fe
e9 07 fb e5 fd e8 eb 0d 22 25 e3 fc 21 26 f7 2d
01 2d 57 08 f3 34 26 1b fa 0b 35 e8 e9 16 e9 3f
04 ea e4 70 12 35 24 fb 4e 05 08 f2 eb 20 ed 39
12 08 e6 1a f9 51 14 02 ef e6 38 04 14 f5 e1 04
1c f4 1d f4 71 e1 ed 0e 17 15 36 2b 20 e8 1b f5
0d 0b 4b e2 ea 13 12 ff 12 52 22 58 62 2c f7 fa
f7 0f e5 03 1d f7 18 17 3a 1a 35 17 7f 3a e3 1f
f8 f1 03 4d e9 38 3e fd f2 e8 02 49 07 f7 e2 47
ff 01 36 3d 62 e8 0c 20 eb f6 37 ea f8 e8 3a 08
18 f3 0c 19 fd 3d eb eb f8 09 13 25 4c fe 35 15
e5 1a fd e4 04 e8 e9 e6 37 0a ea f8 23 07 e4 f7
fc 0f 1f f8 ec 36 15 29 18 ed 3a f0 ea 10 e1 4e
06 18 ed 7f 41 f8 0f fa 02 37 e6 e4 06 1e 1f 41
34 f4 ef 14 22 10 26 05 ea 00 fe ff 19 29 e8 18
0a fe 23 e6 ff e1 f1 0e 2d 1d 0d 02 12 e7 2b 18
04 18 1b e1 e6 18 10 22 00 3f fb 64 fd fb 23 48
fa 0a e6 10 2d f1 1f 16 25 15 fe 2a 40 47 fc f3
01 f0 fb 53 e7 64 1a 09 f2 e7 eb 4d 0a 02 e2 11
28 ff 42 3e 4d e5 e8 08 05 fe 1a 4b 1d e9 1e 22
00 fa 1b f7 f5 25 08 ea 16 f8 19 2f 51 35 2d 2d
fa 18 f3 e4 0b e5 38 e7 4c 12 eb f5 26 0a e4 04
0a 18 26 41 e3 23 0e 17 04 ed 2a 17 0b 08 e4 5e
07 2d 03 66 55 e5 16 07 f3 4f fb ea 10 f7 6f 42
1b f7 f5 0d 05 21 2b 1a 04 f1 06 00 44 4b e7 20
f4 45 26 e5 f3 eb e8 0d 45 1a e9 ff 19 07 1b 25
f9 27 24 e5 fb 30 2c 1e fd 39 3f f3 e8 1c 23 35
01 06 ea 1b 41 1e 23 11 3c 22 05 2b ea 1e f2 33
2d fe 01 18 fb 72 17 fd eb e7 ff 05 11 fb e1 2b
24 f9 4d 20 62 e1 eb 09 08 0d 5f 53 1c e9 1b 11
05 0c 27 e3 ef 0b 14 01 15 55 1e 7b 5f 2e 26 18
02 14 fd ff 14 ed 0e f2 2c 1d 02 f7 50 68 e3 10
1c 23 00 46 ea 2e 0e 19 fb ed 04 13 f3 eb e1 33
03 0b 2e 67 51 e5 09 1c 10 fb fb ea 13 f9 3f 3c
3f f0 02 07 fa 31 21 ea fc 0c 0e 21 68 27 32 04
e9 07 fb e4 ea ec e7 0c 27 2a e3 fb 21 28 f6 30
04 30 1a 0a ee 34 27 ff fa 0b 36 ee e9 16 e9 41
05 ea e5 72 33 fd 05 fb 56 26 09 ea 01 20 ec 3b
30 09 e7 19 1c 55 13 03 ed e7 38 00 16 f4 e1 08
ee f3 1f f3 18 e1 ee 0d 1d 17 36 24 21 e8 1b 0a
f9 0e 13 e2 e9 16 11 ff 11 43 1b 5b 62 2b f7 38
f7 0f e5 06 1f f5 19 17 3e 1c f9 57 5c 3d e3 17
fb f3 04 4e e9 3d 3e fe f0 e7 f0 49 07 f8 e2 23
fd ff 3a 3e 42 e7 0f 20 ed f9 37 15 f7 e9 37 12
19 f5 0f e4 fc 41 ea ea f6 fe 15 27 4d fe 32 1b
@016000
00 00 00 00 00 00 00 00 00 00 00 00 00 00 00 00
00 00 00 00 00 00 00 00 00 00 00 00 00 00 00 00
00 f7 f5 00 e8 db 00 f5 00 00 0b 00 f5 00 00 f3
00 00 0b 00 f3 db 00 0b 00 00 0b 00 03 00 00 e8
fe 17 1a 00 2b 0f 00 0f e8 f3 00 00 27 f5 00 f8
fe 00 f1 00 21 27 00 f1 18 00 00 00 e8 0b 00 02
ef fa d9 e8 0c 1d 06 ea 0d 13 00 f5 e8 0a f3 2b
ef 0b 0f 18 22 28 06 16 0b e8 00 fb 0b f6 e8 1c
29 e8 0e f5 01 06 1b ef 0d 1b ea 06 f6 02 03 01
18 09 ff fe f9 fe 0e 14 f1 0f fa 21 ff fe 0d 02
e1 38 fc 31 08 26 d7 27 ff 11 11 f1 27 1a 33 0e
e3 10 0f dc fd 27 e6 e8 fc 1c 0b e6 f3 00 1d 07
16 df 1b fa b6 f9 ee 20 25 f3 19 e2 f9 fc ff 00
39 e7 0b 30 c0 dd 0a dc 06 e9 f3 e9 29 1c 03 f5
12 0d 43 2b 4c 11 1c 0b ce 29 1e 51 08 e9 08 20
ff fa 0b d9 44 4f 16 f6 24 25 1e 5d 0a ef 2e 04
29 35 e5 f5 bc df 24 27 08 37 5d 25 1b ff 01 fa
18 3c ff 0d bb aa 47 11 17 4a 2b 24 1f 02 c7 fc
f5 ee 5f d7 2a 29 16 16 bc 12 09 ee 39 02 02 fc
f1 18 14 0f 1b 7f 26 d3 39 23 18 2f f3 fd 0d e5
07 fa d6 f8 1c 0d 28 f6 fb 0b 1a f4 dc 0a e4 4c
d8 f4 27 11 2e 09 4d 3d 00 d0 12 28 15 20 f9 38
0e 11 13 bf 27 02 31 f6 7f 21 e4 f6 30 14 00 ff
09 2f 35 5b ec e2 d8 2b 08 3f f5 00 fc de f3 ef
c9 59 46 27 35 1d dd 17 11 08 19 dc 39 13 3a f8
bd 07 d5 d1 4a 16 0a 07 f6 fd 01 e2 ef 36 3b 29
01 e3 0e 0e c6 ea 10 15 41 01 14 24 03 fa ff ff
25 df 09 49 b7 d5 fb 09 02 2a 0b 12 1d 22 09 21
f6 10 2d 19 7f 09 56 ed de 31 0d 57 1b ed 06 1c
f7 dd 0f fb 6b 46 18 fa 29 26 0a 7f ed 03 3c ee
16 1e f6 fe 15 28 1a 3e 08 2d 36 15 17 02 14 1e
ef 44 f0 05 1c 04 46 2e 00 57 3e 16 35 09 ce 63
16 27 45 9e fa 0e 04 f1 22 39 fb f6 1a 0c e2 f3
35 f6 01 36 eb 32 fd 02 f8 1b 0d 4f 11 e1 03 da
de 20 f7 61 24 32 00 11 0d 1d e7 d9 18 20 04 36
b2 fc 2c c3 1b 08 37 f0 ef 1d 03 d3 f9 0f 35 3d
1b 1e 3d a6 ce fa 10 21 7f 17 18 fa 47 0d e4 d7
33 f9 ee 7f ab b3 d0 2b 13 36 f2 0d 1e 00 06 14
06 45 56 14 4a 05 0e 12 d7 16 15 2d 27 e3 0a 03
57 f8 fb d4 7f 42 1b 08 40 13 39 56 18 0b 30 18
1c 18 00 f3 f7 49 39 21 22 41 41 7f 01 f8 f8 1f
26 23 e2 20 ea 0f 79 ef e7 60 0f 40 19 11 c4 3d
1c 09 2e b8 fe 2b 3b 4f 15 5d f0 f3 17 f6 f7 1a
53 ef 18 29 f4 3b ff d5 00 6c ea 62 59 e6 1c df
22 23 23 2e 33 45 06 2d 0e 06 29 e5 16 3f 23 28
06 04 10 b5 14 07 54 04 c7 40 27 f5 13 18 25 6c
19 6a 23 d8 d5 22 0f 2a 6c 39 57 ff 4c f8 e6 eb
4b e0 24 6a ad b6 e6 d7 16 55 f4 3b 2f fa e1 f5
f0 14 7a 3f 3d 57 2f 11 16 58 28 2e 2c ef f5 04
ea de 0a c3 58 25 5d d6 42 77 4a 56 25 0e 35 5f
7f 1a 1b f2 bb f8 35 2c 2a 2c 5e 46 04 02 01 e4
33 34 d0 16 a8 a8 5c 1c 05 5c 2e 52 3d 13 05 1a
37 17 4b b6 4b 2a 38 37 d6 1b 03 ee 6b 2a 00 fc
7f eb 10 10 3d 73 0b f1 55 29 5f 67 06 f0 f6 e9
fb eb 05 f2 36 1e 3d 35 00 03 30 24 e8 f8 d2 18
d6 f7 fb ec 32 f9 7f 18 e9 f1 1f 10 4d 2b 05 54
12 68 31 b1 27 2a 33 04 70 59 e9 0a 3e 17 f9 f5
40 26 12 3b 08 eb c6 41 02 74 05 3b 0f d4 e6 04
c8 42 35 2b 54 45 10 24 3c 1b fc f0 55 1d 42 00
b8 17 00 dd 3a 09 47 d0 f1 30 07 e2 0d 26 2e 37
06 ea 40 16 c2 f8 fd 0e 5e 2e 2c 2b 21 ec 06 cd
3a 0d d4 5e ab bf 01 13 0d 57 09 09 18 28 11 23
11 22 39 0c 67 05 46 21 c5 26 22 53 30 f8 07 23
40 c9 06 ff 67 66 14 d7 52 23 33 7f 28 fa 4c 21
6b 1f fe fc 1f 31 1e 1b 10 2d 2d 32 04 f3 e6 10
30 56 ea f7 23 fd 7c fb e1 5c 27 0a 2e 0a cf 4e
37 19 4a a1 f5 09 fd 1b 01 64 f8 ec 2a 2d f5 10
4a fb f4 1d 01 53 f6 0e 3b 65 01 68 32 da 05 e6
e5 19 02 45 42 4e 2c 3f 11 20 e8 eb 21 42 18 34
c3 f7 28 ba 0c 00 62 bd d4 3c f6 d7 22 23 46 6c
0f 36 41 d0 c2 01 24 26 7f 34 38 0e 64 f7 e6 ef
44 0f e7 6f a7 bc d9 0f 1a 45 f6 02 24 04 cb 18
ff 2f 5e 0b 55 10 25 42 e2 2f 05 28 33 1f 28 10
57 f2 fb e0 66 3f 25 d1 46 32 49 65 37 06 39 4b
4a 23 08 02 f8 45 29 17 13 2c 3e 7f 31 fb eb 0d
56 2d e3 fd f3 0f 7f fc e6 5a 0f 42 1b 14 cb 37
7d ff 2b b8 df 2a 39 59 23 65 fb ee 13 2e 14 31
59 05 12 24 ed 38 ff f0 15 74 f1 65 54 e0 06 ff
15 ec f1 46 54 4f 13 20 0d 01 2e eb e4 2b 0a 41
fa f4 59 b1 1e 08 69 0f c7 3f 20 09 54 29 2f 5f
47 5a 51 d5 f7 3c 0e 2c 6c 3b 5d 19 7c f5 05 03
7f ef 2f 49 e5 f1 f0 ed 25 64 fc 5a 32 1f f6 0c
c7 51 5e 3b 45 59 15 2b 3c 63 21 ef 4c fb 2c 3d
b7 2c 29 cf 2f 21 36 c0 20 75 5e db 27 13 32 6c
77 1f 21 f8 ca 2d 2c ff 1f f2 30 1d 41 ec 23 fe
35 38 f2 09 b5 b4 7f 1f 08 32 02 3c 1b 14 42 3d
56 3e 51 fb 2a 12 40 11 c4 1f 36 1e 45 55 2c 13
7b 01 0c d2 73 4f 04 1e 51 38 6f 7f ce f0 31 04
01 07 fb 0a 17 2e 41 40 fd f6 31 38 1e 14 c5 fc
f4 30 09 f0 2e f7 7f 0a ee dc 24 0e 43 1e 03 3d
0d 4d 36 b0 04 29 29 0b 05 5b 0e 1a 14 1f 04 f9
43 2e 01 1c 0e 50 f2 17 2d 5a 03 6d 23 d2 14 e9
e1 4a 31 3d 5a 35 20 35 12 1f df d3 66 2b 65 01
ba 17 e8 d6 28 ef 46 e0 f0 40 05 c3 1f 2c 5a 34
0a ea 2f 40 cc f7 36 12 68 22 30 04 4d 04 d8 cd
3c 0f d1 59 b1 ca 1b 13 08 4e f1 1c 30 06 ea 02
10 2c 41 e7 46 2a 3f 30 be 39 14 3b 3d 1f 11 0e
44 cc e9 f4 50 68 16 ce 74 35 4d 7f 1f fd 52 3c
70 21 e2 05 29 36 47 22 0d 23 2b 7c f6 ee e9 23
36 24 15 f3 0c 02 7f f8 e0 44 1b 4e 3d 0b cd 4f
38 fd 30 92 f2 21 1a 1d 29 38 f8 ec 23 2b f3 17
4d 02 f5 4e 09 5f f8 f4 3f 7f f1 65 2e d8 01 f6
e8 17 0a 42 50 45 2c 4b 11 f7 f3 02 22 4c 43 23
c4 f4 31 b8 17 01 58 bd c8 26 f8 f3 2a 26 50 60
11 5a 13 16 c4 09 2a 16 6c 2c 4e 0b 62 fc e4 0c
46 0d 1a 48 ae cb e5 01 0a 69 f9 45 1b 02 cd 20
00 10 65 20 59 14 2a 46 17 45 0b 42 34 23 26 15
ed f3 12 db 49 24 46 c1 46 4a 45 61 3b 06 38 56
4e 23 10 fe 03 4c 29 2b 12 20 40 73 3f ee ee 0d
32 30 ef fb f4 15 7f 1a e6 67 12 71 2a 16 cd 3a
7f fa 32 b7 d8 3e 39 2b 21 34 00 0f 14 32 13 31
5d 04 11 1f e0 3a 18 ef 15 20 f5 7f 17 e1 05 ed
f6 ec fb 44 53 2e 14 26 0b 16 0f 20 e9 2b 01 42
dc f5 58 b2 1b 0b 68 0e c5 2a 02 e3 60 27 27 48
47 55 57 b8 f6 4b 0f 31 6a 32 63 3e 6b f9 05 01
7f ee 2b 47 f8 f0 f6 00 20 6b ff 64 40 1c fb 0e
c7 24 68 3b 44 4d 17 2c 3a 66 27 23 52 2e 38 3c
b0 2e 28 cc 2a 21 39 bf fe 70 2c dd 2f 14 40 3f
3f 1d 26 03 c9 37 2b 05 27 0b 32 1c 46 dd 24 fc
37 38 ef 24 b7 b6 7f fc fa 53 05 3b 23 1a 42 42
2e 21 5b fd 2b 27 40 0f c3 30 39 35 32 56 14 27
50 e6 0a d3 5f 62 0c 1e 52 3f 6f 7f d2 f4 30 0a
22 04 01 0a 1a 33 38 3a cc f1 29 5b 20 02 c4 fa
27 33 04 f1 32 2b 7f 06 1b da 25 10 4d 1e fb 41
0f 49 3c ad 04 2d 2b 0f 06 63 12 ef 19 22 05 f9
45 2e fc 1e 0e 52 f3 16 11 5f 07 6d 2c d4 02 02
e0 46 35 3f 4e 59 22 39 12 1f e2 df 53 2d 66 01
bd 15 e8 bc 28 f0 48 de 0a 2f f2 c5 28 2d 5c 3a
08 e9 35 3d ce fd 34 18 6b 21 33 07 51 37 e4 cc
3f 0f ce 5a b3 cb 1d 11 04 53 00 1c 35 05 eb 0a
fd 27 4c e6 45 31 4e 4b d9 3d 17 3a 41 20 10 0f
52 cb e7 f4 50 4e 1c ca 59 3d 48 7f 24 01 52 43
45 1f e4 03 2a 38 2c 27 0e 21 2c 7f f4 ee ea 1f
38 27 0f f3 0b 05 7f f5 e1 47 1d 52 45 03 cc 55
70 fc 37 8f f1 2f 1a 22 52 43 fc eb 2a 2e f5 15
50 01 f1 4f 06 36 fb f2 01 7f f2 75 33 d9 02 fa
e9 15 0c 44 4f 4a 2d 52 0f f9 f4 01 25 31 2b 18
c7 f4 33 b7 16 06 5e c0 ca 28 f9 f5 31 20 50 55
14 57 19 11 c7 0e 29 19 6d 29 52 0c 64 fc 0a 07
49 0d 16 49 af c2 e9 01 0d 69 f9 43 20 02 f5 23
02 0e 73 40 5a 16 2f 4c 18 48 18 43 36 fb 26 18
f0 f3 44 d6 47 23 49 c0 45 4f 46 64 43 0f 3e 5f
51 22 14 fc d0 e8 2a 2d 13 21 5d 6b 43 f0 f1 ce
36 34 e9 fd cc b0 7f 15 e8 6a 2b 5f 2e 15 ce 02
53 13 45 b8 26 43 3b 37 c2 26 04 11 49 33 12 30
32 00 10 01 27 7b 08 e5 59 21 f6 7f e7 ee 06 ef
f9 eb ff 05 55 0b 3d 2c fd 0f 0f 2c ea 2e c2 01
df f6 15 f1 1a f5 7f 0e e3 f0 04 0c 66 26 ea 4d
0a 51 2a a2 20 21 23 02 6b 51 00 3b 5c 19 04 fd
3e 28 0b 4f 17 f0 d5 48 16 7f 00 66 14 dd f8 0f
c9 21 2f 3b 47 4f 1b 2f 3b 3a fd fc 53 6f 36 f8
b2 f7 00 c6 2b 20 59 c0 fd 44 02 df 11 32 40 2a
08 ed 35 01 c9 2c fc 08 68 0d 0c 15 49 ec f6 d0
3a 0a d8 62 b5 c5 38 fa fc 52 06 19 27 24 40 1d
2f 1d 30 fa 64 2c 45 15 c0 34 0e 77 11 55 13 3b
55 d1 08 d2 7d 66 0e 1d 54 32 4e 7f d8 f8 30 1e
26 22 f9 09 31 39 1c 3f ce 1f 29 7f 27 02 e7 fa
2d 55 fc f0 32 37 7c d7 1b 41 23 1a 55 06 cb 47
11 42 41 a8 f2 30 05 14 06 68 f6 ef 16 24 06 1b
48 2d f8 1e 0e 53 f3 14 0a 64 0d 6d 1e d5 00 02
e3 38 fe 3f 46 4f 2a 3c 11 22 e6 fc 23 4c 42 21
bf 14 32 bb 09 00 4d ba f2 22 f3 d5 1d 12 4e 40
0a 3b 3b dc ce fc 0d 1e 7f 22 35 09 6d 38 e9 ca
41 0f f3 63 b2 aa 01 0f 06 56 00 19 1d 04 e9 f0
fd 25 54 09 2c 0d 22 52 e1 40 1a 3c 2f 21 13 17
53 f5 fe cd 4d 3f 21 d1 4b 41 49 58 2d 03 54 49
47 2a fb 01 2a 40 29 0c 12 20 3e 7f 09 f3 e9 0f
50 2a f7 f8 0a 0b 7f f0 e2 54 0a 53 2a 04 cc 31
71 fb 27 bb f3 33 39 55 24 6d f9 11 30 2f fe 34
55 03 15 21 e9 37 fc f0 05 7f f1 78 3c dd 04 ff
10 14 28 43 53 4c 28 59 0f fc 2c 03 25 31 2b 01
f2 f5 1c b4 0a 07 64 ce c2 25 1f f7 39 25 50 59
15 7f 1f f9 c8 13 2b 27 6c 2d 59 0e 69 fe 08 05
4d e7 31 48 bb c3 eb eb 10 68 f9 43 2f f3 f5 0c
05 0c 7d 3d 5b 5c 54 2b 17 59 1d 45 38 fe 0d 16
f2 ef 42 d2 44 24 4e bf 45 6d 55 56 23 11 3e 65
73 20 1b 06 d1 f9 2b 2c 16 22 5f 44 44 f0 f1 cc
33 34 e4 ff c8 b0 7f 23 f6 55 2e 60 4b 14 fa 08
54 12 4a b6 27 48 3e 3c c1 29 05 12 4f 36 11 14
76 03 0f 01 25 7d 07 ee 5e 3a 59 7f ee ef 05 00
fe eb 06 08 57 2a 3f 35 fd f3 2f 2c eb ff c3 fe
d6 f6 0e f0 1f f8 7f 0a e4 d7 22 10 6d 26 f0 3a
0b 4f 30 ac 20 25 24 07 6d 5f ea 0c 4f 1b 05 fb
40 29 07 4a 14 ef d1 46 19 7f 04 69 1d d1 f9 0a
cb 42 35 3b 5b 52 20 31 3b 1d 04 fe 55 31 59 f9
b8 19 00 d7 29 09 5f c3 f9 25 05 e3 14 35 43 30
06 eb 3c 21 cb 30 fe 0d 69 1f 2c 23 4b ed f6 ce
3a 0b d4 59 b5 c7 1a 14 ff 51 08 1a 2c 24 0a 24
11 1a 39 fb 65 26 48 2a bf 37 11 79 23 1c 12 27
40 cf 06 df 52 66 11 ce 52 35 43 7f 17 fa 53 25
6b 1f fe 07 31 2f 21 1b 0e 21 2d 70 1c ff e7 0d
30 56 f8 f2 3a fd 7f fb de 43 26 1c 34 0a cc 4b
37 14 49 a5 f2 1c fd 18 07 6a f8 ed 1e 26 f3 17
4a 02 f3 22 0a 53 f7 11 38 67 04 6f 28 d7 01 ed
e5 19 02 40 4d 43 2c 3f 11 22 e8 fc 24 4d 26 22
c3 f6 31 bb 09 00 53 bd d7 21 f6 d6 22 23 4f 5a
0f 34 41 da c2 01 24 26 7f 25 38 09 6a f9 e6 f3
44 0e ef 63 b0 bc e0 0f 08 57 f8 18 28 04 cc 1c
ff 21 5e 0a 5b 11 25 42 e2 43 05 3e 32 21 26 15
57 f5 fb dd 4c 3f 25 d1 46 45 53 5c 34 06 37 50
4a 26 08 00 02 45 29 17 11 21 3e 7f 3e f0 ec 0d
56 2d f3 f9 f7 0f 7f fc e4 54 0e 56 22 14 cc 37
7d fd 2b b8 d8 38 39 59 23 70 fb 11 10 2f 12 34
59 06 12 21 e6 38 00 f0 06 7f f3 7b 42 e0 04 02
15 ec f1 44 51 4e 13 20 0d fd 2e 01 e8 2d 00 41
fa f4 59 b3 1e 08 69 0f c3 25 21 fa 58 29 25 5f
47 58 51 cb f7 45 0e 2c 6b 2f 5d 0c 6a f2 05 03
7f ef 2f 47 e9 f1 f0 ed 13 6a fc 65 37 1f f6 0c
c7 51 5e 3b 44 61 15 2b 3c 64 21 06 50 fd 38 3d
b7 2f 29 cf 2c 21 36 c0 20 6e 58 db 27 13 3e 6c
77 1f 21 04 ca 2d 2c ff 27 e8 30 1b 46 f4 23 fe
35 38 f2 11 b9 b4 7f 1f f9 32 02 3a 1e 14 42 3d
56 3e 51 fb 2a 24 40 11 c4 2e 36 34 45 55 2c 13
7b 01 0c d2 61 4f 04 1e 51 3c 70 7f ce f0 31 04
01 07 fb 0a 17 2e 41 40 fc f2 31 4e 21 03 c5 fc
f4 30 09 ef 32 f7 7f 0a ea d9 24 0e 43 1e 03 3d
0d 4d 36 b0 04 29 29 0b 05 5f 0e 0b 14 1f 04 f9
43 2e 01 1c 13 50 f2 17 1b 5b 04 6b 23 d2 14 e9
e1 4a 31 3d 5a 35 20 35 12 1f df de 66 2b 65 01
ba 17 e8 d6 28 ef 46 e0 f9 2e 09 c3 1f 2c 5a 34
0a ea 2f 40 cc f7 36 12 68 1e 30 05 4d 04 d8 cd
3c 0f d1 59 b4 ca 1b 13 02 52 f1 1a 30 06 ea 02
10 2c 41 e7 46 2a 3f 30 be 3a 14 39 3d 1f 11 0e
44 cc e9 f4 50 68 16 ce 74 3a 45 7f 1f fd 52 3c
70 21 e2 05 29 36 47 22 0d 1f 2b 7f f6 ee e9 23
36 24 15 f3 0c 02 7f f8 e0 44 1b 4e 3d 0b cd 4f
38 fd 30 92 f2 21 1a 1d 29 41 f8 ec 23 2b f3 17
4d 02 f5 4e 09 5f f8 f4 3d 7f f1 71 2e d8 01 f6
e8 17 0a 42 50 45 2c 4b 11 f7 f3 00 22 4c 43 23
c4 f4 31 b8 17 01 58 bd c8 26 f8 f3 2a 26 50 60
11 5a 13 16 c4 09 2a 16 6c 29 4e 0c 62 fc e4 0c
46 0d 1a 48 ae cb e5 01 0b 69 f9 45 1b 02 cd 20
00 10 65 20 59 14 2a 46 17 45 0b 40 34 23 26 15
ed f3 12 db 49 24 46 c1 46 4a 45 61 3b 06 38 56
4e 23 10 fe 03 4c 29 2b 12 1e 40 69 3f ee ee 0d
32 30 ef fb f4 15 7f 1a e6 67 12 71 2a 16 cd 3a
7f fa 32 b7 d8 3e 39 2b 21 34 00 0f 14 32 13 31
5d 04 11 1f e0 3a 18 ef 17 20 f5 7f 17 e1 05 ed
f6 ec fb 44 53 2e 14 26 0b 16 0f 2c e9 2b 01 42
dc f5 58 b2 1b 0b 68 0e c5 2a 02 e3 60 27 27 48
47 55 57 b8 f6 4b 0f 31 6a 32 63 3e 6b f9 05 01
7f ee 2b 47 f8 f0 f6 00 15 6b ff 64 40 1c fb 0e
c7 24 68 3b 44 4d 17 2c 3a 66 27 23 52 2e 38 3c
b0 2e 28 cc 2a 21 39 bf fe 70 2c dd 2f 14 40 3f
3f 1d 26 03 c9 37 2b 05 27 0b 32 1c 46 dd 24 fc
37 38 ef 24 b7 b6 7f fc fa 53 05 3b 23 1a 42 42
2e 21 5b fd 2b 27 40 0f c3 30 39 35 32 56 14 27
50 e6 0a d3 5f 62 0c 1e 52 3f 6f 7f d2 f4 30 0a
22 04 01 0a 1a 33 38 3a cc f1 29 5b 20 02 c4 fa
27 33 04 f1 32 2b 7f 06 1b da 25 10 4d 1e fb 41
0f 49 3c ad 04 2d 2b 0f 06 63 12 ef 19 22 05 f9
45 2e fc 1e 0e 52 f3 16 11 5f 07 6d 2c d4 02 02
e0 46 35 3f 4e 59 22 39 12 1f e2 df 53 2d 66 01
bd 15 e8 bc 28 f0 48 de 0a 2f f2 c5 28 2d 5c 3a
08 e9 35 3d ce fd 34 18 6b 21 33 07 51 37 e4 cc
3f 0f ce 5a b3 cb 1d 11 04 53 00 1c 35 05 eb 0a
fd 27 4c e6 45 31 4e 4b d9 3d 17 3a 41 20 10 0f
52 cb e7 f4 50 4e 1c ca 59 3d 48 7f 24 01 52 43
45 1f e4 03 2a 38 2c 27 0e 21 2c 7f f4 ee ea 1f
38 27 0f f3 0b 05 7f f5 e1 47 1d 52 45 03 cc 55
70 fc 37 8f f1 2f 1a 22 52 43 fc eb 2a 2e f5 15
50 01 f1 4f 06 36 fb f2 01 7f f2 75 33 d9 02 fa
e9 15 0c 44 4f 4a 2d 52 0f f9 f4 01 25 31 2b 18
c7 f4 33 b7 16 06 5e c0 ca 28 f9 f5 31 20 50 55
14 57 19 11 c7 0e 29 19 6d 29 52 0c 64 fc 0a 07
49 0d 16 49 af c2 e9 01 0d 69 f9 43 20 02 f5 23
02 0e 73 40 5a 16 2f 4c 18 48 18 43 36 fb 26 18
f0 f3 44 d6 47 23 49 c0 45 4f 46 64 43 0f 3e 5f
51 22 14 fc d0 e8 2a 2d 13 21 5d 6b 43 f0 f1 ce
36 34 e9 fd cc b0 7f 15 e8 6a 2b 5f 2e 15 ce 02
53 13 45 b8 26 43 3b 37 c2 26 04 11 49 33 12 30
32 00 10 01 27 7b 08 e5 59 21 f6 7f e7 ee 06 ef
f9 eb ff 05 55 0b 3d 2c fd 0f 0f 2c ea 2e c2 01
df f6 15 f1 1a f5 7f 0e e3 f0 04 0c 66 26 ea 4d
0a 51 2a a2 20 21 23 02 6b 51 00 3b 5c 19 04 fd
3e 28 0b 4f 17 f0 d5 48 16 7f 00 66 14 dd f8 0f
c9 21 2f 3b 47 4f 1b 2f 3b 3a fd fc 53 6f 36 f8
b2 f7 00 c6 2b 20 59 c0 fd 44 02 df 11 32 40 2a
08 ed 35 01 c9 2c fc 08 68 0d 0c 15 49 ec f6 d0
3a 0a d8 62 b5 c5 38 fa fc 52 06 19 27 24 40 1d
2f 1d 30 fa 64 2c 45 15 c0 34 0e 77 11 55 13 3b
55 d1 08 d2 7d 66 0e 1d 54 32 4e 7f d8 f8 30 1e
26 22 f9 09 31 39 1c 3f ce 1f 29 7f 27 02 e7 fa
2d 55 fc f0 32 37 7c d7 1b 41 23 1a 55 06 cb 47
11 42 41 a8 f2 30 05 14 06 68 f6 ef 16 24 06 1b
48 2d f8 1e 0e 53 f3 14 0a 64 0d 6d 1e d5 00 02
e3 38 fe 3f 46 4f 2a 3c 11 22 e6 fc 23 4c 42 21
bf 14 32 bb 09 00 4d ba f2 22 f3 d5 1d 12 4e 40
0a 3b 3b dc ce fc 0d 1e 7f 22 35 09 6d 38 e9 ca
41 0f f3 63 b2 aa 01 0f 06 56 00 19 1d 04 e9 f0
fd 25 54 09 2c 0d 22 52 e1 40 1a 3c 2f 21 13 17
53 f5 fe cd 4d 3f 21 d1 4b 41 49 58 2d 03 54 49
47 2a fb 01 2a 40 29 0c 12 20 3e 7f 09 f3 e9 0f
50 2a f7 f8 0a 0b 7f f0 e2 54 0a 53 2a 04 cc 31
71 fb 27 bb f3 33 39 55 24 6d f9 11 30 2f fe 34
55 03 15 21 e9 37 fc f0 05 7f f1 78 3c dd 04 ff
10 14 28 43 53 4c 28 59 0f fc 2c 03 25 31 2b 01
f2 f5 1c b4 0a 07 64 ce c2 25 1f f7 39 25 50 59
15 7f 1f f9 c8 13 2b 27 6c 2d 59 0e 69 fe 08 05
4d e7 31 48 bb c3 eb eb 10 68 f9 43 2f f3 f5 0c
05 0c 7d 3d 5b 5c 54 2b 17 59 1d 45 38 fe 0d 16
f2 ef 42 d2 44 24 4e bf 45 6d 55 56 23 11 3e 65
73 20 1b 06 d1 f9 2b 2c 16 22 5f 44 44 f0 f1 cc
33 34 e4 ff c8 b0 7f 23 f6 55 2e 60 4b 14 fa 08
54 12 4a b6 27 48 3e 3c c1 29 05 12 4f 36 11 14
76 03 0f 01 25 7d 07 ee 5e 3a 59 7f ee ef 05 00
fe eb 06 08 57 2a 3f 35 fd f3 2f 2c eb ff c3 fe
d6 f6 0e f0 1f f8 7f 0a e4 d7 22 10 6d 26 f0 3a
0b 4f 30 ac 20 25 24 07 6d 5f ea 0c 4f 1b 05 fb
40 29 07 4a 14 ef d1 46 19 7f 04 69 1d d1 f9 0a
cb 42 35 3b 5b 52 20 31 3b 1d 04 fe 55 31 59 f9
b8 19 00 d7 29 09 5f c3 f9 25 05 e3 14 35 43 30
06 eb 3c 21 cb 30 fe 0d 69 1f 2c 23 4b ed f6 ce
3a 0b d4 59 b5 c7 1a 14 ff 51 08 1a 2c 24 0a 24
11 1a 39 fb 65 26 48 2a bf 37 11 79 23 1c 12 27
40 cf 06 df 52 66 11 ce 52 35 43 7f 17 fa 53 25
6b 1f fe 07 31 2f 21 1b 0e 21 2d 70 1c ff e7 0d
30 56 f8 f2 3a fd 7f fb de 43 26 1c 34 0a cc 4b
37 14 49 a5 f2 1c fd 18 07 6a f8 ed 1e 26 f3 17
4a 02 f3 22 0a 53 f7 11 38 67 04 6f 28 d7 01 ed
@018000
00 00 00 00 00 00 00 00 00 00 00 00 00 00 00 00
00 00 00 00 00 00 00 00 00 00 00 00 00 00 00 00
00 f5 00 00 00 00 00 00 18 00 00 00 00 00 00 00
00 00 00 00 00 00 00 00 00 00 00 00 00 00 00 00
00 f9 00 00 00 00 00 00 e8 00 00 00 00 00 00 00
00 00 00 00 00 00 00 00 00 00 00 00 00 00 00 00
00 2b 00 00 00 00 00 00 f6 00 00 00 00 00 00 ef
00 00 00 00 00 00 f5 00 00 00 00 00 00 ef 00 00
00 01 00 00 00 00 00 00 ff 00 00 00 00 00 00 0f
00 00 00 00 00 00 03 00 00 00 00 00 00 f7 00 00
00 0e 00 00 00 00 00 00 f9 00 00 00 00 00 00 1c
00 00 00 00 00 00 33 00 00 00 00 00 00 31 00 00
00 00 00 00 00 00 00 00 4a 00 00 00 00 00 00 f0
00 00 00 00 00 00 ff 00 00 00 00 00 00 fb 00 00
00 20 00 00 00 00 00 00 e3 00 00 00 00 00 00 25
00 00 00 00 00 00 08 00 00 00 00 00 00 2b 00 00
00 fb 00 00 00 00 00 00 44 00 00 00 00 00 00 4a
00 00 00 00 00 00 01 00 00 00 00 00 00 f7 00 00
00 fc 00 00 00 00 00 00 e9 00 00 00 00 00 00 23
00 00 00 00 00 00 02 00 00 00 00 00 00 e9 00 00
f7 4c 00 00 00 00 00 f8 ed 00 00 00 00 00 00 e7
00 00 00 00 00 00 ed 00 00 00 00 00 00 f9 00 00
27 ff 00 00 00 00 00 17 e9 00 00 00 00 00 00 3f
00 00 00 00 00 00 00 00 00 00 00 00 02 e4 00 00
ef f9 00 00 00 00 00 fb e6 00 00 00 00 00 06 fd
00 00 00 00 00 f7 3a 00 00 00 00 00 11 27 00 00
f7 ff 00 00 00 00 00 ef 3a 00 00 00 00 00 0e 2a
00 00 00 00 00 06 ff 00 00 00 00 00 e9 0e 00 00
27 1c 00 00 00 00 00 38 e1 00 00 00 00 00 ee 26
00 00 00 00 00 f4 06 00 00 00 00 00 1f 19 00 00
fa 1e 00 00 00 00 00 eb f1 00 00 00 00 00 0a 57
00 00 00 00 00 ed 14 00 00 00 00 00 f0 fe 00 00
08 f5 00 00 00 00 00 0d 06 00 00 00 00 00 16 1b
00 00 00 00 00 51 ed 00 00 00 00 00 f2 e1 00 00
1b 36 00 00 00 00 00 35 ea 00 00 00 00 00 47 1d
00 00 00 00 00 25 04 00 00 00 00 00 e9 61 00 00
39 e9 00 00 00 00 00 f2 32 00 00 00 00 00 26 36
00 00 00 00 00 f2 ed 00 00 00 00 00 0b e2 00 00
ea 03 00 00 00 00 00 fb e3 00 00 00 00 00 4d 13
00 00 00 00 00 f6 0a 00 00 00 00 00 fa 14 00 00
30 1f 00 00 00 00 00 11 09 00 00 00 00 00 e9 60
00 00 00 00 ef f7 f9 00 00 00 00 0b f5 f5 00 00
39 1a 00 00 00 00 ef 59 02 00 00 00 00 ef 0a 6c
00 00 00 00 0d ea f8 00 00 00 00 f7 37 e3 00 00
03 28 00 00 00 00 0d ed e7 00 00 00 00 02 fb 40
00 00 00 00 0d 24 23 00 00 00 00 fe ff 2e 00 00
1b f1 00 00 00 00 1d 10 2b 00 00 00 00 24 18 55
00 00 00 00 ff 57 ee 00 00 00 00 00 0a e9 00 00
17 04 00 00 00 00 03 1e e5 00 00 00 00 e7 46 77
00 00 00 00 25 15 f7 00 00 00 00 1c f0 3f 00 00
1a ed 00 00 00 00 2e 27 45 00 00 00 00 27 fd 5c
00 00 00 00 e7 f7 01 00 00 00 00 f3 f0 f5 00 00
18 fc 00 00 00 00 e5 20 e3 00 00 00 00 f5 37 29
00 00 00 00 08 e9 00 00 00 00 00 02 22 e3 00 00
47 18 00 00 00 00 0d 1e e6 00 00 00 00 f4 e7 f4
00 00 00 00 e4 fb e8 00 00 00 00 fd ee f5 00 00
27 f7 00 00 00 00 fa 45 e9 00 00 00 00 f3 1b 74
00 00 00 ea fb 2d fa 00 00 00 0b 20 fb e3 00 00
01 00 00 00 00 00 f5 18 e2 00 00 00 fe e2 79 30
00 00 00 0f 7f 7f 42 00 00 00 00 eb ed 2b 00 00
17 e7 00 00 00 fb 3b 09 3e 00 00 00 f3 2f ff 57
00 00 00 1d 11 f5 06 00 00 00 00 36 ed 16 00 00
16 23 00 00 00 21 09 23 e1 00 00 00 18 e3 54 23
00 00 00 06 41 ee 07 00 00 00 fb 22 eb 0c 00 00
4c 10 00 00 00 ee 3c 6a ec 00 00 00 ed 05 ee 5c
00 00 00 26 eb ff ee 00 00 00 0b 03 ef fc 00 00
2c 10 00 00 00 f0 e7 14 0b 00 00 00 39 fb 5d 65
00 00 00 fa 08 2e f7 00 00 00 f5 09 10 e2 00 00
04 34 00 00 00 5d 03 1a e4 00 00 00 ff e6 5c 3c
00 00 00 11 22 46 18 00 00 00 1e ec e1 45 00 00
6b f3 00 00 00 24 35 17 3e 00 00 00 18 3d 0b 45
00 00 00 eb 0d f2 ee 00 00 00 2b 0f e6 e7 00 00
ef 10 00 00 00 2f 06 f1 e2 00 00 00 f4 e1 7f 32
00 00 00 29 7f 24 28 00 00 00 18 00 05 0b 00 00
3e 0d 00 00 00 28 30 68 08 00 00 00 e9 2c e5 5a
00 00 0b 0d e9 0a f1 00 00 0b 12 0b f2 02 00 00
55 31 00 00 18 00 e5 42 21 00 00 f7 09 ec 47 74
00 00 ee 02 22 f3 14 00 00 f4 f7 11 38 e3 00 00
21 41 00 00 0b ed 1c f0 e2 00 00 0a e4 e9 01 3f
00 00 27 1d 15 2b 0a 00 00 16 01 ee fb 46 00 00
30 03 00 00 f4 12 25 22 09 00 00 02 25 4b 14 64
00 00 f5 f0 0e 53 05 00 00 14 0b 18 f3 e8 00 00
04 3d 00 00 fc 7f ec 1f e4 00 00 1a f8 e1 7c 75
00 00 04 09 6c 32 2c 00 00 ef 0a fb e1 3b 00 00
2a fe 00 00 06 16 35 19 36 00 00 fc f3 3d f7 32
00 00 ee 28 16 f1 23 00 00 ea 3e 0e e6 f9 00 00
21 13 00 00 24 4f 05 19 e9 00 00 f0 35 f0 62 38
00 00 e4 0e 2a f1 2c 00 00 f7 0d 13 1b fb 00 00
64 fc 00 00 17 e8 f7 36 f0 00 00 ff e3 f3 e9 ea
00 00 1b 32 e9 0e e5 00 00 11 03 f3 f4 0a 00 00
33 fa 00 00 39 0d 05 2f fc 00 00 02 33 14 25 5a
00 00 e2 fb 00 28 04 00 00 e8 f5 2b 01 e3 00 00
31 01 00 25 00 56 ee 23 e2 00 0b 0a 57 e5 7f 40
00 ef 2a 05 70 7f 65 00 f5 3d 39 e8 e3 3d 00 00
13 e7 00 e9 08 40 2e ff 34 00 00 14 26 23 ff 4e
00 02 f2 49 3c f2 e9 00 21 2b 0f 26 e1 40 00 f5
ed 0e 00 e9 f7 62 11 f1 e4 00 00 13 53 e2 69 35
00 1c e4 2b 5e f1 11 00 22 07 f0 28 f1 ef 00 13
7c 23 00 02 02 f7 4c 5a e9 00 f0 fb 06 01 f3 44
00 02 f5 45 e5 19 f0 00 fa 09 27 fb e3 05 00 1b
4c 17 00 e9 29 3b e7 51 0e 00 11 f2 4b 09 36 7f
00 07 e8 22 10 f3 f5 00 fd fb f6 0a 39 e1 00 11
41 23 00 23 00 56 05 1f e3 00 19 02 f0 ed 7f 26
00 f7 0a 57 01 1d 43 00 e4 2e 4a ea e1 42 00 f5
45 0c 00 e3 f9 52 46 3e 3c 00 1e 0c 33 46 04 69
00 04 e4 f9 11 1e ed 00 44 02 2e 23 e2 16 00 29
1e 15 00 56 f3 67 e6 07 e2 00 5d 20 7f e1 7f 4a
00 fc 09 2a 7f 38 26 00 e4 f3 5f 04 ff 20 00 37
14 0d 00 e1 13 10 39 4d fd 00 09 0d e9 20 f5 67
00 ee e5 1e ed 1a f2 00 1b 2b 1f 06 f5 fe 00 12
66 31 0b f8 40 3b e6 4a 28 f7 1a ed 40 03 46 20
03 38 e2 2a 13 e8 13 00 2e 08 05 14 1f e3 00 0b
4d 42 f4 1e ef ed 06 f0 e2 0f ed f9 e3 ea 1b 2a
ef f3 00 45 23 04 01 00 f1 f3 07 ec f7 44 00 21
3d 01 0f f0 00 09 2f 2c 0a f0 19 f7 3a 4f 16 6b
0b 29 e8 f9 0d 3b 05 f7 4a e8 09 29 f3 e3 06 08
f7 3c ff 2b e5 7f f7 21 e4 f3 14 3f 40 e3 7f 70
ff 21 eb 05 6c 7c 38 f8 e3 04 33 1f e1 3b 1b 01
23 fc 0f e4 16 0a 32 fd 37 27 0d f9 30 31 f9 53
f5 f2 eb 31 3c f1 24 f3 6b e9 27 13 e6 03 e9 31
22 27 0b fc 42 68 42 17 e8 20 36 f3 4a f8 58 3f
29 63 e1 09 1f 02 14 19 1c e9 01 14 18 fd f2 2d
62 fb 0b e7 05 e9 31 5a ee 0b fb 02 e5 2e ee ea
0a ea ee 4e e5 0b e5 06 f1 1c f7 f3 f3 0a 1c 39
34 fa ff f9 55 02 03 10 fc 27 ef 2a 44 10 46 5f
1f 3d e3 01 fd 42 05 e5 1b f4 f7 1e 00 e2 24 1d
3f 01 14 4d f0 65 14 23 e3 16 18 f9 57 ed 7f 2f
f5 14 fb 10 05 73 66 ef e2 18 49 e8 e3 3f 16 17
14 e6 27 e4 02 42 5a fb 32 f7 15 17 56 2a 18 53
15 18 e7 45 12 0f ed 0c 7f 41 0f 2c e1 3d 28 16
f0 0f 35 f4 f4 65 f0 f1 e4 f7 41 1d 59 e2 68 3d
fc 3d e6 2a 68 20 10 e7 f0 e7 f4 06 0a ee 31 41
6b 1f e8 e5 0d 09 52 55 e9 17 f3 f1 fb 0c f7 47
f3 eb e4 4f e4 3e f0 fa f6 13 20 fd e3 03 eb 5d
52 15 09 fa 52 5a e7 24 0f 15 29 f9 7f 0d 39 7f
1d 6c e5 3c 0d 23 f7 21 14 e9 fc 0b 39 e1 10 06
46 18 0f 4a ec ea 01 1d e3 f2 57 f5 e3 e3 7f 28
f2 f7 02 59 29 1c 2b 23 e2 fb 5e e9 e4 44 56 39
32 07 f3 ea 3b 3c 50 21 39 3e 28 2d 35 48 0c 69
35 5f e3 2d 11 35 0a e4 58 0e 02 26 e8 11 1a 58
20 18 01 58 e8 7f e7 04 e2 f4 5e 42 7b e3 7f 4f
11 1a fe 12 6c 5b 26 0a e2 e4 6f 02 eb 40 04 2c
19 e7 2c e1 1a 0e 38 49 30 11 03 f8 f6 25 f5 6a
fa f0 e4 2e 17 f3 f4 04 3d 0f 24 06 f4 fc 00 1b
53 30 f2 07 46 6d e7 46 ea 21 30 1f 43 05 48 21
1e 54 e2 29 12 eb 12 07 32 e7 03 16 20 e3 10 03
51 01 fb 15 ee e5 05 f0 e2 12 f0 fb e4 ec 1d f3
18 04 f9 35 21 07 e5 08 08 fc 05 ec f9 05 0e 59
41 fd ed f8 15 1c 27 27 ec 21 fc 2e 3c 4e 1c 7f
19 37 e8 f8 0b 3a 04 eb 3a f3 f4 27 03 e2 39 1b
f6 f9 18 41 e5 7f fb 1f e3 4f 2c 2b 44 e3 7f 44
59 23 0f 2a 6a 7f 36 11 e2 0f 4d 1c e4 3b 3b 2e
2a e7 10 e1 25 4e 40 fc 37 2d 22 f7 36 34 fb 52
13 21 e3 36 3a f1 f7 fc 67 f2 1b 14 e1 01 06 26
25 3b 24 03 20 65 42 15 e1 2a 2d fb 4d ea 5e 32
2f 4e e2 21 27 01 13 20 23 e4 f4 1a 17 fb 0f 2d
64 fb 0a e2 08 f5 30 57 e7 11 f9 f1 e5 2d f0 41
25 ee eb 45 e5 0c ef 22 01 1f f9 f6 f1 09 2f 64
36 1b e7 00 51 45 fb 0e 0e 2c ef 55 46 0f 49 64
3d 6c e3 09 e6 43 06 e6 0c 1e fa 1e fe e2 35 20
43 21 10 44 f2 61 02 22 e4 37 38 14 f2 ed 7f 22
06 18 05 14 06 6b 42 15 e2 0a 45 e8 e3 3f 38 34
49 e6 fb e4 2d 71 5c 13 32 35 05 1f 32 44 08 56
4d 4b e6 4c 12 11 f0 09 66 17 12 2d e2 ea 3d 2f
f0 17 12 f4 f3 7f f1 f1 e8 04 3e 2b 5d e2 7f 41
0f 37 e7 3e 6b 2c 13 ea f5 ec f7 05 07 09 33 2c
5c 0f 00 e6 08 ed 52 51 e9 24 fb 04 ea 0c e8 54
0d ff e7 2e e9 3b f0 f0 f2 13 02 01 f7 01 10 65
53 34 e8 f9 74 64 e6 21 0d 0e 2e 1f 7f 0d 59 7f
18 5f e4 4b 0e fc fe f5 1e e7 ff 03 37 e4 fd 01
49 01 06 0f ec eb 02 f2 e2 21 5d f2 e3 e3 38 25
28 0c 1e 4d 52 15 2b 37 ee f9 2c e9 f9 43 46 3b
11 05 f0 eb 3f 3b 50 1d 38 1b 21 2b 37 49 0e 68
2e 6c e7 37 0f 77 08 e2 2f f6 05 20 e7 fa 1e 63
27 16 f6 4c e6 7f f7 22 e2 1b 30 4c 50 e3 7c 6d
32 3d f7 27 6d 7f 0d 05 e3 e4 6f 02 ea 3d fd f5
16 e6 28 e3 0a 10 3e 42 2f 3f 36 fc 27 2a f5 55
22 04 f2 33 18 f3 f4 09 73 01 25 0f f3 06 2c 1f
23 14 ef 09 46 6d e7 38 e9 26 31 23 45 03 4d 3a
24 3d e1 2d 13 fc 11 f4 2e e4 07 15 1d e3 24 f7
6d fe fb e3 ee e5 06 3b e2 42 0e f2 e4 ff 01 e9
37 f0 f3 59 e5 09 e5 0e 0e 1a f5 f2 f7 08 25 5b
2f fb ed 11 15 1c f0 25 ec 17 eb 32 3f 0f 21 7f
1b 34 e7 fd fd 3c 05 e8 28 f3 00 26 03 e2 29 1f
09 fa 12 36 e5 7f f9 2a e2 59 30 2b 52 e3 7f 25
54 02 05 31 6b 7f 59 fb e3 0e 48 eb e3 3b 39 22
30 e7 59 e1 20 52 40 fb 35 20 14 fa 38 3a fc 51
54 3c e2 38 3b 11 f7 0c 50 00 1d 32 e1 21 13 39
25 27 2f fe fe 75 40 14 e1 2c 2b 2e 50 e1 64 35
32 4f e1 2f 68 03 12 11 0c e4 f5 24 f3 fb 0e 23
69 0d 29 e2 fb f7 30 7f e7 2b f9 eb e5 2e f1 43
27 f7 ea 4a e4 0e ef e8 09 fc fa f9 f1 07 15 38
38 17 f5 ff 52 43 e6 0c 0e ff f5 56 49 10 4e 67
1b 60 e2 0e e7 45 f5 e6 17 1e fa 06 fb e2 2c f8
44 22 0c 35 1b 64 00 20 e3 11 4e 02 f3 ed 7f 21
e7 20 ff 16 06 44 26 ff e2 06 46 e8 e1 40 40 2c
4f f5 09 ea 11 5f 4e 12 3e 40 0b 22 36 45 07 57
43 56 e5 ef 11 12 ee e7 49 16 2b 12 e2 ea 41 45
f1 15 01 f1 0a 7f f0 f1 e2 0b 40 2d 32 e1 7f 45
23 3a e6 43 7f 2c 26 e8 f6 eb f7 04 02 0a 29 20
4f 0d ef e5 04 0c 54 4f fe 35 00 37 eb 33 e7 54
1f f2 e6 0b ec 0c f1 f0 ec 11 04 03 f7 00 20 34
55 34 e7 f7 59 66 e6 42 28 12 0f 20 3e 08 5f 7f
30 48 e3 21 12 fe 12 f4 1b e6 00 04 35 e3 36 16
4b 41 f0 10 ec eb 04 f1 e3 30 63 f2 e3 eb 1a 25
1f 0e 1c 4f 24 23 00 34 f9 f7 02 eb fb 44 3f 32
23 03 15 eb 01 19 50 1a 09 22 27 2e 3a 4c 11 6a
3d 3f e6 2c 0f 79 05 ea 2a f5 06 25 f3 e6 47 66
1c 3d f7 4a e6 7f f7 1f e4 1d 32 31 55 e3 7f 6e
2e 42 f6 2c 6c 70 38 fe e3 e4 4e f5 e1 3b 1a 0b
1e fe 31 e1 0d 1a 3e 14 36 4b 39 fc 2d 2e f8 32
2a 0a ef 39 17 f2 23 0c 5f 01 23 11 e6 04 2c 30
24 13 1a e8 45 6d fb 19 e9 16 29 fb 48 01 53 3c
1b 41 e1 30 16 fc 2c f5 32 e4 0d 14 1b fb 2a f4
6a fc 12 e2 ef e8 05 34 f0 46 12 f3 e4 ff ec e9
3b 02 f1 4f e4 09 e5 0d 0e 15 f5 f3 f4 0a 2a 63
32 fa f3 10 59 19 f3 21 fc 2b ed 33 41 10 25 5b
2a 3a e4 fc fd 3e 04 e7 28 ee 00 26 01 e3 29 1f
3e 01 11 35 ed 58 fa 26 e2 2b 33 2e 53 e3 7f 2e
17 0a 01 0d 6d 7f 65 fc e3 0e 49 e7 e3 3d 39 21
10 e7 58 e3 16 53 43 fd 34 26 17 19 50 29 00 52
60 43 e9 40 3b 11 e9 0b 50 48 0a 35 e1 40 14 3d
ef 0e 2b fb fd 78 0a f1 e4 31 2c 6f 55 e2 69 3a
40 55 e7 33 69 01 11 12 0b e4 f4 24 f1 ef 0f 21
6a 23 28 e6 fc f8 53 58 e9 2c fc f1 f5 21 f3 44
2f fb e6 4c e4 0c f0 e8 06 fb 1f fb e3 05 17 43
50 17 f3 fb 54 43 e6 51 0e 05 f6 55 4d 0e 36 7f
23 55 e7 13 0e 06 f5 e6 16 1d fa 0a 39 e1 2b fa
46 23 0a 3e 1b 56 01 1f e3 0f 52 02 f5 eb 7f 26
e8 23 07 5c 07 1b 43 1a e3 e9 55 e9 e1 42 40 29
45 0c 04 eb 0a 60 4f 3e 3c 3a 18 24 33 45 04 69
4d 5f e4 fa 11 34 ed e7 47 14 2e 23 e2 16 38 48
21 15 fc 50 f5 7f e6 07 e2 0f 5d 4c 76 e1 7f 4a
2c 02 02 48 7f 4e 26 e8 e6 e4 59 04 ff 20 2b 21
14 0d ef e1 06 10 37 4d fd 39 04 38 e9 23 f5 67
28 f3 e5 2a ed 0b f2 f1 27 0f 22 06 f5 fe 22 26
66 31 e7 0b 4b 69 e6 4a 28 18 0f 21 40 07 46 20
35 4d e2 25 11 eb 13 f4 1a e7 04 14 1f e3 34 0f
4d 42 ef 10 ed ed 04 f0 e2 4b 00 f5 e3 eb 1b 2a
24 0f 05 52 23 05 01 35 17 f3 05 ec f7 44 4e 51
3d 01 0f ec 05 1a 25 2c 0a 27 fd 2f 3a 4d 16 6b
45 2a e9 30 0d 39 05 e9 2b f3 08 29 f3 e3 2c 3a
f7 3c f4 3b e5 7f f7 21 e4 22 0c 31 40 e3 7f 70
33 1d e9 26 6b 7f 38 ff e3 e7 43 1f e1 3b 1a 0d
23 fc 33 e1 10 1c 3e fd 37 52 0e fe 30 31 f9 53
31 1e ec 2f 3c f1 24 0c 7d f1 26 13 e6 03 2d 34
22 27 16 e6 45 6f 42 17 e8 19 29 fe 4a f3 58 3f
20 47 e1 1c 27 00 14 f5 32 e4 04 14 18 fd 29 1f
62 fb 44 e2 f7 e9 31 5a ee 4c f7 f3 e5 2e ee ea
43 02 ee 43 e5 0c e5 0d 0e 23 f7 f3 f3 0a 2f 68
34 fa f0 00 5e 18 03 10 fc 2d ee 36 44 11 46 5f
2e 40 e3 01 fc 40 05 e6 09 f2 f9 1e 00 e2 2a 22
3f 01 10 56 ed 5c 14 23 e3 37 35 ff 57 ed 7f 2f
ef f3 fb 11 05 69 66 00 e3 0a 53 e8 e3 3f 3b 22
14 e6 15 e4 19 56 5a fb 32 2c 1a 1b 56 2a 18 53
66 49 e7 45 12 0f ed 0a 4d 46 0e 2c e1 3d 3d 40
f0 0f 0b f7 fa 7b f0 f1 e4 02 3e 31 59 e2 68 3d
14 31 e6 38 68 2c 10 e9 0a e5 f5 06 0a ee 23 20
6b 1f 00 e6 ff fb 52 55 e9 2f fa f2 fb 0c f7 47
11 ff e5 4e e4 3e f0 09 f0 14 21 fd e3 03 1b 6d
52 15 e9 fa 52 65 e7 24 0f 08 2c 1c 7f 0d 39 7f
27 59 e5 45 0d 23 f7 f7 0a e7 fc 0b 39 e1 fc fc
46 18 08 3d eb ea 01 1d e3 15 59 ff e3 e3 7f 28
e9 0c 02 61 29 1c 2b 2f e4 fb 58 e9 e4 44 45 2d
32 07 fc ea 38 3a 50 21 39 3f 1d 26 35 48 0c 69
55 65 e3 2d 11 35 0a e2 44 11 02 26 e8 11 1c 59
20 18 f9 50 e9 7f e7 04 e2 14 5f 4d 7b e3 7f 4f
1e 08 fe 24 6c 5b 26 e8 e6 e4 70 02 eb 40 05 22
19 e7 32 e1 08 0e 38 49 30 3c 05 fa f6 25 f5 6a
1d 00 e4 2e 17 f3 f4 f1 25 0f 24 06 f4 fc 2a 29
53 30 f5 08 46 6b e7 46 ea 1e 2f 21 43 05 48 21
1d 3a e2 29 12 eb 12 f4 1f e7 04 16 20 e3 0d f5
51 01 fe 11 ed e5 05 f0 e2 52 f0 f3 e4 ec 1d f3
2d 0a f9 35 21 07 e5 0b 14 fc 09 ec f9 05 22 5f
41 fd f8 f8 06 1a 27 27 ec 0c 04 2f 3c 4e 1c 7f
2a 30 e8 f8 0b 3a 04 e9 29 f3 f4 27 03 e2 29 1d
f6 f9 15 39 e5 7f fb 1f e3 55 2c 2d 44 e3 7f 44
3c 24 0f 2a 6a 7f 36 fd e3 0f 45 1c e4 3b 39 1f
2a e7 1c e1 13 4e 40 fc 37 59 11 f5 36 34 fb 52
39 25 e3 36 3a f1 f7 0b 52 f2 1b 14 e1 01 28 37
25 3b 31 03 20 71 42 15 e1 27 2d fd 4d ea 5e 32
2f 4b e2 21 27 01 13 19 3a e4 f4 1a 17 fb 2b 21
64 fb 42 e2 fa f5 30 57 e7 2b f9 f6 e5 2d f0 41
23 f2 eb 45 e5 0c ef 11 0a 1f f9 f6 f1 09 54 6a
36 1b ed 00 51 45 fb 0e 0e 2c ef 55 46 0f 49 64
4b 5a e3 09 e6 43 06 e6 09 1e fa 1e fe e2 2b 22
43 21 0f 44 f0 61 02 22 e4 3c 38 03 f2 ed 7f 22
f2 1c 05 14 06 6b 42 fd e3 0a 45 e8 e3 3f 3e 25
49 e6 0e e4 1b 71 5c 13 32 35 05 1f 32 44 08 56
6d 50 e6 4c 12 11 f0 0a 4c 17 12 2d e2 ea 3f 43
f0 17 07 f4 fa 7f f1 f1 e8 07 3e 2b 5d e2 7f 41
1d 37 e7 3e 6b 2c 13 e9 f8 ec f7 05 07 09 24 21
5c 0f 00 e6 02 ed 52 51 e9 31 fb 04 ea 0c e8 54
14 02 e7 2e e9 3b f0 ef ee 13 02 01 f7 01 20 70
53 34 e8 f9 74 64 e6 21 0d 0d 2e 1f 7f 0d 59 7f
2c 5f e4 4b 0e fc fe f7 1e e7 ff 03 37 e4 fe fd
49 01 06 0f ec eb 02 f2 e2 2a 5d f2 e3 e3 38 25
17 0c 1e 4d 52 15 2b 31 f0 f9 2c e9 f9 43 48 2f
11 05 f9 eb 3d 3b 50 1d 38 1b 21 2b 37 49 0e 68
34 6c e7 37 0f 77 08 e2 2c f6 05 20 e7 fa 21 64
27 16 f5 4c e6 7f f7 22 e2 18 30 4c 50 e3 7c 6d
28 3d f7 27 6d 7f 0d fe e3 e4 6f 02 ea 3d fd ef
16 e6 31 e3 0b 10 3e 42 2f 3f 36 fc 27 2a f5 55
22 04 f2 33 18 f3 f4 0a 61 01 25 0f f3 06 2c 2e
23 14 f3 09 46 6d e7 38 e9 26 31 23 45 03 4d 3a
28 3d e1 2d 13 fc 11 f5 32 e4 07 15 1d e3 24 f5
6d fe fb e3 ee e5 06 3b e2 42 0e f2 e4 ff 01 e9
34 f0 f3 59 e5 09 e5 0b 13 1a f5 f2 f7 08 25 5f
2f fb f5 11 17 1c f0 25 ec 17 eb 32 3f 0f 21 7f
22 34 e7 fd fd 3c 05 e8 28 f3 00 26 03 e2 29 1f
09 fa 12 36 e5 7f f9 2a e2 59 30 2b 52 e3 7f 25
42 02 05 31 6b 7f 59 fb e3 0e 48 eb e3 3b 39 1e
30 e7 59 e1 15 52 40 fb 35 20 14 fa 38 3a fc 51
58 3c e2 38 3b 11 f7 0c 50 00 1d 32 e1 21 13 3a
25 27 2f fe fe 75 40 14 e1 2c 2b 2e 50 e1 64 35
37 4f e1 2f 68 03 12 11 0c e4 f5 24 f3 fb 0e 1f
69 0d 29 e2 fb f7 30 7f e7 2b f9 eb e5 2e f1 43
27 f7 ea 4a e4 0e ef e7 09 fc fa f9 f1 07 15 41
38 17 f5 ff 52 43 e6 0c 0e ff f5 56 49 10 4e 67
1e 60 e2 0e e7 45 f5 e6 17 1e fa 06 fb e2 2c f8
@01a000
00 00 00 00 00 00 00 00 00 00 00 00 00 00 00 00
00 00 00 00 00 00 00 00 00 00 00 00 00 00 00 00
00 f7 f5 00 e8 db 00 f5 00 18 0b 00 f5 00 00 f3
00 00 0b 00 f3 db 00 0b 00 00 0b 00 fa 00 00 e8
fe 17 1a 00 2b 0f 00 0f e8 e2 00 00 27 f5 00 f8
fe 00 f1 00 21 27 00 f1 18 00 00 00 e2 0b 00 02
ef fa d9 df 0c 1d 06 ea 0d 0a 00 f5 e8 0a f3 2b
e2 0b 0f 18 22 28 17 16 0b e8 00 fb 36 f6 e8 1c
29 e8 0e f8 01 06 1b ef 0d 1a ea 06 f6 02 03 01
10 09 ff fe f9 fe 02 14 f1 0f fa 21 00 fe 0d 02
e1 38 fc 64 08 26 d7 27 ff 0b 11 f1 27 1a 33 0e
14 10 0f dc fd 27 d3 e8 fc 1c 0b e6 01 00 1d 07
16 df 1b f9 b6 f9 ee 20 25 3d 19 e2 f9 fc ff 00
34 e7 0b 30 c0 dd 1a dc 06 e9 f3 e9 29 1c 03 f5
12 0d 43 33 4c 11 1c 0b ce 16 1e 51 08 e9 08 20
2a fa 0b d9 44 4f 00 f6 24 25 1e 5d 2a ef 2e 04
29 35 e5 f6 bc df 24 27 08 7b 5d 25 1b ff 01 fa
10 3c ff 0d bb aa 2a 11 17 4a 2b 24 1a 02 c7 fc
f5 ee 5f d9 2a 29 16 16 bc 02 09 ee 39 02 02 fc
e1 18 14 0f 1b 7f 11 d3 39 23 18 2f ef fd 0d e5
07 fa d6 ea 1c 0d 28 f6 fb fd 1a f4 dc 0a e4 4c
d2 fd 27 11 2e 09 66 3d 00 d0 12 28 61 20 f2 38
0e 11 13 bf 27 04 31 f6 7f 11 e4 f6 30 14 00 ff
f6 18 35 5b ec e2 bc 2b 08 3f f5 00 fb de 0a ef
c9 59 46 61 35 2e dd 17 11 f6 19 e2 39 13 3a f8
e4 18 d5 d1 4a 16 0d 07 ee fd 01 e2 e9 36 36 29
01 e3 0e 0d c6 da 10 15 41 3b 14 32 03 fa ff ff
33 e8 09 49 b7 d5 e4 09 08 2a 0b 12 1c 22 fc 21
f6 10 2d 1f 7f 28 56 ed de 1d 0d 49 1b ed 06 1c
10 c6 0f fb 6b 46 02 fa 1f 26 0a 7f 09 03 74 ee
16 1e f6 12 15 1b 1a 3e 08 21 36 1f 17 02 14 1e
ed 4a f0 05 1c 04 28 2e f2 57 3e 16 53 09 bf 63
16 27 45 90 fa 03 04 f1 22 3f fb 0c 1a 0c e2 f3
21 ef 01 36 eb 32 eb 02 49 1b 0d 4f 08 e1 10 da
de 20 f7 65 24 22 00 11 0d 0d e7 20 18 20 04 36
13 ea 2c c3 1b 08 24 f0 14 1d 03 d3 2f 0f 6a 3d
1b 1e 3d 98 ce 05 10 21 7f 49 18 20 47 0d e4 d7
20 de ee 7f ab b3 b6 2b 08 36 f2 0d 0e 00 fb 14
06 45 56 1e 4a 00 0e 12 d7 03 15 7a 27 e3 0a 03
6b 0e fb d4 7f 42 0d 08 37 13 39 56 1b 0b 2b 18
1c 18 00 ed f7 40 39 21 22 4a 41 6f 01 eb f8 1f
1d 0a e2 20 ea 0f 5b ef df 60 1a 40 38 11 d5 3d
0f 09 2e b1 fe 62 3b 4f 15 5f f0 fd 17 03 f7 1a
40 d4 18 1c f4 3b e0 d5 f0 6c e2 62 73 e6 75 df
24 23 23 51 33 44 06 2d 0e f5 29 e0 16 4c 23 28
34 01 10 c2 14 07 38 04 eb 40 25 f5 3b 18 17 6c
3d 6a 23 ca d5 2c 0f 2a 6c 64 57 17 4c f7 e6 eb
3b ce 24 7f ad b6 c8 d7 6d 55 f4 3b 23 fa f1 f5
df 14 7a 37 3d 4a 2f 11 16 46 28 74 2c 14 f5 04
29 ce 0a c6 58 25 3e d6 57 77 66 56 29 0e 53 5f
7f 1a 1b f3 bb eb 35 2c 2a 71 5e 43 04 f1 01 e4
2a 22 d0 44 a8 a8 3e 1c fd 5c 23 52 2f 13 2c 1a
2e 17 4b b6 4b 4c 38 37 d6 08 03 25 6b 32 00 fc
6c da 10 fe 3d 73 f4 f1 45 29 61 67 02 f0 16 e9
f1 eb 05 e1 36 10 3d 35 00 f1 30 13 e8 e5 d2 18
cd da fb f9 32 f9 7f 18 e4 f1 1c 10 65 2b 23 54
07 68 47 ac 27 25 33 04 70 49 e9 25 3e 12 f9 00
2d 0f 12 36 08 eb a7 41 2f 74 25 3b 07 d4 2b 04
b5 42 29 6d 54 37 10 24 3c 08 fc 69 55 7f 42 00
e3 16 00 d4 3a 07 2e d0 70 30 f8 e2 0d 26 46 37
35 ea 2d 1c c2 ea fd 0e 59 6c 2c 2a 21 fd 06 cd
50 fd d4 7f ab b4 e3 13 04 57 3f 09 07 28 1a 23
fe 22 34 13 67 f6 46 21 e6 12 22 7f 30 39 07 1e
4c b9 06 08 67 7e ff d7 44 23 55 7f 4b fa 6f 21
70 1f e8 ee 1f 24 1e 1b 02 1e 2d 24 04 e4 e6 1b
2c 39 ea 33 23 ef 5e fb e0 5c 2a 0a 3e 0a 39 4e
32 19 50 99 f5 19 fd 1b f4 6f f8 49 2a 35 f5 07
37 e3 f4 0c 01 7f d7 0e 69 65 0a 68 42 da 19 e6
d3 19 f5 5d 42 3a 2c 3f 6e 0d e8 47 21 64 18 52
08 f3 28 bd 0c ff 47 bd 1a 3c e7 d7 56 23 60 6c
4c 36 56 c2 c2 ef 24 26 7f 72 38 19 64 04 e6 1a
33 f0 e7 7f a7 d4 bd 0f 0f 45 05 02 19 04 e2 18
eb 2f 47 33 55 15 25 42 11 1c 05 7f 33 7f 28 28
62 03 fb e6 66 35 0c d1 6a 32 49 65 47 06 2d 4b
76 23 fd f6 03 3a 29 17 3b 34 3e 6d 31 eb eb 1f
58 12 e3 2d f3 ff 61 07 f0 5a 1a 42 28 14 33 37
6e ff 29 cc d5 62 39 59 23 7f f3 35 13 50 14 29
46 e7 12 12 ed 41 e0 e2 0a 74 02 65 7f f8 48 ff
05 ec de 50 6a 4a 13 20 ff ee 38 ec e4 40 0a 42
40 df 59 cd 1e f5 4d 36 f2 3f 12 09 7f 34 22 5f
7f 5a 61 da 0b 31 0e 2c 7e 44 5f 2d 7c 03 05 0e
6e d6 2f 6e e5 16 d1 e4 78 64 14 5a 35 15 18 0c
b3 51 56 67 38 45 15 2b 7f 50 3b 6b 4c 67 2c 47
f2 28 29 c0 2f 1a 17 c4 52 75 59 db 64 0f 51 6c
7f 1f 0a 1b ba 1b 2c ff 35 28 2c 15 41 02 23 3c
2f 21 f2 3e b5 a9 66 11 fc 32 10 3c 19 1a 5b 3d
49 3e 46 27 22 2d 40 11 13 0f 29 7f 45 7f 2c 20
76 ec 0c d7 73 7f ea 0b 45 38 7f 7f e1 14 4a 04
f6 07 e2 f8 28 24 41 40 ec e9 30 28 1e 04 c5 ff
fe 11 09 e8 2e e4 7f 25 fc dc 19 0e 3f 35 39 3d
21 4d 3b b4 f3 2a 29 0b 12 57 10 3f 14 1f 04 f0
30 15 01 21 0e 7f d4 04 55 5a 2e 6d 1e 0b 43 e9
cf 4a 2c 7f 7f 22 20 35 68 0c e9 52 77 7f 65 3a
f7 fe 0d c8 28 46 2a 0a 6f 37 f4 c3 20 2c 7d 3f
2d ea 12 30 f7 e3 2d 12 7f 56 44 03 4b 40 d8 dc
7c 01 c1 7f b1 f0 fe 08 fd 6f 17 1c 1f 0e e9 02
fd 2c 29 f8 4d 1e 52 30 20 26 27 7f 2a 7d 11 01
37 df d9 05 50 7f fc bb 68 57 75 7f 2d f5 46 3c
71 21 c6 f8 32 23 62 22 05 13 26 71 f4 dc e9 4a
3b 05 17 3f 0c 08 63 ef f9 3f 16 4e 60 0d 27 42
41 fd 1b 89 ed 5a 2b 1d 64 46 ed 22 1d 3b f3 0e
39 e5 e5 3d 09 7f d9 e3 34 7c fb 65 45 01 52 07
da 17 ec 7f 7e 31 23 4b 67 e4 f5 7f 2b 4d 43 6d
06 d8 54 bd 17 f4 42 c7 e5 13 e8 f3 4d 26 6f 79
57 5a 1a 08 c6 f6 53 16 7f 68 5a 0f 5e 0d e4 3a
5c f1 07 7f ae fe c6 ee 28 7f 1c 45 27 fc 0b 3e
ec 10 4e 46 4e 13 61 46 7e 32 2b 7f 38 7f 26 74
0d e0 68 c9 49 7f 29 ca 7e 37 49 61 50 fb 3f 7f
6e 23 fd f3 2e 43 3b 2b 22 1d 4d 6a 51 e0 ee 2c
30 21 db 34 f4 05 60 08 00 7f 18 71 37 29 1a 43
7f fd 1b ca e0 5d 44 22 5c 5c f2 55 fa 45 13 36
4a e5 0a 0d d8 7a 04 dc 04 4e 09 7f 48 21 4f 07
e6 df df 45 48 26 35 32 fd 03 09 3b f6 4e 01 49
20 d8 76 b8 2a f8 51 0e c9 1e f3 e3 7f 1a 1a 3a
7f 60 5e bd e5 40 17 25 73 3c 5b 54 54 06 fd 0a
6c d3 1e 76 eb 2a d7 ef 5b 7f 28 5f 41 1c 27 27
b4 23 63 73 48 39 18 2d 7f 53 66 7f 3d 7f 31 6f
eb 37 53 c4 1f 61 1a b0 7a 5d 4b cb 6b 02 61 53
70 14 0d 27 b9 25 5c f9 31 42 2c 16 54 19 19 23
3a 23 dc 56 de e6 61 ed ee 7f 18 52 1f 30 3f 4f
27 4a 53 11 1b 3f 6d 06 2b 1f 2e 7f 13 75 2d 28
4d d1 06 15 7f 7f f0 0a 54 5b 7f 7f f9 36 47 40
50 0e e4 f8 36 28 71 31 bc e3 2b 4d 36 f0 ca f2
31 14 f3 22 3d 19 7f f8 26 ce 1a fd 48 23 55 3c
1f 68 3b b2 fa 2d 48 10 08 5f 3c 35 fe 1f f3 f1
32 14 f6 21 35 7f d5 03 53 7a 25 57 27 29 12 f5
d2 3d 28 7f 66 46 39 2a 77 0c dc 5e 44 32 59 4a
fc f9 35 d0 3e 47 2f d9 7d 1c e1 b5 29 20 7f 52
32 fe 19 2f 0f e9 4a 01 7f 53 4a 1f 40 49 f0 db
7c 00 bb 7f ab 21 ff 00 13 7f 2c 05 23 07 e6 1f
ea 23 35 f6 34 3b 7f 31 3e 2a 34 7f 26 7f ff 05
44 db dd e7 48 7f 01 b8 79 30 4e 66 33 f7 46 7f
51 14 c7 f6 3d 25 7f 3f 17 11 20 77 09 db e5 3f
3b 08 fd 45 22 00 62 e2 1f 3e 1a 67 64 10 21 4a
7d 19 1c 87 e1 68 20 1a 7f 52 f6 24 0b 3b 16 11
3c e3 ec 3e 1b 7f dc e0 24 7f fd 68 48 2b 26 23
d6 0a ee 6f 4a 37 66 46 ff e6 eb 7f 2e 5a 4e 76
0b d8 7d b8 0b f3 47 c2 e6 15 e9 d7 49 11 6d 7f
5c 7f 01 1b d5 fd 7f 26 7f 62 7f 18 46 0d f7 09
5a f4 06 7f ed f7 ca ee 42 7f 1f 31 27 3d 16 4b
ef 1f 65 66 47 07 5b 4b 7f 35 5a 7f 24 67 30 7f
30 df 7f c5 3d 7f 2c be 7f 3c 48 60 5b fe 42 7f
76 1d fc f2 df de 45 15 21 51 56 62 53 07 f5 f2
32 23 d5 35 dd a7 60 02 dd 7f 31 5f 1d 2f 17 05
58 31 2e ca 15 63 3e 45 2f 16 23 59 2b 45 19 33
1f e2 17 f0 48 7f f3 d2 4a 53 0c 72 17 34 4c 1f
ea 03 e5 f3 51 05 7f 31 eb fc 0a 49 e6 4f ca 06
e4 d9 2a f6 2c e2 7f 08 ea f8 f5 01 67 18 dd 40
58 6a 32 a6 15 24 3e 15 7f 42 2e 57 42 24 f5 f3
2b 0c 04 76 38 2c b6 37 50 7f 27 4b 11 f2 1f 0b
b6 7a 18 71 56 3c 49 1e 7f 27 28 7b 3e 7f 47 45
ed 01 41 c1 7a 64 3d cf 7c 31 1e c4 0b 20 5f 56
3c 00 1b f9 be 18 22 fb 7f 44 04 10 34 26 f2 eb
3b f3 c4 7f e2 fb 1a e7 f0 7f 1a 14 16 49 3c 3f
1f 4c 1b 0d 51 43 72 ff 25 20 09 7f f4 7c 33 31
50 bb 0b 14 7f 7f f5 0a 55 55 68 73 13 18 45 4b
53 47 dd fc 50 2d 7f 36 c5 0e 1d 72 39 f0 09 f4
36 36 e9 20 43 25 60 c8 27 42 1a 01 50 0e 22 41
20 7f 39 ae 10 2e 25 2d 4b 76 4b 38 f7 12 f4 16
35 13 f8 19 3a 7f d4 01 4d 70 2b 53 39 26 0e f5
d5 3e ef 7f 50 3c 5e 2f 72 0f fa 7b 12 52 57 66
fe f8 76 bd 40 f5 38 bf 5d 0f e2 bb 3e 07 70 78
4e 7f 1e cf e5 e9 3c 23 7f 54 54 11 50 4a f2 dc
31 f2 e0 7f e7 dc e3 fd 17 7f 2d fe 0b 31 fc f5
ea 34 39 1c 1d 14 4e 44 60 2f 45 7f 15 7f 03 0f
5c 05 f4 c1 51 7f 05 c0 77 38 4e 3f 44 f8 48 7f
53 37 e3 f4 3d 38 7f 0c 04 10 42 6e 0a e3 dc 11
51 0c e5 4a 2e fb 61 df 1d 49 0b 46 39 0c 1d 2c
7e 13 0a b9 e2 6a 3a 6d 7f 7a 18 6a 12 3d f5 33
42 e5 0f 0f f7 7f dd dd 01 7f f4 7b 70 51 25 2d
fd 3c 0b 6e 4d 46 63 54 00 e9 21 3b 1b 7f 62 2d
35 d8 2b b6 2b f4 4e ec d7 17 0f db 3a 16 45 7f
5e 7f 05 01 bf 02 7f 37 7f 65 7f 1c 4a 0d f5 0a
48 da 22 7f d6 fa cc da 7f 7f 19 30 34 32 12 2d
f2 3e 66 4a 48 4c 4b 35 7f 46 69 7f 1d 6b 12 7f
2f d8 7f ca 5f 74 2f b7 7f 5a 57 59 39 ff 60 7f
7f 42 02 fc d2 ee 4a 15 26 51 5b 3b 40 08 fa f1
39 24 d1 3d 07 d7 61 18 eb 7f 3d 48 39 1e 3c 3e
57 36 32 c7 14 65 36 4d 2e 19 28 5f 34 49 07 1b
63 ee 18 f0 4b 7f ec da 5a 68 6e 69 02 35 3d 31
fd 22 e8 f6 71 22 7f 3a eb e0 24 2d fb ed d1 f5
de d7 fb f6 61 e5 7f ff ed e5 17 fa 6b 18 2b 48
1a 6a 33 b1 15 28 43 1a 7f 50 1c 2d 35 18 f4 fb
2d 10 18 3d 2b 2e b2 35 55 7f 2a 52 18 e6 1e fb
b8 7f 1c 7f 69 3f 42 23 7f 0a 2f 7d 53 7f 54 41
f3 11 36 d1 7f 5b 49 c8 78 12 f6 c8 0f 23 6d 60
40 3f 22 19 cb 1c 37 ef 7f 54 27 1f 30 28 02 eb
5b f2 c0 7f d5 ff fd 01 10 7f 3a 0c 1b 44 05 38
fd 4c 20 0d 52 1b 6b 11 34 23 3f 7f 06 7f 23 1e
3b b9 04 1f 7e 7f f7 ba 55 41 67 74 3e f8 67 50
7f 46 e1 fa 2d 23 59 04 06 10 1e 64 25 ec d6 08
37 37 e5 22 65 eb 63 eb ec 4c 20 0d 41 05 4b 45
47 2f 3e 9c 10 17 f6 23 4a 78 4e 3b 00 15 e1 12
37 e8 f2 10 09 7f d8 fe 7d 7e 0a 57 3f 29 0d e4
d7 08 f2 66 53 2f 58 35 75 0f ea 7b 10 53 25 68
03 da 66 bb 1a f5 3e bc 1b 0e e5 ba 44 3e 6f 7f
54 77 52 cc d8 ee 69 1e 7f 63 5a 10 4c 0a d5 1e
34 f1 df 7f f0 f2 c2 fd 1a 7f 0a fc 1f 15 de 27
eb 44 42 30 4c 13 45 41 61 30 32 7f 17 7f 15 0d
61 04 ef d0 57 71 09 bf 72 3c 57 45 49 10 2b 7f
7d 45 ff f4 13 3d 5d 28 1d 1f 75 6e 4c e1 df 11
56 10 e1 4d 2c 00 61 ea f0 45 11 42 2f 18 1b 37
7f 2d 16 ca c6 6d 4f 72 7f 7f 1b 70 f3 41 08 34
46 e8 0a 0f f8 76 e1 dd 04 7f f7 61 76 39 46 11
06 0b d4 44 49 49 45 30 fe ea 23 1b dd 51 34 43
3e d7 69 b7 4e f5 53 2b e6 1f 12 de 7f 1a 19 7f
7f 7f 39 d0 ee 3a 74 1d 7f 38 7f 1d 4e 01 f5 09
6d da 20 7f 0b 2b d1 db 7f 7f 21 48 3a 20 10 33
b4 7f 46 73 31 4d 20 34 7f 51 52 7f 34 69 36 7f
f2 1c 73 c7 49 76 17 b7 7f 5b 4f c9 64 01 5d 7f
7f 49 06 27 cb 1b 5c e6 41 1e 2c 14 3d 0b 2f 21
39 25 de 4f 04 e1 66 12 ee 7f 13 22 1c 21 56 76
57 59 38 27 17 3f 36 ff 31 1e 31 7f 29 6b 23 20
76 eb fb cd 77 7f e9 0a 4d 6e 7f 68 e1 35 4a 2d
00 42 de f8 2c 24 7f 32 eb e5 26 3f 1f f0 d2 f3
fe 11 f6 f4 78 e4 7f fe f3 e7 19 f7 3f 11 37 4f
1d 77 3a b4 f6 2a 48 18 1e 5b 41 30 f9 1c f3 f9
30 15 11 11 3e 7f d4 04 59 7f 2a 54 1e 2b 35 db
ce 61 26 7f 68 22 41 28 6a 0c 0d 5d 5d 7f 61 4a
f7 fc 1d d1 53 42 2e e1 78 1b f8 a8 20 1e 7f 67
33 4a 13 30 14 e3 73 f4 7f 52 49 05 31 3f e3 d7
7c 02 be 7f da 1a fd 03 13 7f 26 0b 1f 1c e7 19
fd 6c 28 f8 33 1e 60 18 36 27 7f 7f 1f 7f 23 04
37 dd e4 fe 7f 7f fb bd 75 45 69 73 2d fa 46 68
7f 50 c5 f8 24 23 7f 0b 06 0f 1f 74 fb db d8 42
3b 05 03 46 38 f9 63 e6 ec 4a 16 3e 60 07 25 4b
46 20 22 89 0f 5a 15 2a 6c 4f 4d 22 05 39 e1 12
39 e5 f0 3c 0e 7f d9 e3 43 7f fb 59 45 2c 52 ed
d9 06 ec 7f 40 31 55 42 67 e4 f5 7f 0d 53 5d 78
06 d8 6f b9 26 f8 42 c4 e3 13 e8 d7 4d 41 6f 7f
56 7f 19 08 d8 f6 72 12 7f 65 72 10 44 0d d3 3a
5c f1 0b 7f e8 fe c6 ee 3f 7f 1c 2b 27 0c 0b 38
ec 3c 48 46 46 13 4b 4a 7f 32 57 7f 32 7f 15 6e
0d de 62 c9 58 7f 29 c3 7f 38 49 49 50 fd 3f 7f
71 4b f9 f3 12 43 4f 3c 22 1b 78 60 4c e0 e2 2f
30 21 db 32 2d 05 60 08 f1 7f 18 5c 37 1c 1a 3e
7f 2f 1c ca c7 5d 48 44 7f 5c 21 55 f7 43 09 35
4a e5 1c 0d f8 7a 04 dc 08 3a 09 65 48 2c 4f fc
e7 10 dd 45 48 26 65 37 fd 03 06 47 dd 4e 36 47
20 d8 68 b6 66 f8 51 13 ca 41 f3 c6 7f 19 1a 48
7f 7f 3e bd eb 40 49 25 7f 3c 7f 54 54 06 f5 09
6c d3 1c 6c 1f 2a d7 f0 4e 7f 28 4c 41 21 27 0b
b4 57 52 73 33 39 24 38 7f 53 58 7f 3f 7f 37 7f
eb 37 63 c4 4c 61 1a af 7d 5d 4b cb 6b 02 61 4b
70 4e 0d 27 bd 25 5f ec 43 42 30 16 33 19 30 22
3a 23 db 62 09 e6 61 ed ee 7f 18 23 1f 2a 3f 50
23 41 48 11 18 3f 5f ff 32 1f 37 7f 15 7d 0b 2b
4d d1 f8 15 78 7f f0 0a 52 71 7f 68 f9 39 47 33
50 47 e5 f8 3d 28 7f 1e bc e3 1e 4d 1e f0 d1 f2
31 14 f1 22 7e 19 7f f8 27 e8 1a f7 48 16 55 39
20 77 3b b2 f9 2d 4d 1f 1e 5f 48 35 fd 1e f3 f3
32 14 fc 21 3b 7f d5 03 51 68 25 56 27 32 12 f4
d2 39 28 7f 58 46 44 2c 6e 0c e1 5e 60 32 66 54
fc f9 3e d0 5f 47 2f d9 73 1c e1 aa 29 1f 7f 6f
32 4f 19 2f 14 e9 74 09 7f 53 4e 1f 34 49 ee da
7c 00 bb 7f df 21 ff 00 13 7f 2c 01 23 1e e6 24
ea 3b 32 f6 33 3b 6e 42 54 2a 48 7f 28 7f 00 06
44 db df e7 52 7f 01 b8 7f 47 4e 6a 33 fc 46 7f
51 30 c7 f6 3e 25 7f 27 09 11 21 77 f5 db f3 40
3b 08 fd 45 3a 00 62 e3 1f 3a 1a 40 64 02 21 50
7d 23 1b 87 e0 68 16 39 7f 52 18 24 0c 3b ed 11
3c e3 ec 3e 0e 7f dc e0 24 7f fd 79 48 2b 26 26
d6 05 ee 6f 4a 37 5a 4b ff e6 f3 7f 1b 5a 5a 70
0b d8 70 b8 2b f3 47 c2 e6 15 e9 d9 49 11 6d 7f
5c 7f 01 1b d8 fd 7f 1d 7f 62 78 18 45 0d f7 09
5a f4 06 7f ee f7 ca ee 42 7f 1f 30 27 3a 16 40
ef 2c 5d 66 47 07 51 53 7f 35 65 7f 2f 67 15 7f
30 df 7f c5 5b 7f 2c be 7f 3d 48 5f 5b ff 42 7f
76 3f fc f2 df de 53 14 21 51 58 62 43 07 e5 f2
32 23 d5 35 08 a7 60 02 dd 7f 31 48 1d 1d 17 07
58 30 2e ca 15 63 32 42 2d 16 25 59 2e 45 08 34
1f e2 18 f0 45 7f f3 d2 4a 40 0c 74 17 34 4c 1e
ea 18 e5 f3 51 05 7f 2e eb fc 04 49 e1 4f cd 0a
e4 d9 26 f6 6c e2 7f 08 ea 04 f5 f7 67 18 dd 40
58 7b 32 a6 15 24 40 0a 7f 42 2f 57 43 24 f4 f3
2b 0c 04 76 23 2c b6 37 50 7f 27 4f 11 e3 1f 13
b6 5d 18 71 56 3c 3a 20 7f 27 2a 7b 3d 7f 33 3d
ed 01 39 c1 7f 64 3d cf 7c 31 1e c4 0b 20 5f 56
3c 26 1b f9 be 18 33 f5 7f 44 03 10 33 26 01 eb
3b f3 c4 7f 0e fb 1a e7 f0 7f 1a 02 16 37 3c 2e
1f 4c 1b 0d 51 43 66 fc 31 20 0b 7f f4 7c 2c 31
50 bb 0b 14 7f 7f f5 0a 55 6c 68 67 13 18 45 4b
53 45 dd fc 50 2d 7f 23 c5 0e 20 72 35 f0 f8 f4
36 36 e9 20 5d 25 60 c8 27 4b 1a fc 50 01 22 41
20 7f 39 ae 10 2e 27 27 4b 76 4b 38 f8 12 f4 16
35 13 f8 19 3a 7f d4 01 4d 6d 2b 55 39 26 0e f5
d5 2d ef 7f 50 3c 4f 30 72 0f e9 7b 10 52 3f 66
fe f8 76 bd 45 f5 38 bf 5d 0f e2 ba 3e 05 70 78
4e 7f 1e cf e5 e9 50 13 7f 54 54 11 50 4a f3 dc
31 f2 e0 7f e7 dc e3 fd 17 7f 2d fd 0b 1f fc f5
ea 42 39 1c 1d 14 43 4c 60 2f 45 7f 15 7f 03 0f
5c 05 f4 c1 54 7f 05 c0 77 3a 4e 42 44 fe 48 7f
53 3e e3 f4 3d 38 7f 0c 04 10 42 6e 07 e3 dc 11
51 0c e5 4a 3b fb 61 df 1d 46 0b 3f 39 06 1d 2c
7e 27 0a b9 e2 6a 36 6d 7f 7a 18 6a 12 3d f6 33
42 e5 0f 0f f6 7f dd dd 01 7f f4 7a 70 51 25 2d
fd 2b 0b 6e 4d 46 57 54 00 e9 21 3b 1b 7f 5c 2d
35 d8 2b b6 34 f4 4e ec d7 18 0f da 3a 16 45 7f
5e 7f 05 01 bf 02 7f 2e 7f 65 7f 1c 4a 0d f5 0a
48 da 22 7f d6 fa cc da 7f 7f 19 2e 34 30 12 2d
f2 34 66 4a 48 4c 47 36 7f 46 69 7f 1d 6b 0b 7f
2f d8 7f ca 5c 74 2f b7 7f 5a 57 59 39 ff 60 7f
7f 42 02 fc d2 ee 59 13 26 51 5b 3b 40 08 fb f1
39 24 d1 3d 07 d7 61 18 eb 7f 3d 48 39 1f 3c 3e
57 3a 32 c7 14 65 35 49 2e 19 28 5f 34 49 08 1b
63 ee 18 f0 4b 7f ec da 5a 6c 6e 69 02 35 3d 31
fd 1f e8 f6 71 22 7f 3a eb e0 24 2d fb ed ce f5
de d7 fb f6 61 e5 7f ff ed ea 17 fa 6b 18 2b 48
1a 71 33 b1 15 28 43 12 7f 50 1c 2d 35 18 f4 fb
2d 10 18 3d 2b 2e b2 35 55 7f 2a 52 18 e8 1e fb
b8 7f 1c 7f 69 3f 3e 23 7f 0a 2f 7d 53 7f 54 41
f3 11 36 d1 7f 5b 49 c8 78 12 f6 c8 0f 23 6d 60
40 43 22 19 cb 1c 38 ef 7f 54 27 1f 30 28 02 eb
5b f2 c0 7f d5 ff fd 01 10 7f 3a 0c 1b 39 05 38
fd 51 20 0d 52 1b 67 11 34 23 3f 7f 06 7f 23 1e
3b b9 04 1f 7e 7f f7 ba 55 41 67 74 3e f8 67 50
7f 46 e1 fa 2d 23 62 04 06 10 1e 64 25 ec d6 08
37 37 e5 22 65 eb 63 eb ec 4c 20 0d 41 05 4b 45
47 32 3e 9c 10 17 f6 23 4a 78 4e 3b 00 15 e1 12
37 e8 f2 10 09 7f d8 fe 7d 7e 0a 57 3f 29 0d e4
@01c000
00 f5 00 00 00 00 00 00 00 0a 00 00 00 00 00 00
00 fa 00 00 00 00 00 00 00 e8 00 00 00 00 00 00
00 0b 00 00 00 00 00 00 00 f6 00 00 00 00 00 00
00 fa 00 00 00 00 00 00 00 e8 00 00 00 00 00 00
ff 06 00 0b 00 f6 d7 64 ee 16 00 0d f1 28 f1 e6
fd 0d 00 f5 00 f6 10 dc 1a 25 00 e8 1a 1d 0d 0f
ff fa 00 0b 00 f6 29 64 ee ea 00 f3 f1 28 0f e6
03 0d 00 0b 00 0a 10 dc e6 25 00 e8 1a e3 0d f1
e4 e8 f9 e8 f3 ef d7 d9 28 11 f6 f2 0b 4f 17 2f
0e 11 01 27 19 17 10 0f 66 3f 00 07 1b 11 08 12
e4 18 f9 e8 0d ef 29 d9 28 ef f6 0e 0b 4f e9 2f
f2 11 01 d9 19 e9 10 0f 9a 3f 00 07 1b ef 08 ee
06 b6 bb d3 12 de 37 0d 56 21 1b 04 27 e2 ee 12
8c 1e bc 16 1a ec e4 49 02 57 e6 e5 d6 04 11 ce
06 4a bb d3 ee de c9 0d 56 df 1b fc 27 e2 12 12
74 1e bc ea 1a 14 e4 49 fe 57 1a e5 d6 fc 11 32
e4 f2 4a 09 0a 09 ea 65 10 03 39 01 0f 04 49 d3
05 45 35 15 0d fe 21 c3 b6 13 17 21 2d 1b 22 e0
e4 0e 4a 09 f6 09 16 65 10 fd 39 ff 0f 04 b7 d3
fb 45 35 eb 0d 02 21 c3 4a 13 e9 21 2d e5 22 20
23 32 eb f0 f2 0b e4 b1 06 64 1a ca ee 42 df 62
e9 6a fa 11 18 1d 1d 1c 38 55 f8 3d 3d 00 22 03
23 ce eb f0 0e 0b 1c b1 06 9c 1a 36 ee 42 21 62
17 6a fa ef 18 e3 1d 1c c8 55 08 3d 3d 00 22 fd
00 26 ea d5 25 fa 21 f3 38 f1 01 e6 10 b6 57 52
ea eb f7 4f 29 09 29 44 f4 f1 c8 df 23 2c 16 bd
00 da ea d5 db fa df f3 38 0f 01 1a 10 b6 a9 52
16 eb f7 b1 29 f7 29 44 0c f1 38 df 23 d4 16 43
06 47 58 1c 61 2b f9 6d fd 12 2c 1c 10 f9 2f e2
e6 22 3d 2c 03 1b 2d d4 e3 23 d7 1a 4b 10 70 97
06 b9 58 1c 9f 2b 07 6d fd ee 2c e4 10 f9 d1 e2
1a 22 3d d4 03 e5 2d d4 1d 23 29 1a 4b f0 70 69
18 10 08 d0 3f fa 90 99 2c 72 3e 00 d4 7e e0 68
a0 36 27 24 2c c7 2c 0c 47 45 f9 37 2d f6 02 b7
18 f0 08 d0 c1 fa 70 99 2c 8e 3e 00 d4 7e 20 68
60 36 27 dc 2c 39 2c 0c b9 45 07 37 2d 0a 02 49
14 21 23 0e e7 04 15 f6 39 ee 04 f9 28 d4 6a 42
b8 ec 1f 1b e8 fc 62 2d e0 3f c2 e6 f5 ef 11 93
14 df 23 0e 19 04 eb f6 39 12 04 07 28 d4 96 42
48 ec 1f e5 e8 04 62 2d 20 3f 3e e6 f5 11 11 6d
23 14 66 07 02 34 81 67 2c 0f 33 e1 12 f5 78 db
a5 3e 55 17 f3 c0 6e c0 66 38 b9 37 29 4a 7e 95
23 ec 66 07 fe 34 7f 67 2c f1 33 1f 12 f5 88 db
5b 3e 55 e9 f3 40 6e c0 9a 38 47 37 29 b6 7e 6b
65 ff e5 c4 10 14 0a b4 20 56 7c b9 f2 7f fc 6d
83 ea 0b 2b 2c 81 fe 21 2a 6f cb 6c 0a 2d ec c1
65 01 e5 c4 f0 14 f6 b4 20 aa 7c 47 f2 7f 04 6d
7d ea 0b d5 2c 7f fe 21 d6 6f 35 6c 0a d3 ec 3f
f3 28 2e 04 f4 0e 03 f8 2b e4 1e 10 0d f0 68 4e
ae 17 28 0b e9 c0 37 3f d9 13 c1 e9 2c e3 20 8f
f3 d8 2e 04 0c 0e fd f8 2b 1c 1e f0 0d f0 98 4e
52 17 28 f5 e9 40 37 3f 27 13 3f e9 2c 1d 20 71
ee 1b 50 ef fb 26 a9 46 3b 5c 2a b6 e5 f4 28 61
e6 fd 4d 22 ed b3 5c c9 60 4e d3 42 1b 31 7f 81
ee e5 50 ef 05 26 57 46 3b a4 2a 4a e5 f4 d8 61
1a fd 4d de ed 4d 5c c9 a0 4e 2d 42 1b cf 7f 7f
31 dd ae ca 18 21 1a bd 18 42 5e 8c db 7a c9 5f
9f 14 c6 46 4d bb 20 76 1a 7f d9 7f fd 5d fd ac
31 23 ae ca e8 21 e6 bd 18 be 5e 74 db 7a 37 5f
61 14 c6 ba 4d 45 20 76 e6 7f 27 7f fd a3 fd 54
f3 07 2a ef 4b 30 d9 f8 48 0c f6 f6 53 e6 54 fd
ee 3d 48 25 66 e7 4d 22 d5 1c 81 27 63 25 2b b3
f3 f9 2a ef b5 30 27 f8 48 f4 f6 0a 53 e6 ac fd
12 3d 48 db 66 19 4d 22 2b 1c 7f 27 63 db 2b 4d
e5 1d 7f f8 25 20 ce f6 7f 52 13 0e f6 47 13 66
df 19 1b 31 3c ce 7c e7 62 7f 07 3c 3b 46 7f 81
e5 e3 7f f8 db 20 32 f6 7f ae 13 f2 f6 47 ed 66
21 19 1b cf 3c 32 7c e7 9e 7f f9 3c 3b ba 7f 7f
30 dd ab b8 1a 2b 2a 1b 5b 51 40 fb fd 7f e6 31
be 1d 0f 31 20 c5 0b 7f 2c 7f dd 7f c7 68 ff e8
30 23 ab b8 e6 2b d6 1b 5b af 40 05 fd 7f 1a 31
42 1d 0f cf 20 3b 0b 7f d4 7f 23 7f c7 98 ff 18
f5 ff 0b ee 48 2f a8 f3 3e 27 2e f7 7f a7 4a 01
e1 7a 4a 26 5a f9 1f f6 b6 31 b7 4b 65 de 2f b7
f5 01 0b ee b8 2f 58 f3 3e d9 2e 09 7f a7 b6 01
1f 7a 4a da 5a 07 1f f6 4a 31 49 4b 65 22 2f 49
09 ed 48 08 27 20 c4 0d 7f 76 2b fa 04 64 f0 73
de 7f 15 31 2e 81 3b 14 60 70 e9 40 32 3c 7f 81
09 13 48 08 d9 20 3c 0d 7f 8a 2b 06 04 64 10 73
22 7f 15 cf 2e 7f 3b 14 a0 70 17 40 32 c4 7f 7f
03 f4 e2 0a 1a 26 2b cf 4e 10 34 cf e9 7f 5d fe
b8 37 be ff 1d ee fe 7f 05 49 ea 4b dd 2e 72 ef
03 0c e2 0a e6 26 d5 cf 4e f0 34 31 e9 7f a3 fe
48 37 be 01 1d 12 fe 7f fb 49 16 4b dd d2 72 11
f5 28 40 fd 4e 0c 82 6e 7f 46 12 24 f4 fb 01 db
ee 3e 50 23 45 1d 42 b6 cc 5a c2 f5 39 38 7f c5
f5 d8 40 fd b2 0c 7e 6e 7f ba 12 dc f4 fb ff db
12 3e 50 dd 45 e3 42 b6 34 5a 3e f5 39 c8 7f 3b
d1 f0 f7 ec 19 ff 81 c7 7f 50 12 d3 22 74 eb 69
d5 6a e2 54 7f 95 39 f0 7f 7f 90 7f 05 4c 26 a1
d1 10 f7 ec e7 ff 7f c7 7f b0 12 2d 22 74 15 69
2b 6a e2 ac 7f 6b 39 f0 81 7f 70 7f 05 b4 26 5f
23 c9 07 da 17 e6 48 19 6b 10 40 e5 fb 2e 78 0c
99 46 d2 4d 24 e8 f3 7f f7 4c c7 31 e8 28 7f e1
23 37 07 da e9 e6 b8 19 6b f0 40 1b fb 2e 88 0c
67 46 d2 b3 24 18 f3 7f 09 4c 39 31 e8 d8 7f 1f
d5 fc 7f 01 67 05 b9 66 69 30 53 15 04 eb 7d ba
22 44 69 ef 3f 14 37 bb c2 3c f1 38 20 23 4a 85
d5 04 7f 01 99 05 47 66 69 d0 53 eb 04 eb 83 ba
de 44 69 11 3f ec 37 bb 3e 3c 0f 38 20 dd 4a 7b
34 26 09 bc 0a 10 83 ca 45 38 00 98 df 71 f0 61
e7 7f 10 35 5a 81 56 0f 53 7f c1 7f 52 13 1d 90
34 da 09 bc f6 10 7d ca 45 c8 00 68 df 71 10 61
19 7f 10 cb 5a 7f 56 0f ad 7f 3f 7f 52 ed 1d 70
23 ef 2c dd 12 20 4c 27 36 e5 4c cc 69 2b 7f 22
b6 42 13 72 23 ff f2 4f e9 e7 d1 11 d4 3a 7f ec
23 11 2c dd ee 20 b4 27 36 1b 4c 34 69 2b 81 22
4a 42 13 8e 23 01 f2 4f 17 e7 2f 11 d4 c6 7f 14
e3 23 49 12 7f 11 e3 7f 73 27 34 df fb e4 59 a8
19 6c 31 e6 31 10 30 d1 fd 45 9c 76 38 24 1e a3
e3 dd 49 12 81 11 1d 7f 73 d9 34 21 fb e4 a7 a8
e7 6c 31 1a 31 f0 30 d1 03 45 64 76 38 dc 1e 5d
5d 0f 3e e1 26 fa 81 89 55 65 f9 b6 be 7f ec 59
91 7f f6 28 49 81 3b 3c 42 7f e2 67 13 1e 06 de
5d f1 3e e1 da fa 7f 89 55 9b f9 4a be 7f 14 59
6f 7f f6 d8 49 7f 3b 3c be 7f 1e 67 13 e2 06 22
09 28 38 e3 e8 0c 14 f3 48 03 fb ee 6f fe 7f 5c
b1 10 24 2a f5 f3 0d 32 04 41 a0 ed ec f6 7f a0
09 d8 38 e3 18 0c ec f3 48 fd fb 12 6f fe 81 5c
4f 10 24 d6 f5 0d 0d 32 fc 41 60 ed ec 0a 7f 60
30 2f 58 08 09 19 81 73 5f 1f 32 d1 1c f8 4e cb
c1 41 46 3c 21 b2 6c c4 61 71 b0 3e 1c 26 7f 81
30 d1 58 08 f7 19 7f 73 5f e1 32 2f 1c f8 b2 cb
3f 41 46 c4 21 4e 6c c4 9f 71 50 3e 1c da 7f 7f
66 00 1f af 18 39 b0 b2 44 53 54 81 db 7f 27 56
81 4f eb 38 30 83 31 21 2f 7f bf 4b 0d 3f bc cb
66 00 1f af e8 39 50 b2 44 ad 54 7f db 7f d9 56
7f 4f eb c8 30 7d 31 21 d1 7f 41 4b 0d c1 bc 35
ed 28 7e 03 e1 1e 16 f6 16 e6 1e 0d 3e 21 7f 40
da 05 3d 1f e1 b7 44 45 dc 15 b8 f4 28 e9 54 89
ed d8 7e 03 1f 1e ea f6 16 1a 1e f3 3e 21 81 40
26 05 3d e1 e1 49 44 45 24 15 48 f4 28 17 54 77
e5 1e 52 e3 fd 11 a4 66 53 16 28 c0 ec f3 42 5f
e9 30 33 27 18 a6 5a c5 60 40 cd 50 1b 37 7f 81
e5 e2 52 e3 03 11 5c 66 53 ea 28 40 ec f3 be 5f
17 30 33 d9 18 5a 5a c5 a0 40 33 50 1b c9 7f 7f
33 0d ee be 31 34 16 a6 3a 44 45 81 d5 7f ea 4f
a1 26 d8 53 58 bb e4 76 3d 7f d9 7f fc 63 eb a9
33 f3 ee be cf 34 ea a6 3a bc 45 7f d5 7f 16 4f
5f 26 d8 ad 58 45 e4 76 c3 7f 27 7f fc 9d eb 57
f4 08 6c 37 1e 37 e1 fc 27 0f e1 0d 39 fb 55 fc
f2 2d 51 0a 2a da 50 20 d4 0f 99 13 18 18 31 8e
f4 f8 6c 37 e2 37 1f fc 27 f1 e1 f3 39 fb ab fc
0e 2d 51 f6 2a 26 50 20 2c 0f 67 13 18 e8 31 72
dc 1b 7f c8 2b 05 b2 1c 7f 7a f4 0c f8 f5 17 42
e3 27 51 23 4b ae 31 c1 61 7f ed 41 39 3c 7f 81
dc e5 7f c8 d5 05 4e 1c 7f 86 f4 f4 f8 f5 e9 42
1d 27 51 dd 4b 52 31 c1 9f 7f 13 41 39 c4 7f 7f
0b dc e7 c0 0b 51 03 01 47 51 50 f1 e5 7f d7 2e
a0 42 e5 4c 42 c3 35 7f 2f 7f f5 7f e3 6a 00 e4
0b 24 e7 c0 f5 51 fd 01 47 af 50 0f e5 7f 29 2e
60 42 e5 b4 42 3d 35 7f d1 7f 0b 7f e3 96 00 1c
f4 ef 34 da 57 1f a9 f6 43 0a 1b f6 7f d7 5a fa
e2 7f 4d 2e 69 f8 63 f6 b2 12 c6 2d 66 ee 2e d3
f4 11 34 da a9 1f 57 f6 43 f6 1b 0a 7f d7 a6 fa
1e 7f 4d d2 69 08 63 f6 4e 12 3a 2d 66 12 2e 2d
d6 18 4b ff 2a 23 c0 0d 62 78 34 0b 18 5b 10 74
b5 32 14 3a 1c 81 5b 1f 63 7e fe 48 33 3f 7f 81
d6 e8 4b ff d6 23 40 0d 62 88 34 f5 18 5b f0 74
4b 32 14 c6 1c 7f 5b 1f 9d 7e 02 48 33 c1 7f 7f
@01e000
00 00 00 00 00 00 00 00 00 00 00 00 00 00 00 00
00 00 00 00 00 00 00 00 00 00 00 00 00 00 00 00
00 00 00 00 00 00 00 00 00 00 00 00 00 00 00 00
00 00 00 00 00 00 fb 00 00 00 00 00 00 00 00 00
00 00 00 00 00 f5 00 00 00 00 00 00 0b 00 00 00
00 00 00 f2 00 00 00 00 00 00 1d 00 00 00 00 00
00 00 00 00 00 00 00 00 e1 00 00 00 00 00 ef 1a
00 00 00 00 00 00 0d 00 00 00 00 00 00 e9 00 00
00 00 00 00 ef f9 00 00 00 00 00 03 e9 00 00 00
00 00 f7 28 00 00 00 00 00 00 11 00 00 00 00 00
ee 01 00 00 00 00 f7 00 27 00 00 00 00 00 25 1b
00 00 00 00 00 0f 11 00 00 00 00 00 f7 e9 00 00
00 00 00 1a 07 f3 00 00 00 00 e9 f5 f0 00 00 00
00 00 f3 56 00 00 00 00 ea 00 04 00 00 00 0a f4
2f e4 00 00 00 00 06 f5 f5 00 00 00 00 f3 3f e9
00 00 00 00 f5 f0 1e 00 00 00 00 ff 18 37 00 00
00 00 f7 66 ee eb 00 00 00 00 e3 74 f1 00 00 00
f4 fa eb 10 00 00 fb 00 0f 1a 1b 00 00 00 16 0b
12 35 00 00 00 0d ef 12 e1 00 00 00 f7 f3 57 2d
00 00 00 f2 0e 12 45 00 00 00 ed ed 2d f0 00 00
00 00 17 02 21 eb 00 00 64 f7 1e fb f3 00 ef ee
f2 e4 09 06 00 00 0d 19 49 f0 00 00 00 29 11 27
e8 fb 00 00 ef 08 e3 0a 4f 00 00 fd 27 1c 13 3d
00 00 0a 28 fc e3 6a 00 00 00 f3 06 f8 ed 00 00
1a 01 f1 e3 3d f0 0b 00 e9 1b fc 17 e3 00 25 ee
32 4a 0b 38 00 f4 11 1a e5 08 2c 00 0b 29 21 0f
62 f8 00 1a 07 11 f5 f5 0d 00 28 0e 16 eb 55 23
00 00 11 56 ff 21 f1 00 ea 00 fc ed 10 21 0a f4
e7 e4 fe 38 eb e1 fb 0d 0d 39 e4 16 e8 10 3f 2a
20 f1 fb fd f5 17 1e 0d 1c 38 10 ff ef e6 03 f2
52 3d 0a 66 ee 22 32 25 e1 00 4f e1 15 ed f4 4b
0f fa 22 10 36 e2 22 00 0f 1a ee 23 2b fa 16 0b
f2 35 1d f6 1a fe 18 f2 65 1a 4a 1a ea 10 57 e8
fd f0 2b 2c 0e f2 45 18 44 29 f7 ed e8 16 64 10
ed 27 f0 02 21 22 26 61 67 f7 ed 05 11 e9 23 2d
12 e4 f8 06 1a e7 36 ef 49 f0 00 00 ed e1 11 27
2d fb 09 ed 37 f3 4a f7 e3 01 07 60 ee ed 13 e5
43 58 fb 39 fc 49 6a 29 e8 07 f3 06 09 1c f4 10
68 1f 14 e3 3d 16 47 3f 0a 1b 04 f0 4f e8 45 f7
e7 4a f7 38 ed 20 f1 ee e5 08 e8 06 30 15 21 0f
e1 f8 1b 47 ee e1 0e 0e f5 2c e1 48 f0 21 55 eb
69 08 04 2c ff eb f1 03 0c 3e 4a ed f3 eb 12 e8
42 55 02 38 eb 70 10 ef e1 39 42 f0 2c e8 3f 29
ec f1 06 fd 00 e1 3e f5 1c 38 f3 18 f5 e1 03 f2
e2 3d e5 ec 37 14 e7 ea 6d 3e 2c 5b e8 1d f4 e3
49 23 34 20 36 57 22 2c 2d 47 2d 23 e8 07 72 28
ea 0b ed f6 1a 02 21 02 4c 1a e3 ee 24 e1 38 0a
03 f0 e8 2c 07 e1 f0 ef 44 29 0a 14 fa 0a 64 10
1e 27 fc 66 6c ec ea e2 e1 04 0b 7d f7 29 23 e8
6d 66 14 2b 1a 2f 36 ef e4 35 ed 00 1c 70 f2 12
6d 28 f8 ed 37 11 14 10 08 01 fa e2 1b e1 6f 2c
e4 58 06 39 1f 04 17 e9 e8 07 11 23 3c 03 f4 10
e1 1f e4 2a f0 e1 e3 e4 f7 33 e1 52 eb 2d 45 0b
6b ee 0e 3b ed ec f1 f5 21 3f 31 06 e7 f1 0f f5
4e 4d ee 47 ee 7e ff f6 e4 2c 7e e3 17 02 13 1b
e1 08 fc 2c 47 e1 fd fd 0c 3e e3 65 fc e2 12 e8
e4 55 e1 e9 42 03 f3 19 67 7c 10 1a e4 2c 3f e9
3f 2e 26 18 00 6a 3e 2c 3f 2d 5d 18 0e 7f 56 0d
61 e5 39 ec 37 f1 28 fb 43 3e e8 e2 2b e6 4e fd
e3 23 e6 20 f3 e9 14 e8 2d 47 e8 f5 11 1a 72 28
25 0b e4 60 7f e8 eb fe e3 1e 0c 61 ea 62 38 f7
71 50 21 48 07 78 f0 f0 e6 27 25 14 07 f7 ed ee
5f 48 04 66 6c 20 1b 18 08 04 f7 e1 0b e2 7f 63
e1 66 f1 2b 4a 37 3d 18 e4 35 1d f2 36 e9 f2 12
e1 28 e3 1a 27 e1 f1 f3 f9 2a e1 12 e7 6e 6f e8
7f e2 30 7f 1f fc 17 f2 76 7f 46 23 e5 fd 5c ea
fd 1b 40 2a f0 7f eb 4b 0a 33 7f e2 22 ec 1c 3b
e1 ee f5 3b 74 e2 19 0d 21 3f e7 31 11 e7 0f f5
e3 4d e4 e8 3c 01 01 0c 46 5e 1a 21 e7 fe 13 ee
54 2a 20 5b 47 68 fd 4d 22 fa 68 65 04 57 42 53
66 0f 7f e9 42 fd 07 25 ee 7c f3 ee 46 e3 7f e5
e4 2e ea 18 0a f2 1d e8 3f 2d e2 f5 08 2a 56 0d
e2 e5 ef 62 7f e7 e9 05 e4 f7 e3 42 ea 37 4e 03
4d 7f 2b 3e f3 28 14 66 ef 23 eb f5 f3 ee 0c f7
31 4a 40 60 7f 2b 1d 1a 0d 1e f6 e2 25 e1 7f 65
e1 50 eb 48 f5 1a 7a 17 e6 27 ea ee 48 e2 ed ee
e2 48 e7 2c 4b e1 ee ef f9 13 e1 1f e7 5c 7f e1
7f e2 2f 7f 4a e6 3d 3c 7f 49 3c f2 e6 27 52 fd
01 15 4d 1a 27 7f eb 48 f5 2a 7a f2 31 f7 31 32
e1 e2 e7 7f 05 e3 7f 13 76 7f e4 30 12 e5 5c ea
03 1b e5 e3 40 e1 23 e3 f7 40 59 22 01 20 1c e5
18 0b 20 4e 74 54 19 20 f7 17 2e 31 f3 32 51 7f
73 e4 45 e8 3c ff ff 27 31 5e ee eb 31 ec 70 eb
e2 2a ec 5b 09 10 37 e3 22 fa e1 f7 f9 2b 42 53
e1 0f fa 60 4b e1 fa ea 1b 2e e1 48 eb 4d 7f 39
49 48 26 7f 0a 13 1d 5a 14 16 38 f5 f9 e9 27 04
fe 50 19 62 7f 2f f2 1a e1 f7 47 e4 26 e5 49 39
e3 7f e8 3e 06 e2 3e e1 ef 23 22 09 f7 e1 0c f7
e7 4a e1 05 f7 ea ed ee f5 2b e1 12 e2 7c 7f e1
7f ed 0c 7f f5 ee 7a 2e 7f 3e 4c ee e3 58 76 f0
ea ed 32 2c 4b 7f f6 4e 39 13 7f ec 31 02 5a 05
e1 e2 e7 7f 31 ff 6a e5 7f 49 e5 03 03 e1 52 fd
ff 15 f2 e6 7f e1 23 e3 0d 34 05 2b e3 0b 31 e7
11 40 ff 6b 05 4a 7f 1d e3 70 28 30 f2 3c 10 f6
69 e8 3b e3 40 72 28 19 ef 40 e2 eb ff e4 7f ef
ef 0b ec 4e ea 15 46 ec f7 17 e8 f7 14 48 51 7f
e1 e4 1d 7f 31 e3 01 e9 e7 12 e1 67 11 1f 70 23
3b f8 ee 69 09 f3 37 45 f3 39 23 f7 08 e8 46 22
0c 69 07 60 4b 7f f3 17 e1 2e 64 e3 23 e5 4c 20
e3 48 ea 7f 2d e1 44 e2 14 16 e6 e7 26 e3 27 04
02 50 e1 f8 38 ed 13 ee 6e 12 e8 eb e6 3b 49 e5
5f 07 05 45 06 5d 3e 7f 7f 0f 13 09 0a 7e 50 fb
e4 10 7f 05 f7 26 e6 67 36 2b 7f f2 54 0d 3c 52
e1 ed f6 7f 1b e1 7f e8 7f 3e e3 23 ff e1 76 f0
25 ed ef e5 7f e1 0c e3 e5 40 15 19 e1 fe 5a fb
1f 7f 10 36 31 01 6a 24 e4 3f 3a 03 fd 7f 10 04
61 13 12 e6 7f 7f fc 0a e9 34 fb e8 4d e6 7f e8
f3 40 01 6b f1 10 42 ed e3 70 e9 e8 44 4c 10 f6
e1 e8 14 53 11 ed e9 ef 19 53 e1 4a 1a 42 7f 18
7b 09 20 73 ea f1 46 3f 0f 2f 24 f7 f1 e3 30 eb
22 31 ed 7f 31 4a 26 12 e1 12 74 e1 f3 e2 ef 38
e5 f8 1a 69 68 e1 6c e4 f3 39 eb 34 23 ed 46 22
f6 69 e1 f0 76 fb 10 f0 66 00 e8 ef e9 39 4c ec
70 2c 11 55 2d 78 44 5a 4f 64 1e e7 ea 47 38 69
e2 f7 6b f8 38 1d f3 7f 77 12 2e 22 35 0e 45 13
e2 07 fb 45 34 e2 7f e1 7f 0f f2 23 f2 e1 50 fb
46 10 ff fd 67 e1 37 e1 e6 4c 1c 6f e9 f5 3c e2
14 49 fb 48 1b 7d 7f 23 e7 1e f7 23 01 7d ee fb
59 24 18 e5 7f 7f 23 26 0d 40 f1 ef 72 e7 7f f1
ec 7f f3 36 21 14 10 ea e4 3f e5 ed 1f 14 10 04
e2 13 10 42 f2 e1 04 f7 27 34 e1 4f e5 37 7f 2c
5d 3e 0c 5f f1 f3 42 31 3c 60 26 e8 e4 e3 27 e4
5c 46 f1 53 11 1e 0f ef e1 53 71 e3 ee e5 41 1c
e1 09 ec 73 4a e1 41 e4 0f 2f ea 5d 1d e1 30 eb
eb 31 e1 04 3e 44 ea f2 7f fa 02 3f e6 56 ef e6
22 38 19 44 68 7f 6c 49 32 50 3f 34 eb 1d 65 6f
e6 f1 7f f0 76 06 28 09 4e 00 2b 19 28 f5 71 0d
e1 2c f3 55 12 e3 4f e2 4f 64 ed 09 f9 e3 38 69
58 f7 f5 61 4b e2 11 e1 e1 fb 08 7f ec f5 45 f2
60 58 39 16 34 59 7f f7 e5 41 f0 23 12 7f 03 1c
56 3d 01 fd 67 7f 2f 18 0a 4c ed e1 2a e1 7f 28
f1 49 06 48 2f e9 05 eb e7 1e 0a 30 51 16 ee fb
e2 24 e3 2f f6 e1 eb ea f5 32 e1 26 e9 30 7f 14
7f 1f 1e 53 21 f1 10 21 21 48 37 ed ec f1 1f ea
40 33 f3 42 f2 7f 00 ec e1 34 7f e3 3c e7 15 1b
e2 3e f6 5f 7f e1 30 e7 3c 60 ea 66 fd e2 27 e4
e2 46 e1 ea 50 15 f4 18 73 54 eb 17 e2 3b 41 ed
35 7e 11 3a 4a 7f 41 30 45 33 63 5d ed 7f 53 3e
5f e9 7f 04 3e e4 28 fd 5a fa fe e4 38 e4 40 fc
eb 38 ef 44 f5 e4 26 e3 32 50 e4 f2 1d 16 65 6f
35 f1 e3 60 7f e7 e9 f8 e3 1e 0d 5f f7 0d 71 f5
77 52 34 27 12 4e 4f ec e5 27 18 09 08 50 ee f1
4f 51 0d 61 4b 54 1e 31 04 fb f9 e1 1f e2 7f 18
e2 58 e5 16 40 16 2d 0b e5 41 17 ee 42 ec 03 1c
e2 3d e2 3d 13 e1 e7 ef f7 28 e1 0e eb 6c 7f e9
7f f2 37 7f 2f 27 05 18 76 67 3c 30 e3 f0 16 e8
fc 51 4e 2f f6 7f 0d 1e ed 32 7f ea 27 1c 0f 39
e1 1f ed 53 7f e2 27 eb 21 48 e6 33 e6 e3 1f ea
e4 33 e4 e8 41 00 00 1f 66 45 05 1d e3 31 15 ee
57 6c 05 47 7f 7f 30 58 20 13 6a 66 03 5c 44 39
42 ee 7d ea 50 f1 08 2b ff 54 21 f0 53 e3 7f ed
e6 7e f3 3a f5 f0 42 e7 45 33 e1 f6 38 03 53 3e
e2 e9 ea 61 7f e8 e9 03 e2 ec 0b 60 e8 44 40 04
72 7f 51 43 f5 42 26 2a e4 0b f2 f2 ed f0 0f f9
2e 4d 49 60 7f 31 1b 0b 0a 1e f5 e2 0a e7 7f 66
e1 52 e6 27 f6 29 7f 1f e5 27 ef ea 40 e2 ee f1
e3 51 e2 2f 2d e1 ed e7 fc f6 e1 1e e5 5a 7f ef
7f ef 1f 62 40 f0 2d 4b 7f 3a 3f ee e4 1f 7a ee
fb 14 5a 3d 13 7f ea 57 f5 28 7f f5 23 e6 12 33
e1 f2 e6 7f 0f e2 32 ef 76 67 e5 0b 26 e4 16 e8
@020000
00 f5 00 00 00 00 00 00 00 0a 00 00 00 00 00 00
00 fa 00 00 00 00 00 00 00 e8 00 00 00 00 00 00
00 0b 05 00 00 00 00 00 00 f6 00 00 00 00 00 00
00 fa 00 00 00 00 00 00 00 e8 00 00 00 00 00 00
ff fb 00 0b 00 f6 d7 64 da 16 f3 0d f1 28 f1 d6
fd 0d 00 f5 0b f6 10 dc 1a 25 00 e8 1a 1d 0d 0f
ff fa f5 0b 00 f6 29 6f ee ea 00 f3 f1 28 2c e6
03 0d 00 0b 00 24 10 dc e6 25 00 e8 1a e3 0d f1
e4 10 f9 e8 f3 ef d7 d9 4f 11 1b f2 0b 4f 17 1f
0e 11 01 27 09 17 08 0f 66 3f 00 08 1b 11 08 12
e4 18 ec e8 05 ef 29 e0 28 f2 f6 0e 0b 4f fa 2f
e4 11 f9 d9 19 04 10 1e 9a 3f 00 07 0e ef 08 ee
06 0c bb d3 12 d4 37 0d 4d 21 5a 04 1e e2 ee 49
8c 38 bc 16 0d ec d9 49 18 57 f0 d2 d6 0f 11 c3
06 4a a8 d3 06 de c9 1a 56 d6 1b fc 27 e2 16 12
7f 1e c2 ea 1a 04 e4 3c fe 56 1a e5 dd fc 01 32
da 02 45 23 0a 14 ea 72 fc 03 7f 01 1d 04 5c c6
05 7f 35 15 01 fe 12 c3 aa 13 2d 56 2d 0d 22 d5
e4 03 2e 09 23 09 0e 7a 10 71 39 fa 0f 04 d2 d3
0d 45 28 eb 05 2f 21 d5 4a 05 e9 21 1f e5 0f 20
18 38 f8 e3 f2 32 e4 b9 55 67 2d ca ea 42 ec 54
e9 6c fa 1a 0d 0f 26 1c 1b 55 09 38 30 f7 22 1f
23 f6 cc f0 07 0b 33 c6 6a 97 0d 23 ee 5b 21 7f
06 6a e7 ef 3f 20 14 09 c8 5b 08 3d 5e 00 40 fd
32 5e fb dd 1c 09 21 04 45 e6 56 e6 0f b6 5b 73
04 d8 02 3d 16 fb 34 3a 0f f1 e9 d8 2a 37 3e ae
00 30 f9 d5 eb f0 d3 03 28 26 26 64 10 d0 d5 7b
78 d9 ee b1 3f 1a 1c 65 fc e3 42 de 60 d4 12 43
26 44 76 54 72 20 03 7f e9 31 22 17 46 f9 41 dd
d5 5a 38 11 f2 45 28 eb d0 22 da 57 3d fa 7f 89
15 c9 43 36 ca 36 05 7f 0a 04 6b d8 1b 06 e1 d0
6c 03 6f d4 18 30 18 c1 2c 46 3f 36 3c fd 5d 79
15 3c 4d f9 57 0a 83 bb 7f 6d 61 ed ee 71 e0 54
95 2d 3f 12 1c b6 57 01 2b 37 5d 5e 4e d8 f4 a7
2a f6 ee c3 b3 21 7f 9b 7f a8 7f f3 c9 7f 18 7e
52 34 4d d4 3d 66 34 fb 02 45 18 1d 47 ff 4c 59
57 5a 7f 15 df 14 29 0c 43 fe 49 43 1a c6 7f 57
e5 de 69 1a da ea 5d 76 f8 45 b8 05 32 d3 15 82
03 17 32 16 49 13 f4 03 26 72 17 5f 2c fd 8b 5e
7f 09 66 00 37 fc 6b 4d 0e 45 5f eb 2c 09 18 5f
7f 40 5a 45 0f 23 83 7f 18 1f 72 d5 12 ec 7f c7
91 7f 63 ff e6 b1 72 b1 5c 2a cb 7f 1a 5b 7f 84
14 e9 4b 3f f5 29 7f 7f 23 39 7f 27 13 f8 d2 cc
7f 24 65 22 1f 69 69 ac b6 50 4a 3f 1b c4 6a 7f
7f 1f 07 0b 28 3c fc b6 6c 68 7f ac f9 72 f3 77
80 db fa 10 1b 80 32 78 12 7f 3d 77 24 2b d9 ad
68 2d f5 ed eb 24 e4 a5 7f 05 72 6a d8 7f 31 74
6d f4 2c ef 50 7f 16 0d 1a 7f 7f 51 41 c3 18 5c
60 53 64 39 e1 20 fc 09 33 02 7f 68 2c e0 5b 51
cc 7d 18 07 e1 af 4b 6e f5 13 b6 11 63 d6 1b 80
e0 11 1e 0b 48 1e f9 0c 17 7f 41 56 fb e3 8a 7f
7f 2a 3c f6 04 6c 32 43 16 36 35 d2 7f 0a 2b 7f
59 56 44 2e 14 1d 9b 7f 28 79 3d be 2c f1 45 4e
d2 27 3a 09 de be 6a ba 4b 54 e2 7f 0d 3b 7f 83
da 11 53 2d 01 15 44 65 33 f6 6f 3c f8 eb 09 55
68 e0 4c 0a 04 68 60 b5 ac 7f 3f 2e 0e bc 6b 7f
70 f5 ec f7 0d 2e 53 b1 5b 60 7f af d0 69 e1 79
8c 04 bb 27 3a ab 46 7f fe 7f 2f 6d 34 62 ec 9a
1e 43 9f 11 f9 49 d2 ba 7f d8 7f 7f db 7f 7f 7f
7f 28 ee f8 78 42 3a 66 13 76 7f 61 3f bc 0d 7f
64 4f 1d 16 45 22 dd 18 50 2b 75 5c 7f fe 41 ed
13 7f 39 12 56 df 6e 7f ef 30 80 6f 7f 14 23 a0
df 24 0f 24 eb 42 14 10 35 55 2e 5a 4d d9 d1 f5
71 1e 63 df 71 7c 5c 59 18 11 74 1e 7f d9 37 7f
64 7f 7f 77 40 10 0e 75 7f 70 2f 00 6a 54 2c 55
cb 33 0f 1a 2b bd 7f e3 43 7f 63 57 2e 29 7f 80
d1 1e 6e 37 ec 17 1f 15 79 c0 7f df e2 3c 33 63
1e 02 0c 02 5e 6d 7f d4 bf 7f 08 25 62 af 6b 7f
7f 38 a8 b3 16 7e 7f 18 4d 63 7f 29 07 6e 04 5b
ab 0c 10 13 0f b7 2b 7f 17 7f 1f 7f 09 52 f4 d5
1d 3b 98 e5 ee 38 c3 1a 7f d0 53 2f e0 7f 7f 7f
7f 34 16 4b 66 29 21 74 13 76 79 62 03 a4 19 16
42 3d 1f 11 55 27 e8 1e 4b 45 7f 47 76 be 60 ee
ce 7f 3a 2f 4a fc 4a 1e c7 28 c3 7f 7f cc 26 a3
e1 49 ec 15 00 21 4b 0c 2b 1b 7c 7f 7f 0d a7 f3
50 5c 67 f8 7f 6c 34 10 38 23 3b 66 7f 27 1c 7f
7f 6c 7f 51 41 1d 11 7f 76 7f 5c e7 09 77 0c 61
cb 7f 07 23 1d 80 6a 02 41 65 3b 55 59 1f 7f 80
f5 7f 29 7f eb 10 2b 2c 79 a9 7f f3 e7 7f 4c 7f
23 6d 06 f9 5f 7f 54 01 16 7f 73 23 7d b7 6b 7f
1b 42 fb 21 27 7f 70 ce 7f 25 7f f9 f2 6c 7c 29
bb 24 e1 e3 1e dc 1e 7f 0e 7a 3b 38 19 17 64 e0
f0 67 c8 05 e0 79 c3 ee 46 12 50 3c ca 7f d1 30
7f 4f bd 5f 4e 03 12 7f 1d 41 58 39 1d bf 7f 31
3e 7f 5d 13 55 10 9b 7f 6b 62 5b 7f fa e7 ec c7
da 7f 4b 0b 36 56 68 c9 bd 51 e9 45 7f 26 7f b3
e2 16 25 20 aa 04 79 7f 7f 02 7f 24 eb 55 37 cb
10 1f 45 d5 6b 1c 5a a3 27 63 4a e9 7f b8 6b 7f
50 6f 71 2a 36 f2 b3 46 7f 64 6c c0 53 62 06 55
c4 6f d4 3c 6c 81 45 e2 60 71 06 71 50 2f 7f a3
bd 7f d8 35 ea fc 6b dd 76 c2 7f 1f 2d 7f 61 7f
1b 52 d9 bf 7f 70 52 ef 00 7f 7f 62 fd a6 12 7f
34 34 7f 4a 25 dd 7f 7f 5e 25 7f f0 eb 1f 7f 54
98 34 f5 33 11 d7 f2 7f 14 7c d7 20 28 17 6c ce
16 7f eb f1 fd 65 ad 38 78 1b 71 5b f6 4b b0 48
7f 63 fa f3 23 0b 07 7f 01 44 7f 22 67 c5 7f 2a
10 65 7f 3a 60 27 c0 7f 55 4d 7f 5d 31 d8 7f a7
0e 7f 6a e1 50 37 29 b0 cf 34 37 7f 6b 13 7f 80
c2 7f 63 17 bf 09 64 7f 58 37 7f e4 fc 30 a6 a9
ea 26 5e 3f 62 0c 4d a7 52 2b 36 54 51 cd 36 7f
7f 6b 47 cb 01 0b 02 f0 7b 46 3c 8a fa 60 0d 4d
e9 78 23 27 48 80 5b 6c 34 7f 11 7f 4a f4 7f 9d
20 59 ea fa f5 03 69 dd 7f b9 49 6f da 7f 23 7f
06 7a fe f6 7f 7f 60 fb 2c 7f 7f 62 7f df 0c 7f
42 25 7f 1c 15 24 5e 7f 26 fd 7f 0c 5d 1d 7f 6e
db 30 1f 56 0f fa 02 50 05 ea e1 24 53 31 7a da
18 7c 10 4d 32 17 a7 46 24 34 7f 7f 50 4f bb 7f
7f 5c 0f c2 70 f0 f1 5f 04 d6 3f 24 53 b3 7f 12
5e 7f 7f 41 7f 02 d5 7f 5f 46 27 d8 63 d1 6e 9a
05 7f 21 c8 4b 28 50 c5 f1 3d cc 7f 69 16 7f 90
d1 46 2a 4b a4 33 31 7f 7f 23 7f 2a 11 23 cb 95
09 4d 57 2c 26 28 1e bd f8 79 7f 7f 49 cf 0a 7f
7f 64 7f 45 3c 63 ec a6 7f 50 3e bd f2 6b fa 45
88 72 06 28 39 80 4c 7f 25 6e 1a 5f 4b ff 34 ec
4a 36 1f f0 cf f5 6b 8e 7f 8e 45 76 a6 7f 32 7f
5c 7f eb ea 7e 7f 40 29 3d 7f 6e 48 7f d5 f5 5b
1d 70 7f 01 e7 07 2c 72 55 14 7a 6d 7f ee 7f 70
f7 0d 5b 0d e5 e0 08 7f 1d 64 92 11 6b e0 73 8f
fa 0e 2b 22 37 10 eb 12 36 6c 37 5b 5d 21 80 7f
7f 2b 47 16 67 01 1a 46 e9 33 70 e0 53 f6 7f 57
7f 7f 7f 68 25 06 80 7f 4b 3c 73 da 66 e5 64 b7
ae 7f 4a 22 0f de 78 b9 46 60 d7 7f 2d 37 7f 80
1c 44 3c 37 14 0a 7f 7f 7f 30 7f 6d 2b 29 d8 b8
7f 23 55 17 13 6a 7f b0 ae 7f 7f 30 11 d2 6b 7f
7f 44 7f ff 2d 7f 2f b8 7f 42 7f ad ed 6c 3a 43
80 53 db 3e 1e 80 4a 7f 16 7f 24 3f 7f 37 e7 c2
52 55 02 13 e2 7f 3c 96 7f ec 47 7f bc 7f 18 73
6d 5f 13 c8 58 7f 3e 0e 20 7f 79 32 4b b6 be 7f
4d 3e 7f 44 d3 3a 17 75 20 05 7f 56 6d 12 76 56
32 66 4e 24 d2 ac 7d 7f f7 38 bb 31 7f d8 46 80
e1 20 79 21 70 19 e1 14 02 7f 63 4b 24 19 80 7f
7c 08 6c 2d 0b 71 3f 35 13 45 3a fd 73 03 5c 6e
64 71 62 2b 11 01 99 7f 3f 33 3d fe 6b e2 58 4c
d6 5f 24 0e 08 ba 78 b9 4b 32 ec 7f 10 4b 7f 80
d2 41 39 43 00 fe 49 7f 4a 10 7f 5f d7 14 f5 53
57 14 33 0d 54 75 64 b1 dc 7f 5a 3a 12 b9 6b 7f
68 47 2f f1 44 72 7f 93 7f 60 7f b9 cc 6c 06 65
8e 16 ce 35 45 ad f5 7f 21 7f 2c 6f 3a 66 e9 96
24 37 d8 0e ec 7f d6 97 7f d3 7f 7f b8 7f 79 7f
7f 22 00 a8 7f 41 f5 63 f5 74 7f 63 4c b5 dc 7f
6b 2f 7f 5e 17 2b ee 50 2b 2e 60 65 79 06 45 ed
27 7f 41 f7 22 d1 7f 6e ef 18 8b 64 63 ff 2b 80
e1 0e 54 78 24 53 0c 15 14 50 52 45 2b ec c3 4c
5d 0f 6f f1 49 3e 6b 36 1a 01 6a 22 7f e1 3e 7f
5b 7f 7f 2f 48 f4 00 7f 71 7f 03 2b 77 e6 31 2f
d0 64 40 0c 3c 9e 68 e8 42 7f 03 7f 30 29 7f 9d
c8 38 68 10 c3 f5 3b 3b 77 94 73 e9 df 0d 25 35
19 0e 5e 0f 72 7f 44 ae c0 7f 32 26 4c b7 6b 7f
62 23 17 d3 08 7f 7f f5 46 61 7f 6f dc 6e f6 31
8d 31 e5 30 2f b5 3a 7f 1b 7f 39 71 33 52 21 d1
f9 5e cb f3 2d 7f ea 01 7f cc 65 7b c6 7f 7f 7f
7f 58 ed 08 7f 2f 42 72 16 76 5e 66 24 b5 05 4d
66 32 5a e5 6a 19 f2 27 4d 28 7f 48 76 f6 6b e7
cf 7f 3d 42 58 fc 7f 38 ce 07 d5 7a 7f e5 25 c2
e0 38 15 01 e9 13 47 0e 30 56 5b 7f 7f 01 9b ed
4c 61 68 f0 73 6e 7d 1f 3c 02 2c 44 7f 15 39 71
55 7a 78 39 46 15 1a 7f 59 7f 46 00 27 4e 2b 61
a2 61 06 44 0a 80 7a 12 44 70 78 5c 46 21 7f 80
c2 67 32 66 fc 12 2d 2c 5e a6 7f e8 fc 7f 2f 7f
46 17 04 ee 3f 7f 75 0c 13 7f 18 2b 60 b0 6b 7f
@022000
00 00 00 00 00 00 00 00 00 00 00 00 00 00 00 00
00 00 00 00 00 00 00 00 ef 00 00 00 00 00 00 00
00 00 00 00 00 00 00 00 00 00 00 00 00 00 00 00
00 00 00 00 00 00 00 00 00 00 00 00 00 00 00 00
00 00 00 00 00 00 00 00 00 00 ee 00 00 00 00 00
00 00 00 00 00 00 00 00 25 00 00 00 00 00 00 2c
00 00 00 00 00 00 f7 00 00 00 00 00 00 1a 00 00
00 00 00 00 28 00 00 00 00 00 00 00 00 00 00 00
00 00 00 00 00 00 00 00 00 00 2f 00 00 00 00 00
00 f5 00 00 00 00 00 00 3f 00 00 00 00 00 00 fb
00 00 00 00 00 00 18 00 00 00 00 00 00 66 00 00
00 00 00 00 4f 00 00 00 00 00 00 fa 00 00 00 00
00 00 00 10 00 00 00 00 00 00 12 00 00 00 00 00
f7 12 00 00 00 00 00 00 57 00 00 00 00 00 00 16
00 00 00 00 00 00 2d 00 00 00 00 00 00 18 00 00
00 00 00 00 ed 00 00 00 00 00 00 e4 00 00 00 00
00 00 ea e8 00 00 00 00 00 f4 e8 00 00 00 00 00
fb 0a 00 00 00 00 00 f3 13 00 00 00 00 00 f5 e8
00 00 00 00 00 ff eb 00 00 00 00 00 f7 e2 00 00
00 00 00 00 04 00 00 00 00 00 0f 45 00 00 00 00
00 00 0f f8 00 00 00 00 00 0b 7f 00 00 00 00 00
10 f5 00 00 00 00 00 f9 55 00 00 00 00 00 0e 21
00 00 00 00 00 ed 1d 00 00 00 00 00 17 1b 00 00
00 00 00 f7 5b 00 00 00 00 00 12 f9 00 00 00 00
00 00 49 17 00 00 00 00 0a 27 7b 00 00 00 00 00
0c 1c 00 00 00 00 00 27 f4 00 00 00 00 00 fc e8
00 00 00 00 00 06 23 00 00 00 00 00 f1 0f 00 00
00 00 00 1b e7 00 00 00 00 00 e7 fb 00 00 00 00
00 0b e5 26 00 00 00 00 16 0f e7 00 00 00 00 0d
02 72 00 00 00 00 f7 f2 22 00 00 00 00 f2 fb ec
00 00 00 00 ed ea e2 00 00 00 00 00 fe e7 00 00
00 00 6f 39 06 00 00 00 00 1a ec 76 00 00 00 00
00 09 1c e2 00 00 00 00 0e f2 7e 00 00 00 00 08
38 57 00 00 00 00 27 ea 37 00 00 00 00 28 23 18
00 00 00 00 f3 18 07 00 00 00 00 ff 0f 2b 00 00
00 00 ec 0d 7f 00 00 00 00 0e 03 4d 00 00 00 00
fb 0d 3a 48 00 00 00 00 2a 10 5e 00 00 00 00 01
5e eb 00 00 00 00 16 e6 45 00 00 00 00 56 64 e1
00 00 00 00 fc 32 f1 00 00 00 00 44 fb f9 00 00
00 00 1a 26 fd 00 00 00 ef eb e4 7f 00 00 00 00
0d 01 f1 35 00 00 00 29 e1 1b e6 00 00 00 ef 0f
44 0f 00 00 00 fd 15 e9 2a 00 00 00 0a 10 e9 e8
00 00 00 00 ee 26 e4 00 00 00 e9 e6 45 5c 00 00
00 00 7a 6b f9 00 00 00 25 1f e1 5a 00 00 00 0f
11 0d 01 e5 00 00 00 29 69 e6 74 00 00 00 07 40
3c 28 00 00 00 0e 1a e2 7f 00 00 00 11 6a f5 31
00 00 00 00 00 15 f7 00 00 00 1f 06 e3 12 00 00
00 05 e5 7f 7f 00 00 00 3f 5e e2 07 00 00 00 f0
38 16 76 4a 00 00 00 e6 ea 2c 7f 00 00 00 ee 12
5a ec 00 00 00 e1 3d e2 13 00 00 05 22 28 5f e1
00 00 00 1a e8 57 e5 00 00 00 49 fe f0 f7 00 00
f7 06 03 17 ed 00 00 00 56 60 e2 64 00 00 00 12
7f f5 e3 1e 00 00 0b 0e fc 13 55 00 00 1a 21 5d
40 14 00 00 28 05 11 e1 54 00 00 f7 f8 0a 27 09
00 00 ea f0 fd 7f e8 00 00 f4 e5 e6 e3 4b 00 00
06 23 7f 7f f1 00 00 10 05 3c e1 44 00 00 0d e2
6c 1c 78 e7 00 00 ef 33 58 e9 7f 00 00 66 3d 4c
1f 0d 00 00 4f f0 12 e7 7f 00 00 f1 f7 7f 6a 7f
00 00 1e 08 ff 7f 09 00 00 0b 54 e4 e1 fe 00 00
ef 07 e1 72 7f 00 00 10 5b 47 e2 f1 00 00 f5 14
e9 ea 6e 7f 00 00 e8 e8 e1 fb f7 00 00 02 eb 18
53 45 00 00 ed 04 1a e3 30 00 00 e2 10 26 56 e7
00 00 3c 42 09 60 f0 00 0a 1e 73 e1 e3 f3 00 00
e3 f1 03 41 e9 00 00 ed ed 2c e1 1d 00 00 04 e2
5a ee e4 e1 00 ff 09 05 e5 f9 63 00 24 e3 36 6a
56 40 00 f5 04 e8 ff e1 7f 00 0f 2e e6 23 3c 33
00 00 e8 3f e5 59 e1 00 16 1d eb e1 e4 43 00 0d
fd e6 7f 6f 3c 00 0b 21 46 1b e1 7f 00 ea 01 e4
2d 1b 7f ec 00 ed f3 7f fb ea 7f 00 04 38 1d 18
f7 16 00 1b 42 e1 10 e4 7f 00 12 e6 eb 7f 7f 7f
00 ef 09 18 e5 70 4d 00 11 f0 54 06 e2 17 00 08
0a e3 e2 7f 7f 00 e9 14 45 41 e1 e2 00 4f e6 20
eb ec 7f 3d 00 06 e8 f6 e1 4d f5 00 04 04 f1 2b
4f 55 00 5a e3 ee 07 e1 28 00 e5 fa f2 17 5a e2
fb ee 65 5f 0a 64 f3 00 21 0f 57 ef eb e5 00 11
e7 49 0c 2e 0d 00 f0 1c 45 7f e1 1f 00 4d ee e1
7f eb ed e5 1d ed 36 7f 0a ed 7f 00 2f e8 3f 6b
7f 41 e1 7f fa e1 09 e1 65 1a e8 43 e9 33 eb 4c
0d fb e4 4a e4 64 e3 e9 03 46 e5 e5 e4 41 ef 22
37 f7 65 7f 7f fd f1 18 50 0e e1 7f f7 fc 17 e1
ea 3a 7f e5 11 23 e5 ed 28 ec 30 fa 20 fe 51 0d
38 27 27 2d 71 e1 27 e8 7a 1b 1f f2 ea 7f 2f e7
11 e4 fb 7f e4 7f eb e9 67 f2 77 45 e3 0e 08 22
0a f1 e4 53 7f 1c f3 34 7f 3f f0 fb f3 55 f2 0d
7d 56 1e 17 0f 00 16 fa e2 7f e6 e5 1a f5 e8 37
3d 55 f5 56 e5 e6 12 e3 51 e9 e2 32 ed 35 7f 37
1e e4 4d 35 e9 42 f2 37 ee 1a 51 e5 fc e4 e8 3e
f0 48 10 7c 55 e1 e3 6b 36 7f e1 5d e8 45 43 e2
27 2b 02 fb 0d 15 3f 44 40 ef 7f 28 30 4a 2e 6b
6c 36 e1 22 f1 e8 1a e1 71 2d e1 4b f1 79 f5 61
45 ef e2 3f e3 7f e9 f0 31 12 4e f4 e1 60 56 7f
17 01 15 7f 7f f5 e8 69 7f 62 e1 71 14 f0 e8 e4
04 0f 7f 29 f8 2a f2 e8 30 e6 48 ef 66 ee 61 19
42 25 47 61 72 e1 13 ed 7c 30 e2 f7 e3 7f 3c e3
6a e5 0d 7f e2 1b e3 ed 6d fa 79 f3 ea 14 38 f6
e8 fa 1a 50 4b fb e8 16 76 03 e7 7f 32 7f e2 1f
7f 4a e6 e6 37 03 0b 14 ee f1 e2 f2 fc f0 1e 1c
7f 60 fc 49 ec 13 2f e1 34 2a e1 1e e4 2b 24 e2
e9 e6 43 74 27 3e e5 21 fe 2c f2 e5 56 e7 e9 15
f3 f1 0c 7f 30 e1 00 32 11 7f e1 7f 09 43 68 e4
33 1d ed f3 fb 14 2d 1f 57 2d 7f 6f 69 54 25 6b
6f 01 e1 72 f4 e6 23 e4 7f 3d e1 53 f0 79 1f 23
03 ec e3 08 e3 50 35 03 1f 2c 55 fa e1 34 57 7f
f3 f1 2c 7f 7f e1 22 60 7f 7d e1 47 20 18 e4 e8
0c 1e 7f 1f e9 68 11 e5 f2 f7 7f 4d 7f f2 62 7f
34 15 45 7f 69 e2 ed 0e f0 4e e2 e2 e6 46 5b e4
34 e3 66 79 e4 34 ed e1 68 e7 5b 1f e9 05 5e e9
e4 f2 f2 71 4f e2 f3 3a 76 1d e9 7f 0a 6c e3 fc
7f 36 e3 34 e8 ec 24 4b fe fc e1 66 6c ef 66 6b
65 7f f6 7f fe e7 0b e9 3d 32 e1 0f eb 7f ed e6
09 fc 59 3b e3 10 e4 29 02 7f f2 e3 37 f4 05 1b
ea 00 7f 7f 23 e1 f7 5c 23 7f e1 7f 14 33 5c e2
7f 6c 6c ee 5b ea 37 2b 3e ea 7f 65 68 41 23 12
6b 3c e1 3d 54 e6 3c e2 6e 1a e1 6e f3 76 6f 32
24 fc e8 73 e2 7f e4 e1 79 6a 61 2c e1 25 7f 7f
ed f1 eb 49 7f e1 0a 7f 7f fd e1 7f 23 28 00 f6
24 11 50 6e 2b 1e ee e5 ee 50 7f 2c 42 f2 39 7f
25 ef 4a 7f 6e e4 33 fe 64 24 e1 e1 e1 78 7f e1
f6 e1 74 58 e5 42 ff fc 60 07 29 0b fb 1d 77 f1
e5 ec 38 7f 21 e1 f9 21 41 67 f2 7f 3c 5b 29 e1
7f 50 e5 29 e9 eb 15 79 e6 11 e3 3c 7c e6 f0 36
7f 25 f8 75 e4 ea ec e3 60 63 e2 f1 fc 58 2a e9
2a e1 10 4a e7 5e e1 fc 2b 76 e5 e1 28 46 11 23
e3 e2 7f 7f 29 e1 eb 34 63 51 e1 7f 20 50 47 14
6f 48 7f ea 3b e7 7f 6b 47 e2 73 4c 6d f0 62 0c
64 2d e1 2f 77 e5 27 e3 7f 0d e1 29 04 7f 76 18
ec e2 01 7f eb 7f 01 e1 70 09 55 eb e1 16 7f 7f
e1 f0 eb 45 7f e1 02 54 7f 7f e2 7f 1d 7f ef fb
34 0f 7f 45 62 1d 05 e2 e6 5d 7f f2 29 ed 22 7f
70 e8 4f 7f 6c e1 56 f9 38 34 e8 e6 e1 24 5b e1
28 e1 7f 7f e3 1d e4 53 63 f5 54 ec ec f8 6d f6
e1 fd 46 37 19 e1 4b 12 44 53 e2 7f 2e 4d fa e1
7f 4b e3 14 14 ec 20 64 eb 2b 53 63 6c e9 54 0a
7f 11 ef 7f ef 0e e6 e1 32 7f e2 25 f8 7f 6d f7
1e e1 e2 36 e7 7f e8 eb 45 fb e2 eb eb 4b 6f 26
f0 e4 7f 7f 14 e1 f9 5a 2b 49 e1 62 22 4b 7f e1
78 39 7f e8 29 f7 35 69 72 e4 7f 0c 7f 00 62 f7
44 44 e1 5c 62 f0 28 e3 7f 2e e1 e9 fd 7f 7f 79
02 e2 f3 7f e8 7f 0f 0e 7f 53 4d fb e1 21 57 7f
e1 f7 e1 47 7f ed fa 52 7f 7f e1 2f 10 76 e4 f5
30 ee 7f 75 52 f3 f4 e2 e1 24 4c 16 03 ff 24 7f
3e 17 ef 7f 1f ea 0d e1 18 09 ec f1 f0 36 4b e5
34 e3 7f 3f f7 4d e2 7f 25 f1 6e e2 e2 f3 7f 64
e1 32 12 63 f1 e1 5f 07 e9 53 e1 7f 7e 7f f3 e1
7f 0f e3 fd e6 ed 17 31 e7 e9 35 67 1c e2 7f 6b
71 48 ed 5b e9 05 22 e1 7f 7f e3 63 e7 7f 5f 25
5c e1 e2 7f e8 64 e7 ef 62 31 e1 e3 e4 42 7f 7f
e1 e2 7f 7f 0d e3 e8 4d 79 11 e1 7f 27 6b 5d e1
72 1e 7f e5 1f e4 fb 6b 14 e3 7f 06 70 e8 48 e4
47 08 e1 6c 60 e1 3e 0b 7f 59 e2 f0 0b 7f 7f 7f
6d e1 fb 6e e3 68 2d 11 64 fb 45 25 e2 1b 55 7f
e2 e7 e1 7f 7f eb e4 60 7f 4b e1 17 1d 7f e1 06
0d e8 6e 2b 17 16 4d f1 e1 2b f2 e4 0b fc ec 5c
2f 6a 32 7f 1d f8 24 e1 07 19 e7 10 f3 02 45 e1
4f eb 5f 70 03 6b 1b 70 25 5d 70 e3 e7 e7 38 6c
e1 37 14 52 01 e1 f5 f4 33 73 e1 5a 7f 5e 0c e1
7f 08 ef e1 26 e5 4b 7f f3 eb 7f 45 0c 08 30 6b
7f 46 e1 7f e7 e2 0e e1 70 7f e1 2a f7 4a f0 2f
1f e1 e4 7f e3 5b e5 e1 4d 63 e3 ea e1 44 45 7f
e4 14 7f 73 7f f3 3f 1e 7f 12 e1 78 10 55 e9 e1
@024000
00 f5 11 00 00 00 00 00 00 0a 00 00 00 00 00 00
00 fa 00 00 00 00 00 00 00 e8 00 00 00 00 00 00
00 0b 05 00 00 00 00 00 00 f6 00 00 00 00 00 00
00 fa 00 00 00 00 00 00 00 e8 00 00 00 00 00 00
ff fb ea 0b 00 f6 d7 64 da 30 f3 0d f1 28 f1 d6
fd 0d 00 f5 0b f6 10 dc 1a 25 00 e8 12 1d 0d 0f
ff fa f5 0b 00 f6 29 6f e0 ea 00 f3 f1 28 2c ce
03 0d 00 0b 00 24 38 dc e6 25 00 e8 1a e3 0d f1
e4 10 dd e8 f3 ef d7 d9 4f 77 1b f2 0b 4f 17 1f
0e 11 01 27 09 0e 08 0f 66 3f 00 08 33 11 08 12
e4 18 ec e3 05 ef 29 e0 57 f2 f6 0e 0b 4f fa 34
e4 11 f9 d9 19 04 5f 1e 9a 3f 00 07 0e ef 08 ee
06 0c 9d d3 12 d4 37 0d 4d 39 5a 04 1e e2 ee 49
8c 38 bc 16 0d fe d9 49 18 57 f0 d2 03 0f 11 c3
06 4a a8 c0 06 de c9 1a 68 d6 24 fc 27 e2 16 02
7f 1e c2 ea 1a 04 d6 3c fe 56 1a f5 dd fc 01 32
da 02 37 23 01 14 ea 72 fc f0 7f 01 1d 04 5c c6
f5 7f 35 15 01 08 12 b8 aa 13 2d 56 1e 0d 1a d5
e4 03 2e 4e 23 09 0e 7a ff 71 3e fa 0f 04 d2 eb
0d 44 28 eb 05 2f 25 d5 59 05 e9 10 1f db 0f 20
18 38 da e3 00 32 e4 b9 55 7f 2d c2 ea 42 ec 54
f8 6c fa 1a 0d 06 26 16 1b 55 09 38 4d f7 39 1f
23 f6 cc ea 07 0b 33 c6 7f 97 00 23 ee 5b 21 6a
06 5c e7 ef 3f 20 6f 09 da 5b 08 36 5e 0b 40 fd
32 5e 07 dd 18 09 21 04 45 f5 56 01 0f b6 5b 73
4d d8 0c 3d 16 17 34 61 0f f1 e9 d8 4d 37 32 ae
00 30 f9 d0 eb f0 d3 03 7f 26 1c 64 10 d0 d5 7f
78 df ee b1 3f 1a 0b 65 eb e3 42 f5 60 fb 12 43
26 44 61 54 6d 20 f5 7f e9 20 22 50 46 13 41 dd
c3 5a 4e 11 f2 7f 28 e0 d0 17 da 57 2a fa 7d 89
f6 c9 43 7f ca 2d 05 7f f9 04 69 d8 13 06 e1 e4
6c f3 6f d4 18 30 1e c1 1d 46 3f 5c 3c 0c 5d 7f
15 3c 33 f9 7a 0a 80 bb 7f 7f 61 fa ee 7f e0 54
b1 2d 4d 12 1c 0d 57 f1 2b 5f 5d 5e 55 d8 03 a7
3e f6 ee 10 b3 19 7f 9b 7f a8 65 f3 f0 7f 18 6d
52 4c 4d d3 3d 66 7f fb 05 45 18 0a 47 f4 4c 61
57 5a 63 15 43 14 25 0c 43 f8 49 69 1a b7 7f 57
1f de 7f 1a da db 5d 64 f8 7f b8 05 26 d3 10 82
f1 17 25 7f 49 08 f4 03 7f 72 f9 5f 42 fd 8b 7d
7f 3b 66 44 37 fc 68 4d fb 45 5a 33 2c 19 18 60
7f 3d 43 45 ff 23 80 7f 08 7b 72 40 12 0b 7f d6
85 7f 4f ff d9 c0 72 a1 5c 3a cb 7f 07 5b 7f 84
f5 e9 70 7f f5 28 7f 7f 11 39 63 27 28 f8 dc e4
7f 4a 65 10 1f 69 63 ac a2 50 57 74 1b df 6a 7f
7f 2d e8 0b 1f 3c fc b6 7f 7a 7f 2b f9 7f f3 6a
81 db 63 10 22 a8 32 65 12 7f 3d 77 1c 2b c6 ad
7f 2d 34 f4 eb 19 e4 ce 7f 05 57 6a f2 7f 42 5b
6d 09 2c f5 50 7f 7f 0d 07 7f 7f 3f 41 b1 18 7f
60 3f 56 3e 40 20 eb 09 7c fa 77 7f 2c 40 5b 63
42 7d 08 07 d3 a0 4b 5b f5 3b b6 ff 51 d6 0e 80
dd 11 74 6f 48 0e f9 fa 7f 7f 23 56 38 e3 ac 7f
7f 7f 3c f4 04 72 24 43 03 36 6d 1c 7f 36 2b 7f
59 5b 26 26 3b 1d 98 7f 16 7f 43 3d 2c 2d 45 3b
bf 27 36 09 ff d2 53 a6 4b 5e e2 7f fc 31 6c 83
bb 11 58 71 0e 20 44 73 7f 10 53 3c 09 eb 02 4d
58 5f 4c f8 04 7f 54 c5 98 7f 7f 4c 19 cf 6b 7f
70 e8 cd eb 77 2e 52 b1 7f 5e 72 21 d0 7f e1 7f
04 04 13 27 77 b8 29 6e fe 7f 2f 66 3d 6d d8 9a
3d 43 fa 05 f0 36 d2 ed 7f 3e 6b 7f ed 7f 77 60
7f 7f ee e5 78 49 7f 76 00 76 7f 50 32 ac 0d 7f
64 53 04 03 7f 22 e6 18 7f 20 62 7f 7f 2a 41 da
7f 7f 25 12 47 24 7f 6c ef 56 80 53 72 32 10 a0
dc 24 01 41 ef 58 14 ff 2d 57 10 5a 67 d9 e1 0e
7f 7e 6d cb 71 70 4c 4b 04 11 64 7f 6e d4 37 7f
64 6e 60 7f 7c 10 fc 75 70 7f 2c 6f 61 6f 2c 42
b8 34 fd 1a 61 fd 7b cf 52 7f 63 3b 1a 46 6c 8d
b2 1e 7f 7f ed 29 1f 1a 7f ad 61 d6 e1 3c 21 4a
0d 5b 22 ee 5e 5b 7f f5 ab 7f 62 11 6b a9 55 7f
7f 24 89 a1 7f 71 6d 18 7f 7a 7f 7f 1e 7f 04 7b
2a 1f 0b 13 2c cd 0f 6c 29 7f 1f 6e 56 45 e1 dd
3b 3b dd d2 dc 26 c3 7f 7f 08 5c 4a f0 7f 70 60
7f 7f 27 51 66 16 7f 7f ff 59 7f 53 f8 94 15 2e
42 2f 08 0c 7f 19 f2 1e 7f 33 6e 75 7f 3d 60 da
4d 7a 26 2f 3e 51 67 0a b5 3f be 61 74 db 17 b4
d7 49 31 34 f2 35 4b 03 22 1f 5f 7f 7f 0d 9c 11
7f 7f 7f eb 7f 7f 41 2c 24 06 2c 7f 6e 74 18 7f
6b 58 60 7f 32 18 fe 7f 64 7f 7f 66 18 7f 04 4d
bd 7f 11 23 5c c1 70 ee 30 7f 48 38 46 65 6c a2
d6 7c 79 7f 02 25 48 7f 7f 98 60 72 f0 7f 3c 62
10 7f 09 e7 70 77 7f 19 02 7f 7f 11 7f a9 52 7f
42 2e dc 16 56 6c 5d e5 7f 33 7f 4c ff 7f 71 36
3a 0f 09 de 6f 03 ff 6e 2d 7f 4c 19 0a 0c 51 02
0c 7f 47 00 d5 5e d4 e0 76 10 36 69 f1 7f c1 49
7a 7f 24 7f 47 f7 7f 7f 10 23 48 27 0b b0 6b 3e
35 6d 40 45 7f fd 8b 65 7f 4f 4e 7f 17 66 db b4
f8 7f 38 f9 25 7f 7f b6 aa 7f 07 2b 74 40 7b f1
d5 02 5b 7d ed e6 7f 7a 6d f9 64 7a fd 45 29 b1
5d 61 37 c3 7f 64 7f 0e 13 47 7f 00 7f 37 59 7f
3c 5e 52 75 2d e5 a0 56 7f 7f 7f 3f 6b 7f 1a 42
c6 60 14 64 7f b7 54 ce 4c 7f 4b 55 40 41 6b 22
ae 76 57 7f d9 e4 78 21 7f 0c 60 41 47 7f 55 61
08 7f 0a b5 61 71 7f 58 ec 7f 7f 5d 3c 99 f9 7f
7b 20 60 42 61 cb 6c 7f 7f 39 6e 40 03 22 7f 73
17 1d 25 26 72 fc d3 71 01 7f 41 01 15 12 5c c5
04 7a 61 70 ea 59 a6 27 7f 0d 55 7f 09 7b 9d 65
7f 7e 67 e8 09 06 52 7f f0 25 7f 4b 5c b3 60 43
0c 78 65 58 7f 15 e7 6a 4a 3c 74 7f 31 57 7f 94
fc 7c 5c d6 6e 7f 3d 9c bb 5f 27 60 59 3f 7f 95
b8 6b 74 7f 27 ec 7f 7f 45 2a 60 2d 2b 5a 93 c7
2d 64 5c 2d 79 00 7d d9 3e 0f 7f 42 5c c1 3a 7f
6b 59 28 1e 20 fc ef ed 7f 7a 31 09 e5 7f 2d 3c
db 69 7a 7f 6d 81 67 59 20 7f 14 78 7f 20 6b 1c
08 45 69 41 e2 f0 64 fc 7f 0d 2a 7f fd 7f 16 6a
f3 7f 1d f1 61 73 7f 5b 18 6e 7f 57 7f 0c ed 7f
7f 12 7f 09 70 11 4b 7f 7f 02 6c 7d 6a 3a 7f 6a
5a 11 14 7f 71 0f e3 5e f2 30 15 05 45 20 6a ca
26 69 7f 7f 1f 04 97 34 7f 29 65 7f 42 7f a9 7f
7f 7f 77 e1 52 e5 40 7f f4 b7 4b 43 64 ab 60 7f
55 6e 64 50 71 fe c2 68 54 3c 17 57 6c 50 7f 87
f2 7f 1f 2e 7f 7f 52 b5 dd 7f d5 64 56 7f 7f ab
b2 32 4d 7f 00 19 20 7f 6b 16 60 7f 1c 55 bc af
62 5d 59 19 21 28 41 19 e4 60 7f 7f 6d cb eb 7f
6b 52 60 7f 7f 5f d9 c5 7f 75 30 06 e9 68 1d 3c
f4 7f 44 7f 5c bc 2e 6c 11 7f 3e 40 38 69 20 6b
5f 22 7f 6f cf d6 7f b9 7f cf 26 7f e2 7f 27 66
4b 7f 64 16 5f 73 7f 7f 29 68 7f 3a 7f c5 d6 6d
67 5d 60 ed 66 f3 1a 76 7e 31 68 7f 7f 55 7f 5c
47 fa 4d 39 1e d3 e9 7d 09 7f 89 f3 6a e7 6e 83
e0 fa 6c 7f 60 03 16 00 7f 61 21 7f 7f 45 80 7f
7f 6d 7f 21 48 f2 3b 67 de 15 7f 4e 45 46 63 7f
78 6f 61 5c 4f f2 80 7f 39 7f 60 59 7b 36 7f cb
9c 7f 38 5e 02 03 7f a6 33 7f 01 62 19 7f 7f a3
fd 30 7f 7f 5b ed 6f 7f 6c 1e 60 7f 1c 7f d4 cf
7f 7f 7f 03 06 57 7f e4 9a 62 7f 59 26 e3 4c 7f
6b 32 60 28 7f 6c 20 d7 7f 58 6b f2 eb 7f 57 3e
ff 6c 22 7f 7f ad 2b 6c 02 7f 15 20 7f 40 d3 41
67 41 7f 7f d5 62 77 01 7f df 28 7f e3 7f 1c 62
6e 7f 7f b9 39 72 7f 62 0d 60 7f 22 7f a3 9f 7f
7f 2a 65 32 2e 26 04 57 74 fe 6b 7f 50 65 7f 42
7f 53 3c 19 f4 9b 5e 79 e6 5c e3 12 6c cf 37 80
c5 0c 7f 7f 6b 0d 43 01 7f 71 44 7f 7a 4d 80 7f
7f 25 7f 1e ec 6e 58 47 00 28 6e 42 78 60 45 7f
57 7f 49 50 7e ed 88 7f 2c 7e 30 7d 72 2b 7a 38
c3 73 15 71 5c cb 7f a5 38 7f 0a 65 ff 46 70 a6
b3 2d 64 7f 7f e1 5d 7f 7f 00 60 7f c5 7f ee 5c
44 7f 78 fe 35 62 78 0b c8 62 7f 4e 32 e4 4c 7f
54 3a 10 e1 7f 5f 6e 88 7f 7f 6b 00 d2 7f 16 5c
0d 1f 40 41 7f f1 d6 6c 0d 7f 2e 50 49 7f d5 15
43 29 57 3d d9 64 ff 00 7f d3 63 7f e0 7f 76 60
74 7f 7f a3 61 39 74 7f e1 55 7f 52 7f a2 bd 77
5e 1f 6e 52 62 18 e6 31 7f 23 4c 7f 5b 59 7f d9
7f 7f 2d 0d 46 e8 6b 5a e0 4e bf 48 50 f3 18 e4
d3 fa 44 7f 19 65 5e 02 60 4f 37 7f 38 f5 b6 67
7f 5c 7f de 2a 70 5f 3d 06 e2 7f 7f 75 05 3b 7f
4d 7f 60 7f 7f e0 ef 7f 5d 7f ef 7f 7f f7 58 1b
bd 77 2f 73 7f e6 7f d4 2f 7f 5f 60 1f 5a 6c 1c
a9 25 7f 7f 20 e9 29 6c 7f 81 54 44 01 7f 14 1f
06 72 7f fc 53 6c 51 fb ac 60 7f 23 63 a7 58 7f
4e 0f f8 c6 7f 6b 6c e8 7f 7c 6c 7f f8 7f 13 37
0c 4d f9 36 77 bd 1c 7f 08 7f 7f 52 60 4d 0e 50
18 4f 4a 0a 19 6c 09 6c 7f bb 48 7f 04 7f 7f 60
7a 7f 51 2d 61 1e 7f 7f 02 57 7f 54 1f a2 e6 3a
7f 2b 54 f5 7f 0a f5 08 7f 17 6b 7f 7f 69 7f d3
3d 6f 29 2f 49 66 6c 24 bd 09 24 5b 7f 42 14 2e
d1 24 48 5b f5 2b 5e 02 25 52 42 7f 7f 1a 90 0c
7f 7f 7f dd 59 7f 7e 15 28 e4 39 6f 7f 40 30 7f
41 67 59 63 39 01 07 7f 46 7f 33 73 0b 60 3b 4d
95 7c fb 7f 3a c6 7f fe 30 7f 7f 3d 34 7f 6b ff
a3 5c 7f 7f ec 0b 53 7f 7f ae 60 67 0a 7f 27 66
33 72 51 de 23 7f 7f 2a ff 61 7f 17 7f a1 61 7f
@026000
00 00 00 00 00 00 00 00 00 00 00 00 00 00 00 00
00 00 00 00 00 00 00 00 00 00 00 00 00 00 00 00
00 00 00 00 00 00 00 00 00 00 00 00 00 00 00 00
00 00 f7 00 00 00 00 00 00 00 00 00 00 00 00 00
00 f3 00 00 00 00 00 00 f5 00 00 00 00 00 00 ff
00 00 00 00 00 00 f7 00 00 00 00 00 00 00 00 00
00 00 00 00 0f 00 00 00 00 00 00 0b 00 00 00 00
00 00 f0 00 00 00 00 00 00 0d 00 00 00 00 00 00
00 f9 00 00 00 00 00 00 0e 00 00 00 00 00 00 ed
00 00 00 00 00 00 0e 00 00 00 00 00 00 f7 00 00
00 00 00 00 12 00 00 00 00 00 00 09 00 00 00 00
00 00 f5 00 00 00 00 00 00 08 00 00 00 00 00 00
00 27 00 00 00 00 00 00 fc 00 00 00 00 00 00 06
00 00 00 00 00 00 fe 00 00 00 00 00 00 24 00 00
00 00 00 00 e7 00 00 00 00 00 00 0d 00 00 00 00
00 00 e9 00 00 00 00 00 00 01 00 00 00 00 00 00
00 f2 00 00 00 00 00 00 fb 00 00 00 00 00 00 ea
00 00 00 00 00 00 08 00 00 00 00 00 00 3e 00 00
00 00 00 00 ec 00 00 00 00 00 00 01 00 00 00 00
00 00 71 00 00 00 00 00 00 0f 00 00 00 00 00 00
00 ea 00 00 00 00 00 00 23 00 00 00 00 00 00 18
00 00 00 00 00 00 06 00 00 00 00 00 00 00 00 00
00 00 00 00 03 00 00 00 00 00 00 0d 00 00 00 00
00 00 e1 00 00 00 00 00 00 40 00 00 00 00 00 00
00 e6 00 00 00 00 00 00 64 00 00 00 00 00 00 32
00 00 00 00 00 00 17 00 00 00 00 00 00 1c 00 00
00 00 00 00 e4 00 00 00 00 00 00 16 00 00 00 00
00 00 26 00 00 00 00 00 00 12 00 00 00 00 00 00
00 e9 00 00 00 00 00 00 e9 00 00 00 00 00 00 26
00 00 00 00 00 00 7f 00 00 00 00 00 00 69 00 00
00 00 00 00 e1 00 00 00 00 00 00 f5 00 00 00 00
00 00 04 00 00 00 00 00 00 5d 00 00 00 00 00 00
00 e2 00 00 00 00 00 00 f5 00 00 00 00 00 00 15
00 00 00 00 00 00 0d 00 00 00 00 00 00 65 00 00
00 00 00 00 e2 00 00 00 00 00 00 1c 00 00 00 00
00 00 e2 00 00 00 00 00 00 4c 00 00 00 00 00 00
00 e2 00 00 00 00 00 00 5f 00 00 00 00 00 00 57
00 00 00 00 00 00 ea 00 00 00 00 00 00 fa 00 00
00 00 00 00 e2 00 00 00 00 00 fb ea 00 00 00 00
00 00 72 00 00 00 00 00 00 18 00 00 00 00 00 00
f7 e1 00 00 00 00 00 ec 27 00 00 00 00 00 ed 7f
00 00 00 00 00 00 e4 00 00 00 00 00 6f 63 00 00
00 00 00 1a e1 00 00 00 00 00 0d e9 00 00 00 00
00 29 39 00 00 00 00 00 18 6a 00 00 00 00 00 fd
27 e7 00 00 00 00 00 57 6a 00 00 00 00 00 f3 7f
00 00 00 00 00 ff e2 00 00 00 00 00 ec 57 00 00
00 00 00 0e e1 00 00 00 00 00 11 22 00 00 00 00
00 29 05 00 00 00 00 00 fa 18 00 00 00 00 00 0e
16 e3 00 00 00 00 00 68 56 00 00 00 00 00 fc 60
00 00 00 00 00 44 e2 00 00 00 00 00 1a 23 00 00
00 00 00 eb e1 00 00 00 00 00 38 e8 00 00 00 00
00 e6 7f 00 00 00 00 00 0b 2b 00 00 00 00 00 e1
15 e2 00 00 00 00 00 ff 3c 00 00 00 00 00 ea 59
00 00 00 00 00 e6 e8 00 00 00 00 00 7a 53 00 00
00 00 00 1f e1 00 00 00 00 00 7f ff 00 00 00 00
00 0e 10 00 00 00 00 00 f3 6b 00 00 00 00 00 f7
1a e9 00 00 00 00 00 7f 7f 00 00 00 00 00 0b 70
00 00 00 00 00 06 e3 00 00 00 00 00 e5 6b 00 00
00 00 00 5e e1 00 00 00 00 00 6c 77 00 00 00 00
00 33 3e 00 00 00 00 00 e6 0d 00 00 00 00 00 f9
3d e1 00 00 00 00 00 7f 5a 00 00 00 00 00 fb 64
00 00 00 00 00 f6 24 00 00 00 00 00 03 10 00 00
00 00 00 60 e1 00 00 00 00 00 e9 47 00 00 00 00
00 e8 57 00 00 00 00 00 0b 37 00 00 00 00 00 4d
11 e1 00 00 00 00 00 fa e9 00 00 00 00 00 0c 64
00 00 00 00 00 e3 fd 00 00 00 00 00 7f 61 00 00
00 00 00 3c e1 00 00 00 00 00 5a 61 00 00 00 00
00 05 e2 00 00 00 00 00 e2 55 00 00 00 00 00 e5
12 f4 00 00 00 00 00 7f 4a 00 00 00 00 00 f6 7f
00 00 00 00 00 e3 e7 00 00 00 00 00 e1 5c 00 00
00 00 00 47 e8 00 00 00 00 00 2d 2c 00 00 00 00
00 7f 08 00 00 00 00 00 f7 15 00 00 00 00 00 e3
1a e1 00 00 00 00 00 7f 7f 00 00 00 00 00 19 42
00 00 00 00 00 e1 51 00 00 00 00 00 03 5f 00 00
00 00 ef 2c e1 00 00 00 00 00 eb 3e 00 00 00 00
00 f6 1f 00 00 00 00 00 e7 18 00 00 00 00 00 1f
ff e1 00 00 00 00 0a 11 72 00 00 00 00 00 eb 6b
00 00 00 00 e9 e3 e4 00 00 00 00 00 7f 60 00 00
00 00 25 1b e1 00 00 00 00 0f 7f 5c 00 00 00 00
0b 7f e1 00 00 00 00 ee e1 52 00 00 00 00 28 e1
10 01 00 00 00 00 11 7f 69 00 00 00 00 00 e3 42
00 00 00 00 1f e1 03 00 00 00 00 05 e7 36 00 00
00 00 3f 41 e5 00 00 00 00 f0 ea 6f 00 00 00 00
ed ed 10 00 00 00 00 e1 e4 6b 00 00 00 00 4f e1
07 e1 00 00 00 00 22 7f 7a 00 00 00 00 1a 36 35
00 00 00 00 49 f9 7f 00 00 00 00 06 fb 64 00 00
00 00 56 7f e1 00 00 00 00 12 7d 25 00 00 00 00
e4 fa fa 00 00 00 00 fe ed 59 00 00 00 00 ed 42
09 e2 00 00 00 00 f8 7f 41 00 00 00 00 f0 e7 3c
00 00 00 00 e5 e6 e3 00 00 00 00 23 73 60 00 00
00 00 05 19 e1 00 00 00 00 e2 27 7f 00 00 00 00
4e 44 0c 00 00 00 00 59 e3 fa 00 00 00 00 04 e4
27 2d 00 00 00 00 f7 7f 7f 00 00 00 00 08 e2 7b
00 00 00 00 54 f2 fc 00 00 00 00 07 f2 55 00 00
00 00 5b 32 e4 00 00 00 00 14 04 72 00 00 00 00
f0 e8 0d 00 00 00 00 ea e3 60 00 00 00 00 42 04
12 e5 00 00 00 00 10 2d 2d 00 00 00 00 42 e8 0c
00 00 00 00 73 ea 7f 00 00 00 00 f1 ff 60 00 00
00 00 ed 6e e1 00 00 00 00 e2 7f 6e 00 00 00 00
e7 14 2a 00 00 00 00 f1 e1 3a 00 00 00 00 e3 7f
1a e1 00 00 00 00 e8 7f 7f 00 00 00 00 3f e2 6b
00 00 00 00 eb 03 e1 00 00 00 00 e6 1a 2a 00 00
00 00 46 6b e1 00 00 00 00 e4 34 6d 00 00 00 00
7f 1f 0d 00 00 00 00 1d f3 f2 00 00 00 00 13 e3
13 1d 00 00 00 00 ef 7f 7f 00 00 00 00 18 e1 7f
00 00 00 00 54 f7 0f 00 00 00 00 e3 7f 65 00 00
00 00 45 f9 e1 00 00 00 00 20 1f 71 00 00 00 00
10 e5 29 00 00 00 00 05 e2 60 00 00 00 00 7f 2a
2f e2 00 00 00 05 f9 22 7f 00 00 00 00 5a 74 55
00 00 00 00 57 ea 7f 00 00 00 f7 49 03 60 00 00
00 00 45 6e e1 00 00 00 00 e1 7a 7f 00 00 00 00
7f 4b 16 00 00 00 00 fb e1 f1 00 00 00 00 e3 4d
23 e8 00 00 00 f7 e9 7f 7f 00 00 00 ea 57 e2 6b
00 00 00 f4 e9 f3 e4 00 00 00 06 f7 7f 26 00 00
00 38 50 7f e1 00 00 00 0d e1 7f 5c 00 00 00 ff
7f 48 e7 00 00 00 24 e2 f3 e9 00 00 00 0d 0b e4
eb 17 00 00 00 f1 ef 76 7f 00 00 00 1e 7f e3 67
00 00 00 0b 6a f8 e8 00 00 00 ef f1 ec 21 00 00
00 5f 7f 0b e1 00 00 00 f5 0d 0f 1e 00 00 00 ed
f6 e8 61 00 00 00 04 07 e9 63 00 00 00 ee 7f 3a
fa e1 00 00 00 e2 f5 6d 7f 00 00 00 3c 6d 37 78
00 00 00 1e 63 e6 03 00 00 00 e3 48 7a 60 00 00
00 e9 36 7f e1 00 00 00 04 e2 7f 02 00 00 00 06
6f 7f 1e 00 00 00 04 03 00 4c 00 00 00 e2 40 f9
64 e8 00 00 00 2e ec 7f 7f 00 00 00 e8 7f e1 6b
00 00 00 1d 3b f1 e2 00 00 00 fd 0e 21 28 00 00
00 25 7f 3c e1 00 00 00 01 e4 60 7f 00 00 00 ed
71 78 eb 00 00 00 2f e1 e2 e2 00 00 00 e1 2d e5
26 e2 00 00 00 e6 e6 7f 7f 00 00 00 09 7f e3 7f
00 00 00 f0 7f ea e1 00 00 00 0a f3 27 44 00 00
00 6f 76 5c e1 00 00 00 e5 1f 1d f6 00 00 00 23
05 e2 71 00 00 00 20 00 e3 45 00 00 00 e8 7f 17
e9 e1 00 00 00 fa e2 45 7f 00 00 00 65 64 e4 57
00 00 00 0f ea e2 e6 00 00 00 e7 f3 7f 60 00 00
00 0b 11 5c e1 00 00 00 01 e4 7c 5c 00 00 00 00
41 7f 00 00 00 00 1a 04 e4 4c 00 00 00 e2 2a fc
7f 2a 00 00 00 43 e9 7f 7f 00 00 00 e4 62 0c 54
00 00 00 46 42 e1 f4 00 00 00 37 f2 fc 63 00 00
00 1e 7f 7f e1 00 00 00 50 e8 69 7f 00 00 00 f7
7f 64 e8 00 00 00 30 e2 e2 e4 00 00 00 eb 6f ea
7f e1 00 00 00 f2 ea 7f 7f 00 00 00 fb 7f e2 5e
00 00 00 f2 7b f1 ef 00 00 00 0a ea 34 37 00 00
00 7f 59 64 e1 00 00 00 fb fc 11 46 00 00 00 3e
e8 e1 4f 00 00 00 66 ff e4 3b 00 00 00 e2 7f 5a
2e e1 00 00 00 25 e6 6b 44 00 00 00 4d 2c e6 4d
00 00 0a 1a ea ec ee 00 00 00 f0 f5 7f 54 00 00
00 68 06 6d e1 00 00 00 69 e2 7f 7f 00 00 00 f4
34 20 e1 00 00 00 fc 24 e1 58 00 00 00 e3 3d f5
7f ed 00 00 0f 70 ea 7f 7f 00 00 00 e2 7f e5 4e
00 00 30 12 4d e4 e4 00 00 0d 17 02 e3 48 00 00
0b 63 7f 7f e5 00 00 ea 40 fc 7f 77 00 00 ed f7
7f 7f e4 00 00 00 69 02 e5 ee 00 00 64 e1 7f f6
39 e1 00 00 12 34 e2 7f 7f 00 00 ef 0d 48 46 7f
00 00 77 fa 36 e3 66 00 00 08 e8 e8 00 42 00 00
e9 7f 23 45 e1 00 00 4f 2b e1 fb 49 00 00 f3 7f
00 16 52 00 00 fa 7f 10 e3 30 00 00 e9 e1 7f 47
5e e1 00 00 e5 74 1a 6c 67 00 00 ee 43 7f ed 41
00 00 39 2c e3 e6 e5 00 00 11 f3 f2 7f 60 00 00
f0 24 47 26 e1 00 00 4d 7f 25 7f 3a 00 00 f4 eb
7d 6f e2 00 00 e5 72 13 e2 61 00 00 0d e1 66 e1
@028000
00 f5 11 00 00 00 00 00 00 0a 09 00 00 00 00 00
00 fa 00 00 00 00 00 00 00 e8 00 00 00 00 00 00
00 0b 05 00 00 00 00 00 00 f6 00 00 00 00 00 00
00 fa 00 00 00 00 00 00 00 e8 00 00 00 00 00 00
ff fb ea 0b 00 f6 d7 64 da 30 03 0d f1 28 f1 e3
fd 0d 00 f5 0b f6 08 dc 1a 25 00 e8 12 28 0d 0f
ff fa f5 0b 00 f6 29 6f e0 e9 00 f3 f1 28 2c ce
12 0d 00 0b 00 24 38 d1 e6 25 00 e8 25 e3 0d f1
e4 10 dd e0 f3 ef d7 d9 4f 77 26 f2 0b 4f 17 26
0e 11 01 27 09 0e 16 0f 66 3f 00 08 33 1a 08 12
e4 18 ec e3 05 ef 29 e0 57 e4 f6 0e 0b 4f fa 34
f6 11 f9 d9 19 04 5f 17 9a 3f 00 07 03 ef 08 ee
06 0c 9d f7 12 d4 37 0d 4d 39 71 04 1e e2 ee 32
8c 38 bc 16 0d fe d7 49 18 57 f0 d2 03 1c 11 c3
06 4a a8 c0 06 de c9 1a 68 dc 24 fc 27 e2 16 02
6e 1e c2 ea 1a 04 d6 3b fe 56 1a f5 e1 fc 01 32
da 02 37 61 01 14 ea 72 fc f0 60 01 1d 04 5c d4
f5 7f 35 15 01 08 1a b8 aa 13 2d 56 1e 0e 1a d5
e4 03 2e 4e 23 09 0e 7a ff 61 3e fa 0f 04 d2 eb
fe 44 28 eb 05 2f 25 c9 59 05 e9 10 24 db 0f 20
18 38 da e3 00 32 e4 b9 55 7f 4c c2 ea 42 ec 6a
f8 6c fa 1a 0d 06 2c 16 1b 55 09 38 4d 04 39 1f
23 f6 cc ea 07 0b 33 c6 7f af 00 23 ee 5b 21 6a
09 5c e7 ef 3f 20 6f ed da 5b 08 36 49 0b 40 fd
32 5e 07 f9 18 09 21 04 45 f5 40 01 0f b6 5b 7f
4d d8 0c 3d 16 17 4b 61 0f f1 e9 d8 4d 4d 32 ae
00 30 f9 d0 eb f0 d3 03 7f 58 1c 64 10 d0 d5 7f
65 df ee b1 3f 1a 0b 57 eb e3 42 f5 41 fb 12 43
26 44 61 7f 6d 20 f5 7f e9 20 1e 50 46 13 41 f4
c3 5a 4e 11 f2 7f 7f e0 d0 17 da 57 2a f1 7d 89
f6 c9 43 7f ca 2d 05 7f f9 2a 69 d8 13 06 e1 e4
58 f3 6f d4 18 30 1e a3 1d 46 3f 5c 53 0c 5d 7f
15 3c 33 5e 7a 0a 80 bb 7f 7f 7f fa ee 7f e0 72
b1 2d 4d 12 1c 0d 64 f1 2b 5f 5d 5e 55 f4 03 a7
3e f6 ee 10 b3 19 7f 9b 7f bd 65 f3 f0 7f 18 6d
3f 4c 4d d3 3d 66 7f de 05 45 18 0a 52 f4 4c 61
57 5a 63 10 43 14 25 0c 43 f8 2a 69 1a b7 7f 75
1f de 7f 1a da db 4d 64 f8 7f b8 05 26 c3 10 82
f1 17 25 7f 49 08 f4 03 7f 7f f9 5f 42 fd 8b 7d
6c 3b 6b 44 37 fc 68 3c fb 45 5a 33 0e 19 18 60
7f 3d 43 7f ff 11 80 7f 08 7b 57 40 2a 0b 7f f5
85 70 4f ff d9 c0 5f a1 7f 3a cb 7f 07 4b 7f ad
f5 e9 70 7f ed 28 7f 7f 11 7f 63 27 28 f8 dc e4
6b 4a 5a 10 1f 69 63 8d a2 4d 57 74 04 df 5c 7f
7f 2d e8 62 1f 31 fc b6 7f 7a 7a 2b f4 7f f3 7f
81 32 63 10 22 a8 1f 65 03 7f 3d 77 1c 4d c6 d6
7f 2d 34 f4 12 19 e4 ce 7f 7f 57 69 f2 7f 42 5b
59 09 1f f5 50 7f 7f fc 07 7f 7f 3f 22 b1 0d 7f
60 3f 56 61 40 35 eb 09 7c fa 58 7f 37 40 5b 7f
42 7f 08 07 d3 a0 38 5b 0f 3b b6 ff 51 c5 0e 80
dd 11 74 6f 5e 0e f9 fa 7f 7f 23 7f 38 e3 ac 7f
6b 7f 22 f4 04 72 24 2b 03 22 6d 1c 61 36 27 7f
59 5b 26 79 3b 09 98 7f 16 7f 36 3d 21 2d 45 59
bf 26 36 09 ff d2 42 a6 7f 5e e2 7f fc 30 6c 91
bb 11 58 71 23 20 44 73 7f 69 53 2a 09 eb 02 4d
44 5f 2d f8 04 7f 54 a6 98 77 7f 4c fe cf 5b 7f
70 e8 cd 56 77 10 52 b1 7f 5e 57 21 be 7f e1 7f
04 7f 13 27 77 b8 16 6e ec 7f 2f 66 3d 7f d8 cd
3d 43 fa 05 0a 36 d2 ed 7f 7f 6b 7f ed 7f 77 60
6b 7f cf e5 78 49 7f 6b 00 70 7f 50 13 ac 18 7f
64 53 04 13 7f 04 e6 18 7f 20 44 7f 7f 2a 41 f9
7f 7f 25 12 47 24 7f 6c f2 56 80 53 72 79 10 8f
dc 24 01 41 2c 58 14 ff 2d 7f 10 51 67 d9 e1 0e
6b 7e 7f cb 71 70 4c 31 04 5e 64 7f 50 d4 32 7f
64 6e 60 7f 7c f5 fc 75 70 7f 4a 6f 4e 6f 2c 61
b8 2f fd 1a 61 fd 78 cf 7f 7f 63 3b 1a 7f 6c 92
b2 1e 7f 7f fe 29 1f 1a 7f 11 61 c3 e1 3c 21 4a
f9 5b 04 ee 5e 5b 7f d7 ab 6d 62 11 7f a9 61 7f
7f 24 89 fd 7f 54 6d 18 7f 7a 78 7f 16 7f 04 7f
2a 7f 0b 13 2c cd fe 6c 15 7f 1f 6e 56 71 e1 5c
3b 3b dd d2 ee 26 c3 7f 7f 7f 5c 37 f0 7f 70 60
6e 7f 0f 51 66 16 7f 70 ff 46 7f 53 db 94 0c 2e
42 2f 08 6b 7f 01 f2 1e 7f 33 5a 75 6e 3d 60 f9
4d 7f 26 2f 3e 51 7f 0a b8 3f b1 61 74 19 17 ab
d7 49 31 34 0c 35 4b 03 22 61 5f 6b 7f 0d 9c 11
6b 7f 7f eb 7f 7f 41 1b 24 25 2c 7f 4f 74 31 7f
7f 58 60 7f 32 06 fe 7f 64 7f 7f 66 04 7f 2c 6c
bd 7f 11 23 5c c1 5d ee 7f 7f 6d 38 46 7f 6c 21
d6 6e 79 7f 01 25 52 7f 7f 03 60 5f f0 7f 3c 62
fc 7f ea e7 7b 77 7f fb 02 6b 7f 11 60 a9 43 7f
2e 2e dc 4c 56 50 5d d8 7f 33 72 4c ec 7f 7f 35
3a 7f 09 de 6f 03 02 6e 1c 7f 7f 19 0a 7b 51 f4
0c 6b 47 00 e5 5e e5 e0 76 52 36 55 f1 7a c1 49
68 7f 3a 7f 39 f7 7f 60 10 0f 48 27 ec b0 58 3e
18 6d 40 7f 7f de 8b 77 7f 4f 54 7f 09 66 cd d3
f8 7f 38 13 25 7f 7f b6 a5 7f 5d 2b 74 65 7b ec
d5 00 5b 7d f4 e6 7f 7a 6d 2e 64 74 fd 40 29 b1
49 61 18 c3 6c 64 7f f0 13 7f 7f 00 60 37 7f 7f
57 5e 52 7f 2d d4 a0 43 7f 7f 75 3f 58 7f 1e 60
c6 7f 14 57 7f b7 41 ce 7f 7f 50 55 40 7f 6b 66
ae 7f 57 7f e2 e4 71 21 7f 48 60 2f 47 6a 55 61
f4 7f f3 b5 7f 71 7f 5e ec 6c 7f 5d 20 99 e8 7f
5d 20 60 7f 61 b2 6c 7f 7f 39 63 40 f0 22 7f 5b
17 7f 25 2e 72 fc cf 71 f6 7f 7f 01 15 7f 5c b4
04 6a 61 70 11 59 9e 27 7f 7f 55 74 09 75 9d 65
6c 7e 63 e8 fc 06 52 61 f0 29 7f 4b 3d b3 4d 43
ed 78 65 7f 7f f6 e7 57 4a 3c 5d 7f 1d 57 6c af
fc 7f 5c 18 6e 7f 7f 9c ba 5f 19 60 59 7f 7f a9
b8 5f 74 7f 39 ec 7f 7f 45 36 60 1d 2b 69 93 c7
19 64 3d 2d 68 00 7d be 3e 7f 7f 42 44 c1 29 7f
7f 59 28 48 20 dd ef da 7f 7a 26 09 da 7f 40 5b
db 7f 7a 7f 6d 81 53 59 3a 7f 5a 78 7f 7f 6b 3b
08 62 69 41 fc f0 53 fc 7f 78 2a 7f fd 7f 16 6a
df 7f 03 f1 7f 73 7f 69 18 5b 7f 57 60 0c da 7f
61 12 7f 6e 70 18 4b 7f 7f 02 55 7d 57 3a 7f 57
5a 7f 14 7f 71 0f f2 5e 71 30 5a 05 45 7f 6a b8
26 6e 7f 7f 32 04 8a 34 7f 7f 65 77 42 7f a9 7f
6b 7f 63 e1 62 e5 40 61 f4 e1 4b 43 45 ab 4c 7f
37 6e 5c 7f 71 df c2 54 54 3c 07 57 58 50 6c a5
f2 7f 1f 7f 7f 7f 7f b5 e0 7f 1a 64 56 7f 7f f6
b2 2d 4d 7f 2f 19 1a 7f 6b 6b 60 6f 1c 38 bc af
4e 5d 3a 19 7f 28 41 28 e4 7f 7f 7f 4e cb 5f 7f
7f 52 66 7f 7f 40 d9 b1 7f 74 49 06 de 68 28 54
f4 7f 44 7f 5c b2 1b 6c 7f 7f 7f 40 45 7f 20 7f
5f 0f 7f 64 f2 d6 6f b9 7f 3a 26 74 e2 7f 27 7f
37 7f 45 16 7f 73 7f 7f 29 55 7f 32 60 c5 c3 6d
48 5d 53 0e 66 ea 1a 7f 7e 23 4a 7f 6f 55 7f 4c
47 70 4d 7f 1e de d8 7d fa 7f 08 f3 61 05 6e 80
e0 01 6c 7f 51 03 09 00 6c 7f 21 78 7f 54 80 7f
6b 6d 73 21 3f f2 3f 48 de 4f 7f 42 26 46 50 7f
59 6f 4e 7f 4f d3 80 6c 39 7f 4d 59 7b 36 7f ea
9c 7f 38 7f 02 21 7f a6 7f 7f 37 62 1d 7f 7f 22
fd 33 7f 7f 56 ed 66 7f 51 7f 60 6d 1c 62 d4 bf
6b 7f 60 03 75 57 7f c7 9a 5c 7f 46 07 e3 7f 7f
50 32 5d 50 7f 51 20 c4 7f 4a 7f f2 d8 7f 7f 56
ff 7f 22 7f 7f ca 18 6c 23 7f 7f 20 7f 7f d3 7f
67 2d 7f 7f 39 62 68 01 7f 4a 28 73 e3 74 1c 7f
5a 7f 61 b9 7f 72 7f 7f 0d 4e 7f 50 60 a3 8b 7f
60 2a 6f 76 2e 08 04 76 74 21 4c 7f 3d 65 7f 60
7f 7f 3c 7f f4 8e 4a 79 0d 5c 59 12 5a c6 37 80
c5 0c 7f 7f 7f 0d 31 01 77 7f 44 6f 7a 5a 80 7f
6b 25 6c 1e f1 6e 78 2b 00 3f 6e 30 59 60 32 7f
6d 7f 38 7f 7e cf 88 6c 2c 7e 30 7d 5f 2b 7f 57
c3 7f 15 7f 5c da 6d a5 7f 7f 1b 65 00 7f 70 25
b3 31 64 7f 6f e1 4a 7f 60 57 60 6c c5 7f ee 67
30 7f 59 fe 76 62 7f ee c8 5e 7f 49 13 e4 39 7f
38 3a 47 44 7f 40 6e 80 7f 77 7f 00 bf 7f 7f 45
0d 7f 40 7f 7f 37 cc 6c 09 7f 7f 50 7f 7f d5 79
43 16 57 52 58 64 ef 00 7f 27 63 6b e0 7f 76 7e
60 7f 60 a3 7f 39 7f 7f e1 45 7f 7f 60 a2 c9 77
3f 1f 78 7f 62 f9 e6 2d 7f 61 2f 7f 48 59 7f f8
7f 7f 2d 7f 46 dd 5e 5a 14 4e 18 48 4b 39 18 d0
d3 f9 44 7f 7f 65 4e 02 65 7f 37 73 38 0b b6 7f
6b 5c 72 de 19 70 7f 22 06 3c 7f 74 56 05 28 7f
63 7f 53 7f 7f c1 ef 6c 5d 75 0e 7f 6b f7 7f 3a
bd 7f 2f 7f 7f 00 71 d4 7f 7f 65 60 7f 7f 6c 3c
a9 49 7f 7f 4e e9 17 6c 62 ce 5e 35 01 7f 14 7f
f2 72 60 fc 7f 6c 4d dd ac 57 7f 48 47 a7 46 7f
31 0f 0f 0e 7f 4c 6c e4 7f 74 7f 7f e6 7f 7f 4a
1b 7f f9 7f 77 cf 09 7f f5 7f 7f 52 7f 7f 21 7f
18 51 4a 29 7f 6c f9 6c 7f 09 78 6c 04 7d 7f 7f
68 6f 32 2d 7f 1e 7f 7f 66 4e 7f 7f 00 a2 d4 3a
65 2b 43 37 6f ee f5 f4 7f 7f 4d 7a 6c 69 7f f2
4f 7f 29 77 49 61 7f 2c bd 09 47 5b 7f 7f 21 44
d1 34 48 7a 2e 2b 4b 02 1a 7f 7f 6c 7f 32 90 7f
6b 7f 7f dd 59 7f 7f fc 18 2b 39 7f 60 33 76 7f
5e 67 4e 7f 2c eb 07 7f 46 70 51 61 f8 60 7f 6c
83 7f fb 7f 3a f2 6d 0f 7f 7f 7f 3d 7f 7f 77 6e
a3 6f 7f 7f 4a 0b 6d 7f 63 ef 7f 55 0a 7f 27 7f
1f 7f 32 de 7f 7f 7f 0c 0c 4d 7f 7f 60 93 53 7f
@02a000
00 00 00 00 f5 00 e0 24 04 00 00 00 00 00 00 ea
ef 4d 01 00 00 00 00 00 00 ff e3 c9 61 00 00 00
00 00 00 0d 10 12 72 00 00 00 00 00 18 12 12 a8
09 00 00 00 00 00 00 00 ef 06 61 00 00 00 00 00
00 1a 08 11 03 00 00 00 00 00 00 38 3f e1 20 00
00 00 00 00 06 0b 0f f0 0e 00 00 00 00 00 00 00
04 fe 10 00 00 00 00 00 00 fd 27 d7 13 00 00 00
00 00 00 2c 11 1a c9 00 00 00 00 00 f6 f1 26 bc
f6 66 d2 1a 0a eb 7f 65 fd 00 0b 5f 56 24 03 07
20 7f 69 00 0d 09 49 2d fc 00 7f 7f 7f 00 ce f9
04 59 ca 12 44 7a 0c f7 28 0e 16 1a ab 4d 89 ee
08 00 f3 fa 1e 05 13 42 0c 15 10 00 30 0b 32 35
fa 0f 57 03 17 00 6f f6 e2 fe 11 0b 46 52 60 ef
f6 4f 04 5c 94 16 e0 5d c3 00 0b 29 dc 0f 96 ee
30 05 33 00 fb f3 0d 60 be 4d 11 64 7f 00 0f ec
de ff dd d5 f3 3d 3c 00 e3 e4 f7 ea 81 0f f4 4d
17 d0 5e 10 17 12 fa 53 7f f7 b1 1e 45 0e 81 e8
35 16 21 14 d8 f2 f1 b8 b5 7f 6f 44 7f 12 7f 6f
66 fb 8c 0d 3f 3b b1 b4 b6 c3 12 4d c6 1c 80 58
36 81 64 e1 4c 37 73 7f 36 59 56 1c f5 46 72 7f
40 03 ff 6c 43 f9 03 69 7f 6c f0 7f 22 fe 7f 26
09 e9 fa 7f 90 22 5b e2 7f dd d0 05 bd 42 1c 1f
72 98 50 c0 5e 6d bb 2a f5 81 07 42 7f b3 ae 43
19 7f d9 42 7f 04 6b f8 fb 26 5e 25 85 f4 7f 36
a8 0f 7f d8 dc fe 7f 5f 7f 95 f5 24 77 13 81 60
54 7f 66 81 32 d3 a6 2f 87 b2 d2 4b 03 d8 5b 22
7f 00 81 61 24 7f 7f a9 7f 42 09 16 aa 1a 5c 31
25 ef 69 ac 5f 78 cf 62 94 42 7f 7f 7a 37 59 13
dc 7f 6e 17 6e 13 ce 23 eb 6b 35 7f 46 4f 7f bd
31 7c 3d e1 81 61 6c b1 7f 0b f4 f9 69 ed f2 04
16 24 11 a4 2d 40 7f 57 d6 b8 13 7f 7f f9 d6 74
20 7f af 21 7f 7f fb a9 b1 60 79 52 e0 4e 7f 26
fd 15 61 6c 95 f4 21 55 69 95 ee 7f 25 60 c2 40
d4 7f 7f bf 2f 2c 0a 6d 85 d5 7f 9e 36 99 4a 0f
7f 02 d9 7f 5e 61 57 bc 6f 2a 2f 5d 81 74 66 61
ec d3 c3 70 7f 7b a0 7f 99 5d 7f 1a 7f 16 f9 11
fd a5 55 5c 5f d4 1a 5c 0d fc 81 7f 6c 3d 7f fc
f5 7f 75 2c 81 25 ce 7f 7f 24 7f c3 61 f0 b7 18
71 f0 42 ce 6e 7f 1e 7f 81 f8 57 cf 5f 8e 92 dd
35 7f ab 29 7f fc be 9c a9 7f 6b fe cd 09 60 25
7f 7f 01 7f 9e 32 7f 26 54 98 c3 7f 29 44 81 7f
df 7f 7f 81 7f 7f 71 19 81 26 7f 6f 7f 0f b1 f3
06 3e a9 4c 6e 7f 7f 8e 66 c6 2e 7f 81 45 f6 7f
03 8a 74 55 7e 68 97 4b cb 7f 0e a3 4f 58 5b 5c
7f 71 64 20 01 1b 7a 60 75 19 0f 40 7f 60 7f 24
de 7f 40 6c 81 71 b5 7f 05 f4 7d 71 7f 2b 96 63
28 29 42 a8 6d 2d 7f 5d 81 5a 7f 1b 7f f6 ec 57
59 45 81 a9 5d 7f 48 b8 37 57 7f e7 86 57 a5 44
0f e0 40 6e cd 39 01 60 7f 21 e1 41 55 26 81 5d
08 2c 00 c0 7f 7f 6c 08 81 67 7f 4a 27 03 7f 3a
73 de ba 8b 2a 7e 80 da 3a f2 7f d8 81 7f 80 64
64 81 77 bc 7f 3f 39 7f 60 6d 44 11 02 58 54 4d
df 23 12 70 16 04 34 60 7f 6b fd 7f 3f 13 77 d8
18 54 06 7f 81 7f 79 1b 7f f8 7f 1a 3a 7f 41 61
6e c8 7f 26 12 71 b1 4a ca ff 7f 6d 7f 81 b8 4d
d6 6c 93 1c 25 76 7f 81 ab 37 7f 1a 81 d8 60 15
ca 0d 65 d5 07 4e 6c 7f 7f 95 b9 78 5e 60 81 53
4c 7f 61 81 7f f4 a5 7f c7 a9 29 4b ef e4 7f 6c
62 e1 8c 46 0f 6f 7f b3 7f 7f 7f cc b2 7f 7f 48
0b af 73 80 7f 7f de 7f a2 65 7f 7f 4a 3d 57 40
23 7f 52 21 6f aa 01 44 7f 60 22 4d 4e 60 7f b2
51 74 7d 7f 81 7f 7f 47 7f 03 7f 31 57 e0 81 60
1e 18 7f 81 32 2e 6c 7f a7 bd 7f 7f 7f e3 7f 7f
e1 7f 8d 14 6f 59 0c 81 a3 60 7f 6e 9f 6b 4a 29
@02c000
00 00 00 00 00 12 00 00 00 00 00 00 61 00 00 00
00 00 00 00 00 00 00 00 00 00 00 00 00 00 00 00
00 00 00 00 00 00 00 00 00 00 00 00 00 00 00 0d
00 00 00 00 00 00 f3 00 00 00 00 00 00 ec 00 00
00 00 00 00 f3 00 00 00 00 00 00 00 00 00 00 00
00 00 00 00 00 00 00 00 00 00 00 00 00 00 00 00
00 00 00 00 00 00 00 e6 00 00 00 00 00 00 04 00
00 00 00 00 00 1a 00 00 00 00 00 00 00 00 00 00
00 00 00 00 00 7a 00 00 00 00 00 00 10 00 00 00
00 00 e4 f3 00 00 00 00 00 fe fb 00 00 00 00 00
e6 1c 00 00 00 00 00 00 03 00 00 00 00 00 00 12
00 00 00 00 00 00 0c 00 00 00 00 00 00 52 00 00
00 00 00 00 e7 00 00 00 00 00 11 00 00 00 00 00
00 00 56 00 00 00 00 00 00 59 00 00 00 00 00 00
13 00 00 00 00 00 00 f7 00 00 00 00 00 00 30 00
00 00 00 00 00 3d 00 00 00 00 00 ea 0b 00 00 00
00 00 00 00 e6 3b 00 00 00 00 00 42 56 00 00 00
00 00 e4 26 00 00 00 00 00 05 5e 00 00 00 00 2c
3c ea 00 00 00 00 fc 5f e1 00 00 00 00 00 04 0d
00 00 00 00 00 fb 36 00 00 00 00 00 11 fe 00 00
00 00 00 f2 e3 00 00 00 00 00 f5 f9 00 00 00 00
ec 00 45 00 00 00 00 e6 32 fb 00 00 00 00 09 fb
73 00 00 00 00 00 ed e1 00 00 00 00 00 0f 72 00
00 00 00 00 eb 04 00 00 00 00 f7 e1 e3 00 00 00
00 00 61 07 e1 7f 00 00 00 00 1e 7f 7f 00 00 00
00 fe eb e4 00 00 00 00 e1 e1 2d 00 00 00 00 e8
6b e2 00 00 00 00 03 1e e1 00 00 00 ed 00 66 61
00 00 00 e2 f5 e6 e1 00 00 00 fd f7 f3 4f 00 00
00 00 ea 1f f3 00 00 00 00 01 7f e2 00 00 00 00
7f f8 77 00 00 00 00 7f e1 00 00 00 00 f2 08 ec
e7 00 00 00 08 00 7f e1 00 00 00 f3 f7 42 16 00
00 00 13 f1 e9 7f 00 00 00 00 0a e2 f7 00 00 00
00 ff 7f e1 e1 61 00 00 f2 00 4c 62 7f 00 00 11
6f 6c e4 fc 00 00 0e e9 1c 24 6e 00 00 00 eb 42
fb e1 00 00 00 f1 e1 24 e5 00 00 00 7f 12 7f 7f
00 00 18 f2 64 e1 e1 00 00 1a f0 69 35 3d 00 00
0f 00 e4 04 e4 00 00 e9 0f e1 7f e1 00 00 00 1a
fb e1 25 00 00 00 fc 44 e2 02 00 00 00 e3 36 e2
e2 00 00 00 57 fa f1 e1 00 00 06 5d 30 f2 71 00
00 03 7f 43 e3 fc 00 00 26 66 17 e2 f2 00 00 00
00 00 7f eb e9 7f 00 00 77 e1 5f 7f 0e 00 00 03
03 6b e1 24 00 0b e5 fb f5 f3 6d 00 e9 00 19 21
e4 e2 00 e4 e8 12 e1 7f e1 00 00 e8 6f e9 7f 4c
00 00 e2 58 69 e1 e6 00 00 0f e4 23 e1 60 00 00
ec eb 69 18 e4 00 00 64 e2 e1 7f e3 00 f4 0a 10
7f e1 29 00 01 09 e3 4b e3 3e 00 00 16 ed 25 70
e1 00 00 35 ff 13 0d e4 00 00 e1 ed 0c f3 28 00
00 e3 7f 74 e2 7f 00 00 f6 e7 ea e2 e5 00 f3 00
49 7f 03 f4 e2 7e 00 1a 7f f3 7f 4b 44 00 fb 6c
e7 fc e1 e9 00 16 7f 07 e3 29 12 00 f3 e3 20 29
48 e6 f7 4d 5e fe e1 7f e1 4d 0d 48 e8 e1 06 e1
e1 0e e5 31 e5 e1 60 00 32 03 e1 5c 0f 13 00 e2
5b 0b 61 63 e1 00 e4 42 e9 e1 5d e1 00 0f f0 e9
21 e1 55 16 69 f5 e1 e1 4f eb 10 f8 12 ee f1 55
39 06 e7 7f 6e e8 75 e1 20 4f e1 e3 e1 2b 6e 00
0d 7f 7f eb e1 76 00 f0 7f 0f e1 ea ec 00 20 14
f4 e3 36 0d e4 6f 28 4d e2 e8 7e 7f 7f f7 40 17
1a 19 e4 e3 04 22 7f 3d e1 e6 32 60 fa fa 35 e2
7f e2 e1 36 7f f6 e2 41 e1 7f e9 e7 7f 0f 73 46
f6 e5 e2 61 74 e4 e2 00 72 7f e2 60 fd 60 f7 e1
6c 24 7f 61 e1 f5 f7 7f e1 e4 25 e1 f8 f6 58 6c
7f 21 5e fa 21 e8 e1 6f e1 ec 44 e3 09 e1 03 e4
eb 15 0b 13 55 1b 7f e3 60 f0 e1 7f e1 7f 1e 00
e4 48 5f 57 e1 59 1d 25 7f 15 e1 e2 e3 24 35 e1
@02e000
00 00 00 00 f5 00 e0 24 11 00 00 00 00 00 00 df
ef 4d 01 00 00 00 00 00 00 ff e3 c9 61 04 00 00
00 00 00 0d 10 12 72 61 00 00 00 00 18 12 12 a8
09 00 00 00 00 f5 00 00 ef 06 61 00 00 00 00 00
00 1a 08 11 03 00 00 00 00 00 1a 38 3f e1 20 00
00 00 00 00 06 0b 0f f0 0e 00 00 00 00 00 00 00
04 fe 01 00 00 00 00 00 00 fd 27 d7 13 00 00 00
1a 00 00 2c 11 1a c9 00 00 00 f2 00 f6 f1 26 bc
f6 61 d2 08 0a eb 7f 65 0f 00 0b 5f 56 24 03 f6
20 72 69 00 0d 09 2b 2d fc 00 7f 7f 7f 30 ce f9
04 59 ca 12 44 7a 0c 07 28 fb 16 1a ab 4d a5 ee
08 00 f3 fa 1e 11 13 42 0c 15 10 00 30 0b 32 35
fa 0f 57 f5 17 00 6f f6 e2 fe 4e 0b 36 52 60 ef
f6 4f 04 5c 89 16 de 5d c3 00 0b 2c dc 0f 96 ee
30 05 7f 00 fb f3 0d 60 be 7f 11 64 7f 00 0f ec
e7 ff dd d5 f3 3d 3c 0b e3 e4 d8 ea 81 0f f4 4d
17 2e 5e 4c 17 0e fa 53 7f f7 ac 1e 45 0e 81 d5
35 21 21 05 d8 f2 f6 b8 b0 7f 6f 44 7f 7f 7f 60
66 f3 8c 0d 3f 3b b1 0a b6 b0 12 4d c6 1c 80 58
7f 81 64 e1 4c 6d 73 7f 36 59 56 1c ef 46 72 7f
2e 03 ff 4d 43 eb 03 69 7f 6c f4 7f 0e fe 7f 14
09 e9 fa 7f b6 22 60 e2 7f dd d0 f1 bd 46 1c 1f
72 98 4e c0 53 6d bb 2a f5 c6 07 29 7f bc ae 43
38 7f e8 42 7f 04 6b e5 fb 26 43 25 c7 f4 7f 36
a8 3c 7f 43 dc 01 7f 72 7f 95 e3 24 7f 13 81 55
54 60 66 00 32 d3 a6 2f 80 b2 d2 4b f8 ee 5b 12
7f 0a 81 61 2b 7f 7f 28 7f 33 09 02 aa 1a 49 31
43 ef 69 ac 7d 64 cf 57 94 58 7f 7f 67 37 61 13
5b 7f 63 30 6e 7f ce 1b eb 7e 7f 7f 33 4f 7f a9
31 7f 3d e1 80 61 58 b1 6e 0b f4 e5 69 53 f2 fb
16 27 60 a4 4c 40 7e 57 d6 2f 13 7f 7f 01 d6 7c
3f 7f f1 21 73 7f fb a1 b1 7f 5a 52 5f 4e 7d 26
ed 7f 61 67 95 e0 21 36 7f ad da 7f 06 60 c2 2d
c4 60 7f ba 2f 28 08 6d 80 d5 7a 9e 7f 0a 4d fc
7f 19 d9 7f 4a 61 57 3b 7f 17 2f 79 81 65 52 61
10 d3 d5 70 7f 67 ba 7f 99 79 7f 29 6b 16 18 11
41 a5 42 7a 5f c8 1a 7f 0d 7b 80 7f 59 3d 7e e8
f5 7f 75 7f 80 33 f2 7f 7f 24 73 b1 61 6f b7 7c
71 00 7f dd 72 7f 3d 7f 9b 1d 57 ed 5f c4 92 34
54 7f a0 29 7f fc 24 91 a9 7f 4d f3 2f 09 7f 25
7a 7f 01 6c 8b 1e 7f 07 7f 85 af 7f 14 44 80 6c
43 60 75 00 7f 6c 56 2f f1 26 7f 6f 71 37 9e e0
06 2e a9 4c 5f 7f 6b 9c 69 b2 25 76 81 5e e3 7f
7f 8a 64 55 60 56 a6 37 cb 60 0e 90 3c 62 7a 5d
7f 71 56 3f 36 28 7a 6c 75 7f 7f 37 6c 6d 7f 14
de 7f 40 6f a5 5f aa 7f 26 f4 7f 5d 7f 7f 96 7f
28 45 7f 99 7f 2d 7f 5d 91 7f 7f 38 7f 1b ec 56
75 31 80 a9 7f 7f 37 a6 37 7f 60 5e 05 57 10 44
16 f2 5d 7f 1a 25 4e 78 6b 0f cd 73 37 26 8c 49
4a 0e 0f e1 7f 6b 7f 1a d6 56 6e 36 14 71 7f 26
7f ca ba d4 20 7e 80 1e 7f de 6f c5 81 7f 80 46
7f 8e 63 a8 66 7f 3c 7f 4d 4f 44 01 ee 4b 73 7f
cb 33 04 55 7f 79 7f 4c 7f 7f 73 7f 2f ff 7f c5
32 7f 06 6e 80 7f 7f 28 7f f0 7d 06 1d 7f 4f 4f
6e e7 7f 7f 75 5e d0 4a ba 54 76 50 78 80 be 7f
f5 58 be 29 16 76 7f 80 bf 3a 60 7f cc d3 5c 15
07 3f 6b 54 3d 3b 7f 60 7f 82 a6 7f 40 58 a5 3f
7f 69 58 00 7a e0 b9 7f b4 b4 44 2d 6e 02 7f 58
4c cd b0 3c 1c 58 6e 32 7f 6c 6a b8 12 7f 6c 29
4c 9f 7f 80 61 6c 5d 7c 8e 46 76 6b 36 7f 42 61
7f 7f 3e 36 7f 29 f4 30 7f 7f 7b 7f 3b 46 6c 9f
7f 7f 7f 7f 80 7f 6d 4d 6c ef 76 1d 70 53 80 7f
1e 36 7f ed 7f 26 7f 78 13 1b 6e 7f 6c e6 7f 7f
fe 6b 0c 01 7f 46 21 80 8f 7f 60 5b 1e 7f 63 25
@030000
00 00 00 00 00 00 00 00 00 00 00 00 00 00 00 00
00 38 00 00 00 00 00 00 04 00 00 00 00 00 00 ee
00 00 00 00 00 00 00 00 00 00 00 00 00 00 00 00
00 00 00 00 00 00 00 00 00 00 00 00 00 00 00 00
00 00 00 00 00 00 00 00 00 2c 00 00 00 00 00 00
11 00 00 00 00 00 00 04 00 00 00 00 00 00 00 00
00 00 00 00 00 00 00 00 00 00 00 00 00 00 00 00
00 00 00 00 00 00 00 00 00 00 ec 00 00 00 00 00
00 00 00 59 00 00 00 00 00 00 13 00 00 00 00 00
00 0b 00 00 00 00 00 00 30 00 00 00 00 00 00 e5
00 00 00 00 00 00 0b 00 00 00 00 00 00 fa 00 00
00 00 00 00 1e 00 00 00 00 00 00 fe 00 00 00 00
00 00 6a 00 00 00 00 00 00 e8 00 00 00 00 00 00
0f 00 00 00 00 00 00 30 00 00 00 00 00 00 f5 00
00 00 00 00 00 0a 00 00 00 00 00 00 ea 00 00 00
00 00 00 ff 00 00 00 00 00 00 7f 00 00 00 00 00
00 00 00 f5 00 00 00 00 00 00 73 00 00 00 00 00
00 7f 00 00 00 00 00 00 72 00 00 00 00 00 00 fc
00 00 00 00 00 00 e2 00 00 00 00 00 00 60 00 00
00 00 00 00 4c 00 00 00 00 00 00 6c 00 00 00 00
00 00 ed 00 00 00 00 00 00 42 00 00 00 00 00 00
7f 00 00 00 00 00 00 7f 00 00 00 00 00 00 64 00
00 00 00 00 00 e1 00 00 00 00 00 00 e4 00 00 00
00 00 00 7f 00 00 00 00 00 00 fb 00 00 00 00 00
00 00 00 0a 00 00 00 00 00 00 e7 00 00 00 00 00
00 7f 00 00 00 00 00 00 16 00 00 00 00 00 00 e1
00 00 00 00 00 24 ed 00 00 00 00 00 61 12 00 00
00 00 00 00 7d 00 00 00 00 00 00 7e 00 00 00 00
00 00 0e 00 00 00 00 00 1a 21 00 00 00 00 00 00
7f 00 00 00 00 00 1d f2 00 00 00 00 00 e2 69 00
00 00 00 00 03 ee 00 00 00 00 00 00 69 00 00 00
00 00 00 7f 00 00 00 00 00 00 7f 00 00 00 00 00
00 00 e7 19 00 00 00 00 00 fb e4 00 00 00 00 00
1e 7f 00 00 00 00 00 0f 71 00 00 00 00 00 eb 04
00 00 00 00 00 65 ea 00 00 00 00 00 7f fc 00 00
00 00 00 00 7f 00 00 00 00 00 6f 7b 00 00 00 00
00 2c 49 00 00 00 00 00 ef 29 00 00 00 00 00 f1
7f 00 00 00 00 00 e1 0a 00 00 00 00 00 f2 e8 00
00 00 00 00 17 e1 00 00 00 00 00 00 61 00 00 00
00 00 0f 7f 00 00 00 00 00 f9 21 00 00 00 00 00
00 00 7f 2e 00 00 00 00 00 ec e2 00 00 00 00 00
e1 37 00 00 00 00 00 46 28 00 00 00 00 00 ef e1
00 00 00 00 00 53 e3 00 00 00 00 00 7f ec 00 00
00 00 00 7f 60 00 00 00 00 00 03 7f 00 00 00 00
00 f4 6a 00 00 00 00 00 38 e2 00 00 00 00 00 0e
7f 00 00 00 00 00 e1 37 00 00 00 00 00 58 64 00
00 00 00 00 43 e1 00 00 00 00 00 eb 7f 00 00 00
00 00 e2 31 00 00 00 00 00 e3 7f 00 00 00 00 00
00 37 5b e6 00 00 00 00 09 e2 3c 00 00 00 00 00
15 7f 00 00 00 00 00 53 6e 00 00 00 00 00 f4 e1
00 00 00 00 0b 72 e7 00 00 00 00 ff f9 26 00 00
00 00 12 11 66 00 00 00 00 11 e7 7f 00 00 00 00
0e ee e3 00 00 00 00 00 3f 29 00 00 00 00 00 01
6b 00 00 00 00 00 2e 71 00 00 00 00 18 31 63 00
00 00 00 1a 6e e3 00 00 00 00 f4 0b 1d 00 00 00
00 e9 e9 58 00 00 00 00 00 e4 4e 00 00 00 00 00
00 e1 4d e7 00 00 00 00 08 70 5d 00 00 00 00 00
f5 7f 00 00 00 00 0b 6f 1e 00 00 00 00 f1 e2 e4
00 00 00 00 f7 36 e2 00 00 00 00 00 7f 58 00 00
00 00 e2 2d 61 00 00 00 00 f7 1a 7f 00 00 00 00
e5 e3 7f 00 00 00 00 00 54 01 00 00 00 00 e8 ec
7f 00 00 00 00 2d e1 02 00 00 00 00 e2 61 7f 00
00 00 00 0f 5f e7 00 00 00 00 22 24 70 00 00 00
00 64 e1 6b 00 00 00 00 f7 e1 7f 00 00 00 00 09
@032000
00 00 f2 00 f5 00 e0 24 11 00 00 00 00 00 00 df
1b 4d 01 00 00 00 00 00 00 ff e3 c9 61 04 00 00
00 00 00 0d 10 12 72 61 e6 00 00 00 18 12 12 a8
09 00 00 00 00 f5 00 00 ef 06 61 00 00 11 00 00
00 1a 08 11 03 00 00 00 00 00 1a 4c 3f e1 20 00
00 00 00 00 06 07 0f f0 0e 00 00 00 00 00 00 00
04 fe 01 00 00 00 00 00 00 fd 2b d7 13 00 00 00
1a 00 00 2c 11 1a c9 00 00 00 f2 00 f6 f1 26 bc
f6 61 c0 08 0a eb 7f 65 0f 1e 0b 5f 56 24 03 f6
0f 72 69 00 0d 09 2b 24 fc 00 7f 7f 7f 30 cf f9
04 59 ca 12 44 7a 0c 07 1f fb 16 1a ab 4d a5 f9
08 00 f3 fa 1e 11 11 42 0c 15 10 00 30 1a 32 35
fa 0f 57 f5 21 00 6f f6 e2 fe 4e ec 36 52 7f ef
f6 4f 04 5c 89 fd de 5d c3 00 0b 2c d7 0f 96 ee
30 05 7f 6a fb f3 0d 60 be 7f 41 64 7f 00 0f ec
e7 ef dd d5 f3 3d 3c 0b e3 e4 d8 fd 81 0f f4 4d
17 2e 5a 4c 17 0e fa 53 7f 43 ac 1e 45 0e 81 d5
77 21 21 05 d8 f2 f6 1c b0 7f 6f 44 7f 7f 60 60
66 f3 8c 0d 3f 3b b1 0a 97 b0 12 4d c6 1c 80 45
7f 81 64 e1 4c 6d 7f 7f 36 59 56 1c ef 7f 72 7f
2e 03 ff 4d 2f eb 03 69 7f 6c f4 7f 0e fe 76 14
09 e9 fa 7f b6 03 60 e2 7f dd d0 f1 1d 46 1c 1f
72 98 4e b2 53 6d bb 2a f5 c6 7f 29 7f bc ae 43
38 6c e8 42 7f 04 6b e5 fb 26 43 7f c7 f4 7f 36
a8 3c 6b 43 00 01 7f 72 7f 12 e3 24 7f 13 81 55
75 60 66 00 32 d3 a6 7f 80 af d2 4b f8 ee 3c 12
7f 0a 81 61 2b 7f 7f 28 60 33 09 02 aa 1a 49 23
43 50 69 ac 7d 64 4d 57 94 58 7f 7f 67 7f 61 30
5b 7f 63 30 60 7f ce 1b eb 7e 7f 60 33 4f 7f a9
31 7f 3d e1 80 51 58 b1 6e 0b f4 e5 7b 53 f2 fb
16 27 60 b2 4c 5a 7e 57 d6 2f 08 7f 6c 01 d6 7c
3f 7f f1 21 73 7f fb a1 b1 7f 5a 41 5f 4e 7d 26
ed 7f 65 67 fa e0 21 36 7f 2c da 7f 06 60 c2 2d
ed 60 73 ba 2f 28 08 5c 80 c5 7a 9e 7f 0a 2e fc
79 19 d9 7f 4a 61 57 3b 60 17 3e 79 81 65 52 51
10 52 d5 70 7f 67 35 7f c5 79 7f 29 6b 7f 18 fd
41 a5 42 7a 4b c8 1a 7f 0d 7b 80 6a 59 3d 7f e8
fa 7f 75 7f 80 14 f2 70 7f 24 73 b1 5d 6f b7 7c
71 00 7f 26 72 72 3d 7f 9b 1d 61 ed 54 c4 92 34
54 7f a0 1d 7f fc 24 91 a9 7f 4d e0 2f f6 7f 25
7a 7f ed 6c de 1e 7f 07 7f e5 af 7f 14 44 80 6c
30 60 7f 00 7f 6c 56 7f f1 0a 7f 6f 71 37 85 e0
f3 2e a9 2d 5f 7f 6b 9c 4f b2 6b 76 81 5e e3 6c
7f 09 64 55 60 56 25 37 c1 60 0e 90 3c 7f 7a 49
7f 71 56 3f 22 28 7f 6c 75 7f 7f 18 6c 6d 7f 14
f2 7f 40 6f a5 48 aa 72 26 f4 7f 5d 70 7f 15 7f
28 45 7f 03 7f 65 7f 5d 91 7f 7f 38 7f 1b ec 56
75 7f 80 c7 7f 7f 37 a6 37 7f 60 4b 05 76 10 44
16 f2 49 7f 7f 25 4d 78 6b 75 cd 62 37 34 8c 49
73 0e 10 e1 7f 6b 7f 7d d6 37 6e 2c 14 71 61 26
6c ca ba b6 20 7f 80 1e 60 de 7f c5 81 7f 80 35
7f 88 63 ba 66 7f 7f 7f 3f 4f 44 01 ee 7f 73 7f
cb 22 04 55 6c 79 76 4c 6f 7f 73 62 2f ff 6d c5
50 7f 06 6e 80 60 7f 1e 7f fb 7d 06 43 7f 60 4f
7f e7 7f 6c 75 7f d0 4a ba 54 7f 50 7f 80 ac 7f
f5 75 be 40 16 76 7f 80 a5 3a 60 7f cc c4 5c 15
07 3f 58 54 73 3b 7f 60 7f e3 a6 7f 40 46 a5 3f
7f 69 49 00 62 e0 b9 7f b4 96 44 4f 6e 02 60 58
38 cd b9 1f 1c 60 6e 32 60 6c 7f b8 06 7f 6c 16
4c 1e 7f 80 61 6c 7f 7c 80 46 76 6b 36 7f 42 4d
7f 7f 3e 36 6e 29 de 30 7f 7f 7b 60 3b 46 5b 9f
60 7f 7f 7f 80 6c 6d 3a 6c e7 76 1d 7f 53 ad 7f
16 36 7f 6c 7f 7a 7f 67 13 1b 70 7f 7f e6 73 7f
fe 7f 0c 20 7f 3e 21 80 ae 7f 60 7f 1e 7f 63 30
@034000
00 04 00 00 00 00 00 00 00 00 00 00 00 00 00 00
00 00 00 00 00 00 00 00 00 00 00 00 00 00 00 00
00 00 00 00 ec 00 00 00 00 00 00 e6 00 00 00 00
00 00 09 00 00 00 00 00 00 00 00 00 00 00 00 00
00 00 00 00 00 00 00 00 00 00 00 00 00 00 f7 00
00 00 00 00 00 ff 00 00 00 00 00 00 12 00 00 00
00 00 00 f3 00 00 00 00 00 00 0e 00 00 00 00 00
00 00 00 00 00 00 00 00 f5 00 00 00 00 00 00 00
00 30 00 00 00 00 00 00 f5 00 00 00 00 00 00 f7
00 00 00 00 00 00 e9 00 00 00 00 00 00 11 00 00
00 00 00 00 7f 00 00 00 00 00 00 7f 00 00 00 00
00 00 08 00 00 00 00 00 00 00 00 00 00 00 00 00
f7 00 00 00 00 00 00 f1 00 00 00 00 00 00 0a 00
00 00 00 00 00 00 00 00 00 00 00 00 e2 00 00 00
00 00 00 0b 00 00 00 00 00 00 e5 00 00 00 00 00
00 00 00 00 00 00 00 00 e4 00 00 00 00 00 00 24
00 7f 00 00 00 00 00 00 64 00 00 00 00 00 00 69
00 00 00 00 00 00 1d 00 00 00 00 00 00 e1 00 00
00 00 00 00 fb 00 00 00 00 00 00 44 00 00 00 00
00 00 7f 00 00 00 00 00 00 f1 00 00 00 00 00 00
30 00 00 00 00 00 00 43 00 00 00 00 00 00 17 00
00 00 00 00 00 7f 00 00 00 00 00 00 e1 00 00 00
00 00 00 e3 00 00 00 00 00 00 7f 00 00 00 00 00
00 e4 00 00 00 00 00 00 5a 00 00 00 00 00 00 1c
00 f2 00 00 00 00 00 00 69 00 00 00 00 00 00 1b
00 00 00 00 00 00 7b 00 00 00 00 00 00 e1 00 00
00 00 00 00 7f 00 00 00 00 00 00 4b 00 00 00 00
00 00 43 00 00 00 00 00 00 7f 00 00 00 00 00 00
0c 00 00 00 00 00 00 7c 00 00 00 00 00 00 00 00
00 00 00 00 00 e3 00 00 00 00 00 00 49 00 00 00
00 00 00 e7 00 00 00 00 00 00 6e 00 00 00 00 00
00 01 00 00 00 00 00 00 6b 00 00 00 00 00 00 7f
00 0a 00 00 00 00 00 00 e8 00 00 00 00 00 00 7f
00 00 00 00 00 00 5d 00 00 00 00 00 00 e1 00 00
00 00 00 00 21 00 00 00 00 00 00 e1 00 00 00 00
00 00 10 00 00 00 00 00 00 e6 00 00 00 00 00 00
e1 00 00 00 00 00 00 34 00 00 00 00 00 00 fb 00
00 00 00 00 00 e5 00 00 00 00 00 00 52 00 00 00
00 00 00 e1 00 00 00 00 00 00 7f 00 00 00 00 00
00 e5 00 00 00 00 00 00 65 00 00 00 00 00 00 5c
00 37 00 00 00 00 00 00 64 00 00 00 00 00 00 6c
00 00 00 00 00 00 70 00 00 00 00 00 00 e1 00 00
00 00 00 00 7f 00 00 00 00 00 00 6f 00 00 00 00
00 00 7f 00 00 00 00 00 00 28 00 00 00 00 00 00
e1 00 00 00 00 00 00 56 00 00 00 00 00 00 eb 00
00 00 00 00 00 0a 00 00 00 00 00 00 ed 00 00 00
00 00 00 e4 00 00 00 00 00 00 26 00 00 00 00 00
00 1b 00 00 00 00 00 00 f2 00 00 00 00 00 00 7f
00 71 00 00 00 00 00 00 63 00 00 00 00 00 00 4c
00 00 00 00 00 00 43 00 00 00 00 00 00 e1 00 00
00 00 00 00 4d 00 00 00 00 00 00 2c 00 00 00 00
00 00 7f 00 00 00 00 00 00 79 00 00 00 00 00 00
e1 00 00 00 00 00 00 7f 00 00 00 00 00 00 7f 00
00 00 00 00 00 37 00 00 00 00 00 00 e1 00 00 00
00 00 00 e2 00 00 00 00 00 00 7f 00 00 00 00 00
00 e1 00 00 00 00 00 00 49 00 00 00 00 00 00 7d
00 02 00 00 00 00 00 00 7f 00 00 00 00 00 00 30
00 00 00 00 00 00 7f 00 00 00 00 00 00 e1 00 00
00 00 00 00 7f 00 00 00 00 00 00 4f 00 00 00 00
00 00 4c 00 00 00 00 00 00 29 00 00 00 00 00 00
e1 00 00 00 00 00 00 7f 00 00 00 00 00 00 73 00
00 00 00 00 00 e1 00 00 00 00 00 00 6c 00 00 00
00 00 00 e6 00 00 00 00 00 00 6c 00 00 00 00 00
00 ee 00 00 00 00 00 00 58 00 00 00 00 00 00 7f
@036000
00 00 f2 14 f5 00 e0 24 11 00 00 00 00 00 00 df
1b 45 01 00 00 00 00 00 f5 ff e3 c9 61 04 00 f7
00 00 04 0d 10 12 72 61 e6 00 00 00 18 12 12 a8
23 00 00 00 00 f5 00 00 ef 06 61 00 00 11 ff 00
00 1a 08 11 03 0e 00 00 00 00 1a 4c 3f e1 20 00
00 00 00 00 06 07 0f f0 0e 00 00 00 00 f8 00 00
04 fe 01 00 00 00 00 00 00 fd 2b e9 13 00 00 00
1a 00 00 2c 11 1a c9 00 00 00 f2 00 f6 f1 26 bc
f6 61 c0 e9 0a eb 7f 65 0f 1e 0b 5f 56 24 03 f6
0f 7c 69 00 0d 09 2b 24 07 00 7f 7f 7f 30 cf e6
04 59 fa 12 44 7a 0c 07 1f eb 16 1a ab 4d a5 f9
e9 00 f3 fa 1e 11 11 3a 0c 15 10 00 30 1a 32 35
fa 0f 57 f5 21 ee 6f f6 e2 fe 4e ec 5a 52 7f e6
f6 4f 04 5c 89 fd ef 5d c3 00 0b 2c d7 08 96 ee
30 05 7f 6a ef f3 0d 60 be 7f 41 51 7f 00 0f ec
e7 ef dd d5 f3 3d 3c 0b e3 e4 d8 fd 80 0f f4 4d
17 2e 5a 51 17 0e fa 53 7f 43 a0 1e 45 0e 81 d5
77 38 21 05 d8 f2 f6 1c 9d 7f 6f 44 7f 7f 60 7f
66 f3 0b 0d 3f 3b b1 0a 97 cd 12 4d c6 1c 80 45
63 81 64 e1 4c 6d 7f 7f 36 59 56 1c ef 7f 7f 7f
2e 03 ff 4d 2f 6a 03 69 7f 6c f4 7f 2a fe 76 78
09 e9 fa 7f b6 03 4c e2 7f dd d0 f1 1d 27 1c 1f
72 98 4e b2 7f 6d bb 2a f5 c6 7f 15 7f bc ae 43
38 6c d5 42 7f 04 6b e5 fb 26 43 7f 30 f4 7f 36
a8 3c 6b 24 00 01 7f 72 7f 12 62 24 7f 13 81 55
75 60 66 00 32 d3 a6 7f 80 af d2 4b f8 ee 3c 7d
7f 0a 80 61 2b 7f 7f 28 60 7f 09 02 aa 1a 49 23
26 50 69 ac 7d 64 4d 63 94 58 7f 7f 67 7f 4e 30
5b 7f 63 30 60 7f ce 1b eb 7e 7f 60 7f 4f 7f 12
31 7f 3d e1 80 51 44 b1 6e 0b f4 e5 7b 37 f2 fb
16 27 60 b2 7f 5a 7e 57 d6 2f 08 7f 6c 01 d6 7c
3f 7f f2 21 73 7f fb a1 b1 7f 5a 41 7a 4e 7d 26
ed 7f 65 52 fa e0 21 36 7f 2c c8 7f 06 60 c2 2d
ed 5b 73 ba 2f 28 08 5c 80 c5 7a 9e 7f 0a 2e 61
79 19 e3 7f 4a 61 57 3b 60 74 3e 79 81 65 52 51
2f 52 d5 70 7f 67 35 6b c5 79 7f 29 6b 7f 06 fd
41 a5 42 7a 4b 47 1a 7f 0d 7b 80 6a 7f 3d 7f d7
fa 7f 75 7f 80 14 de 70 7f 24 73 b1 5d 62 b7 7c
71 00 7f 26 7f 72 3d 7f 9b 1d 61 3f 54 c4 92 34
54 7f 8e 1d 7f fc 24 91 a9 7f 4d e0 7f f6 7f 25
7a 7f ed 4d de 1e 7f 07 7f e5 d7 7f 14 44 80 6c
30 51 7f 00 7f 6c 56 7f de 0a 7f 6f 71 37 85 d5
f3 2e e0 2d 5f 7f 6b 9c 4f 22 6b 76 81 5e e3 6c
60 09 64 55 60 56 25 23 c1 60 0e 90 3c 7f 7f 49
7f 71 56 3f 22 4e 7f 6c 75 7f 7f 18 7f 6d 7f 78
f2 7f 40 6f a5 48 96 72 26 f4 7f 5d 70 60 15 7f
28 45 7f 03 7f 65 7f 5d 91 7f 7f 2a 7f 1b ec 56
75 7f 9b c7 7f 7f 37 a6 37 7f 60 4b 71 76 10 44
16 f2 49 62 7f 25 4d 78 6b 75 46 62 37 34 8c 49
73 7f 10 e1 7f 6b 7f 7d c3 37 6e 2c 14 71 61 6f
6c ca 2b b6 20 7f 80 1e 60 21 7f c5 81 7f 80 35
67 88 63 ba 66 7f 7f 6b 3f 4f 44 01 ee 7f 7f 7f
cb 22 04 55 6c 7f 76 4c 6f 7f 73 62 7f ff 6d 28
50 7f 06 6e 80 60 6b 1e 7f fb 7d 06 43 60 60 4f
7f e7 7f 6c 7f 7f d0 4a ba 54 7f 3c 7f 80 ac 7f
f5 75 aa 40 16 76 7f 80 a5 3a 60 7f 18 c4 5c 15
07 3f 58 35 73 3b 7f 60 7f e3 cf 7f 40 46 a5 3f
7f 7f 49 00 62 e0 b9 7f a2 96 44 4f 6e 02 60 7f
38 cd bb 1f 1c 60 6e 32 60 7f 7f b8 06 7f 6c 16
2f 1e 7f 80 61 6c 7f 68 80 46 76 6b 36 7f 2e 4d
7f 7f 3e 36 6e 7f de 30 7f 7f 7b 60 7f 46 5b 1e
60 7f 7f 7f 80 6c 59 3a 6c e7 76 1d 7f 36 ad 7f
16 36 7f 6c 7f 7a 7f 67 13 1b 70 7f 7f e6 73 7f
fe 7f fe 20 7f 3e 21 80 ae 7f 60 7f 4e 7f 63 30
@038000
61 ee f7 7f 00 00 00 00 00 3a 56 7f 00 00 00 00
3f 1a fb 51 00 00 00 00 00 60 7f ff 00 00 00 00
0a 4d 5a 01 00 00 00 00 00 24 e1 f2 00 00 00 00
18 fa 64 64 00 00 00 00 03 0a f6 4f 00 00 00 00
00 f2 4e e2 00 00 00 00 f3 0b 43 4e 00 00 00 00
00 f7 eb e8 00 00 00 00 10 07 12 1a 00 00 00 00
00 e6 ff 7f 00 00 00 00 06 5d e7 e6 00 00 00 00
f2 f1 e8 7f 00 00 00 00 f7 65 60 13 00 00 00 00
7f e8 e8 60 ee 1a e1 e3 7f 23 44 7f 00 f7 03 7e
7f e1 06 6c 0e 2c ed 27 7f 5d 7f 1a 1a e8 6b 7f
e1 44 49 3b 11 e2 e1 60 2f 7f e1 02 00 12 e3 e1
e1 6c 63 6c 11 00 7f 7f 4b e1 73 46 00 5c e3 0b
5d 7f 7f e1 00 51 e2 7f e1 e2 60 7f 00 17 fb 12
06 6c f3 ec f7 7f 60 f7 4a e1 7f 7f eb fb 7f 58
6b e3 04 7f 00 f1 e1 7f e1 72 7d e6 04 6a e4 2f
e2 56 e2 3e 00 03 7f 3c fb 07 e4 46 1b 00 f7 51
@03a000
00 f6 3b 00 00 00 1f 00 00 03 46 00 00 00 7f 00
00 00 ec 00 00 00 58 00 00 06 1a 00 00 00 3c 00
00 61 60 00 00 00 7e 00 00 00 1a 00 00 00 a0 00
00 18 6c 00 00 00 0b 00 00 f3 7f 00 00 00 f7 00
00 00 81 00 00 00 2f 00 00 f7 46 00 00 00 e3 00
00 c1 6c 00 00 00 81 00 00 00 02 00 00 00 7f 00
00 00 e1 00 00 00 12 00 00 10 81 00 00 00 7f 00
00 f2 3e 00 00 00 51 00 00 00 7f 00 00 00 d9 00
00 0a 3b 00 00 00 e1 00 00 03 46 00 00 00 7f 00
00 00 14 00 00 00 58 00 00 06 e6 00 00 00 3c 00
00 9f 60 00 00 00 82 00 00 00 1a 00 00 00 60 00
00 18 6c 00 00 00 0b 00 00 f3 81 00 00 00 f7 00
00 00 7f 00 00 00 2f 00 00 09 46 00 00 00 1d 00
00 3f 6c 00 00 00 7f 00 00 00 02 00 00 00 7f 00
00 00 1f 00 00 00 12 00 00 10 7f 00 00 00 7f 00
00 0e 3e 00 00 00 af 00 00 00 7f 00 00 00 27 00
@03c000
00 00 00 00 00 00 00 00 0b 00 00 00 00 00 00 00
00 c1 00 00 fe 00 00 00 00 00 00 00 00 00 00 00
d9 00 00 00 00 00 00 00 00 06 00 00 60 00 00 00
00 00 00 00 00 00 00 00 2f 00 00 00 00 00 00 00
